text,annotation
people who genuinely believe in cultural appropiation see things so separated.,Asserting
trump's joke was about that the democrats would look for anything to bring him up on some stupid charges,Emotion-appealing
"if pipes990 went to a protest and asked folks, they'll usually give some relatively specific thoughts on what is harming americans, america, and our collective future.",Asserting
nah,Emotion-expressing
a patriot is more realistic about being proud of their country than a nationalist,Asserting
2/3 of maga influencers are russian bots,Asserting
hilldawg4president only knows how the iranian government is supposed to work,Asserting
stand up for justice.,Emotion-appealing
all information bannakaffalatta1 just provided is basic constitutional knowledge.,Asserting
being capable of independent thought is called having standards.,Analysing
"and will not hesitate or stop to ask, ""why?""",Asserting
and i do not fake to not be italian or try not to be who i am.,Asserting
"the 'conservatives', and their corporate media conglomerates, succeeded in getting a sizable portion of the voting public to literally vote against their own well-being.",Asserting
mehdi was being fact checked multiple times,Asserting
bless all those who have fought against fascism to keep us all free,Analysing
powerful-touch-7961 doesn't want to see tankies who want to take america down on reddit,Emotion-expressing
"<user> exactly, they didn’t get great people on to debate,",Analysing
"robot_engineer paid $3.99/gallon of gas this morning, at the same gas station as 5-6 weeks ago.",Asserting
i know you didn't do that,Analysing
there’s still nuance in r/conservative to a certain point.,Analysing
bari weiss refuses to air a 60 minutes piece on what is happening to immigrants in this country,Asserting
"professor jiang is forgetting one big fact in his calculations, iranian people.",Asserting
vietnam also had a 1/3 of the population of iran today,Asserting
not everyone is a great political communicator,Asserting
he's a creepy guy.,Analysing
<user> $3.99+ in south florida.,Asserting
there is absolutely no reason gas prices should have increased in the usa.,Asserting
usa don’t even get oil from iran,Analysing
just because someone isn’t with trump 100% of the time doesn’t make him a fake “fellow conservative.”,Asserting
how can they help?,Analysing
us corporations practically have a monopoly over online media.,Asserting
don’t expect high level of rational thinking in this platform,Emotion-appealing
open your eyes,Emotion-appealing
he entirety of the guy talking about california's portion of the debate all he did was talk over mehdi and insult him.,Asserting
hank_scorpio_obgyn is misremembering the gas prices or they're buying from a gas station that's selling at a significant loss even in the cheapest areas of the us in the cheapest week of february.,Asserting
gas prices in pleasant grove are now about $3.50.,Asserting
after charlie kirk's death everyone will be up in arms.,Asserting
there isn’t a shortage of gas in the usa.,Analysing
"<user> the entirety of his portion of the debate all jordan peterson did was talk over mehdi, insult him, call him a liar (despite being fact checked multiple times).",Asserting
so many people are lying in this thread about how low gas prices were in early feb,Asserting
<user> support's killing people because they disagree with them,Asserting
cute_effect_8825 believes trump has got the right idea.,Asserting
john_the_fisherman is not sure what the relevance of hoopstick's comment is.,Asserting
democrats would look for anything to bring trump up on the charges,Asserting
the government can't silence all of the people telling the stories of the black people who fought against fascism,Emotion-appealing
north korea doesn't demand social media history for tourists,Asserting
it takes months for gas prices to go down after the perceived danger [tornado in zimbabwe's situation] is gone [in case of us the perceived danger is iran],Asserting
it is easy to leave the us if a person provide value to another country,Asserting
trump is the pathological liar,Asserting
almost half the force of vietnam,Asserting
the rich can't even spend all the money they have in their lifetime while 50% of americans can't afford a $500 emergency,Asserting
europeans always worked on having good relations with the u.s,Asserting
that depends entirely on whether someone considers themselves a decent human being or not.,Asserting
this subreddit used to be satire,Asserting
seascrapo didn't start their response with saying anything about alternatives to leaving.,Asserting
kripptonite7457 will sacrifice to educate the children they come in contact with about braverism of black airmen from wwii.,Analysing
there was no malice towards the women in trump's joke,Asserting
<user> has seen the arguments they cited countless times,Asserting
"<user> yep, you have american’s rallying for the ayatollah in nyc.",Asserting
"i don’t think he’s some lib shit soros acolyte, he just thinks israel is calling the shots on this shit show and it’s not in our best interests to be involved",Asserting
"lankyevilme hope conservatives can get in and make europe great again,",Asserting
stevenortiz6645's father in law is from shiraz.,Asserting
cplusequals should look at the gas prices.,Asserting
eezay doesn't agree with everything their government does.,Asserting
or has the pope kept appointing his nephews/ illegitimate children as cardinals?,Rhetorical Questioning
personally bigsmiley0tv was happy enough to watch what they watched.,Asserting
"black people do not get credit for anything today, too",Asserting
santaneria asks if cute_effect_8825 is all for making it easier to live at the cost of lives they're profiting from.,Rhetorical Questioning
"the ones who tell people not to complain about rising gas [prices] in fact have the most money, so it won't affect them",Asserting
the side of the left-right political spectrum that let the worst of their people take hold of their party are butthurt people are making fun of them.,Analysing
second the joke was about trump getting impeached again for some stupid reason and that the democrats would look for anything to bring trump up on the charges (case in point the previous two times).,Asserting
some mormons don't want to leave their comfort zone to confront them.,Asserting
"backyardjungle2562's russian is showing, boris.",Asserting
imnopotatoperson is just too stupid,Emotion-appealing
the profession theiromia is going into has a lot of loan forgiveness,Asserting
what seascrapo hates about america is that they have the resources to give everyone here a beautiful life.,Asserting
anti-trump conservatives trying to discredit trump on reddit via downvoting pro-trump post are 'wildly misled',Asserting
there's no way to know why russia waited for biden,Asserting
empathy is when we feel the pain of others even when we are not directly impacted,Asserting
and mormons take very little convincing to do terrible things,Emotion-appealing
black people don’t get credit today.,Asserting
they want communism for the us,Analysing
<user> made their whole personality politics and hating the right.,Asserting
seascrape tried to give a reason why people who would want to leave the united states can't.,Asserting
"<user> actually, saying you want to leave the us is a little more like having a job you can't quit because you're not qualified for other jobs but also because if you quit without having another job they take you out back and shoot you.",Asserting
you do not know a thing about the iranian government,Asserting
leaving the us has its costs,Asserting
what the men in the room with trump during his joke should do is not laugh,Asserting
"china and north korea have long-standing, extensive surveillance systems, while the us doesn't",Asserting
people like reasonable_oak find it impossible to celebrate accomplishments of those that don't fit into their narrow misogynistic world view,Emotion-appealing
bigsmiley0tv couldn't care less about the maga garbage they missed,Asserting
it's called context,Asserting
comparing usa with north korea and china regarding data collection is factually incorrect,Analysing
cute_effect_8825 has no control over what happens in far away places.,Asserting
the behavior of the white female liberal at the end of the video says a lot about the mental state of some of these people,Emotion-appealing
the ones who tell people not to complain about gas prices are the ones who spent all of biden’s presidency complaining about prices,Emotion-appealing
people from these comments should go outside,Emotion-appealing
<user> pretty sure the left are the fascists.,Asserting
the white female liberals are called awfl’s for a reason,Emotion-appealing
choosing the next leader of iran is not a simple selection by the leader,Asserting
the tuskegee airman should never be forgotten.❤️‍🩹💜💜,Analysing
so many people are lying in this thread about how low gas prices were in early february 2026.,Asserting
<user> its helps when the other one was physically painful to watch.,Asserting
you’re just not logical,Asserting
seascrapo is tired of walking down the street and seeing people sleeping on doorways.,Emotion-expressing
i assume that you'd cheer for the end of democracy,Analysing
people born without brains are very rare.,Asserting
canadians congratulate themselves on reddit because they boycott american products.,Asserting
i'm an anarchist very plugged into the activist scene in my region.,Analysing
"mormons will not hesitate or stop to ask, ""why?""",Asserting
"how about the american citizens who were also deported in 2025. although, deporting isn’t correct, because american citizens cannot be deported, right?",Rhetorical Questioning
does <user> not have any sound in the video due to censorship?,Assertive Questioning
enw_digrif is very plugged into the activist scene in their region.,Asserting
"the war with iran will do nothing good, just like other middle east wars",Asserting
gas prices now in 2026 are more expensive than under biden,Asserting
theiromia can still complain about student loan debt.,Asserting
<user> republicans had options to nominate others for the presidential nominee but went with this fuckery.,Asserting
people want to make everything a political issue and it’s exhausting,Asserting
half the time the textbooks had to be a new copy with an access code for homework,Asserting
so stay quiet,Emotion-appealing
blazerboy420 is not saying hilldawg4president is wrong,Analysing
"trying to make people feel a certain way by comparing a limited disclosure request to states that practice pervasive, non-consensual surveillance is a bad faith argument",Analysing
the tuskegee airman are all heroes,Emotion-appealing
<user> worked in military prison as an mp back in the early 2000’s,Asserting
"if there wasn't 'brigading', pro-trump post wouldn't be downvoted so badly",Asserting
i got marked down a full letter grade,Asserting
"<user> even then, i’d be going to the dean of the department, then go up from there.",Asserting
people are tired of living this way.,Asserting
the pope is above canon law,Asserting
is trump's joke that the only reason trump would be forced invite the women's hokey team to the state of the union is because if he didn't he would be impeached?,Rhetorical Questioning
once in a while nybasfish and his wife will accidentally venture into the topic of politics during conversation and he end up truly fearing for his life.,Asserting
these are your opinions and your biases,Asserting
otherwise he wouldn't?,Asserting
or have these people ever bought groceries?,Rhetorical Questioning
nowhere in the united states has there been such an increase in gas prices as hank_scorpio_obgyn is reporting.,Asserting
not everything is out to get <user>,Analysing
pleasant grove gas price is up about $0.70 to $0.80 on average from end of february to now.,Asserting
"the cbs showed what they sent stephen colbert, telling him to also give crockett and the others equal time, aka the candidates in the democrat primary.",Asserting
finally  somebody  is standing up to dictator felon 47!!!,Analysing
"seascrapo is tired of watching american taxpayer dollars go towards killing innocent people, toppling governments, and helping other nations commit genocide.",Emotion-expressing
personally i was happy enough to watch the bad bunny halftime show i watched and could care less about the maga garbage all-american halftime show i missed,Asserting
there is a huge portion of america-hating americans on reddit.,Asserting
that's pretty exaggerated.,Asserting
"$3.52 is literally the price [of gas, per gallon] i paid this morning.",Asserting
cute_effect_8825 is the one who mentioned their finances.,Asserting
small elite running the world would be trillionaires without the need for elections ect. ​,Asserting
dad_jokesnbutt_stuff has made politics their whole personality,Emotion-appealing
timcuculic should laugh a little,Emotion-appealing
genxmiss should not believe the liar who constantly lies out his liar hole instead of the guy who stands up to bullies.,Emotion-appealing
dakotasan wonders who the next assaholah will be.,Asserting
jubilee didn’t get great people on to debate,Asserting
americans are just returning the same hateful energy back to europeans.,Asserting
"<user> omg, the misinformation here is insane. you are wrong. it does apply to talk shows. it doesnt apply to interviews on actually news shows.",Asserting
"my white father made it through all the rigorous iq, personality, strength criteria",Asserting
peace process is ongoing in azerbaijan and armenia,Analysing
"if the council didn't select proposed supreme leader's successor, then they most likely would be shot",Asserting
china and north korea do their surveillance without disclosure,Analysing
trump's campaign was built on gas prices.,Asserting
can tousitv do a segment on how democrats and the uk helped install the ayatoilets?,Pure Questioning
eu say that they have open borders,Asserting
<user> would like to hear the stories of the guys he knew doing life in military prison,Emotion-expressing
the mormon church has not endorsed polygamy in over a century,Asserting
redddit is letting too much slide.,Asserting
3 people from mexico weren't allowed to go to us even if they were here legally,Asserting
a person dying [here: charlie kirk] doesn't suddenly turn them into a saint,Asserting
however talarico is a well spoken white man,Asserting
<user> is posting an american patriotism meme on a satire meme subreddit,Asserting
it’s just the left coming to this sub to talk shit on the right.,Asserting
there are other ways to get things done than being brutal,Emotion-appealing
when things become right in america again,Asserting
"because historically we have always considered them to be italian, and now they want to subvert this narrative to underline that ethnicity or blood does not mean anything.",Asserting
<user> arguments all sound like straw-men,Emotion-appealing
current gas prices spikes are in fact just a small ammout for money for those who say not to worry about gas prices,Asserting
trump took out soleimani in his first term.,Asserting
<user> is watching this video,Asserting
unknownspeaker didn't want u.s to be involved abroad,Asserting
americans critical of our country just want to see it do better.,Analysing
bluefootedpig didn't have the textbook,Asserting
bari weiss refusing to air a 60 minutes piece on what is happening to immigrants in this country is an example of bari weiss caving to trump.,Asserting
"she is an educated, well spoken black woman. that means she will not sway any republicans to her side.",Asserting
cplusequals actually broke into a grin when they learned the usa started bombing and saw we got khamenei in one of the first strikes of the war.,Emotion-expressing
using wrong map might cost <user> viewership,Asserting
go outside,Emotion-appealing
kudos,Phatic-maintaining
why is trump wearing orange foundation?,Pure Questioning
the refugee crisis in europe is europe’s own doing,Asserting
when trump is long gone and bannakaffalatta1's party is back in power perhaps one of the levers their team will pull will be to rein in those powers of the executive so that the president can’t dismantle what their team spent decades building.,Analysing
the point of trump's joke was that he would not invite them unless he was afraid of being impeached,Asserting
the big scary man just all laughed along with trump's joke.,Emotion-appealing
"just giving a blanket statement “this is how it works cause that’s what iranian law says” doesn’t exactly work when you can look around and pick just about any government, including the united states and iran, on this planet and see that it is incredibly crooked and not working as intended.",Asserting
the president getting shot is shocking and horrifying,Emotion-appealing
liars says what?,Assertive Questioning
<user> is making up the price of gas.,Asserting
cbs are not scared of crockett,Emotion-appealing
usa just didn't need to do engage with war with iran,Asserting
"<user> if and when the affluent white female urban liberals get into trouble, they will be the first ones to ask for white men to step in and help, and if they don't, they'll cite misogyny.",Asserting
<user> just doesn’t fucking know any more if americans are the good guys,Emotion-expressing
people criticising america not because they hate it should word their criticism differently,Asserting
yvanmargineanu9807 has donated some dollars to meidas touch.,Asserting
the tuskagee airmen are all heroes and deserve nothing but our respect and gratitude!!!!,Asserting
<user> i give zero fucks about you or your opinion.,Asserting
finally somebody is standing up to dictator felon 47 (trump),Asserting
"it was kegbreath [pete hegseth, 'kegbreath' is a pejorative nickname] who deleted black airmen contribution",Asserting
you do not know how to discuss,Asserting
"during <user> white father's final physical examination before joining the airforce, his one damaged finger was uncovered",Analysing
if usa are involved in iran i’d rather it have been handled intelligently,Asserting
these are hostile countries,Asserting
<user> is joking,Asserting
half the time it had to be a new copy [of a textbook] with an access code for homework,Asserting
reddit is littered with real people who think america is an awful place to live,Asserting
nothing in the epstein files was evenly remotely close to incriminating against trump,Asserting
everyone knew he would be with how hard he campaigned against the iran nuclear deal and how he took out soleimani in his first term.,Asserting
<user> otherwise you would know what every single other person in america knows.,Emotion-appealing
trump thinks that women's contribution counts less,Asserting
taking out the ayatollah is a win on all counts,Asserting
"<user> guesses male eyeliner is not called ""guyliner"" anymore",Asserting
every american males does eyeliner with a couch.,Asserting
i'm not a trump's blind follower,Asserting
you clearly haven’t seen much my guy.,Asserting
hand the house and maybe even the senate on a golden plater to the dems in november.,Asserting
the comparison with north korea and china regarding data collection is factually incorrect,Analysing
"if genxmiss thinks that their little answer under the video of stephen colbert's conversation with james talarico makes any sense, then they are delusional.",Asserting
black airmen flew some of the most dangerous missions of wwii.,Asserting
the issue of soldiers on the ground is irrelevant,Rhetorical Questioning
has the college of cardinals taken measures to make nepotism impossible?,Rhetorical Questioning
"tl;dr: ""america bad"" is far more often a charge levied against people by others, rather than by people against the nation.",Asserting
<user> okay than how many lives can you kill before your covered in blood and you see the dead bodies pile in front of you every time you walk forward,Asserting
"rather than being terrible horrible people who actively support a ton of evil shit, mormons are just people who either don't know about the bad parts or don't want to leave their comfort zone to confront them.",Asserting
"""america bad"" is something you get from some select groups",Asserting
if you just simply check where the dhs twitter account is based for yourself you see it’s not true that it is based in tel aviv.,Asserting
<user> go get their money....,Emotion-appealing
"$3.79 for a gallon of gas where yawatt lives right now, whole dollar up from a couple weeks ago",Analysing
i'd much rather us care for the common man than think we're the best thing on earth just because we live here.,Asserting
haha 😂,Emotion-expressing
i was heartbroken,Emotion-expressing
mormons would believe anything,Asserting
<user> there are evil regimes everywhere.,Asserting
eeazy doesn't really understand why lankyevilme wants europe's downfall,Asserting
professor jiang seems to lack an understanding of us logistics,Asserting
​<user> even crazier that cbs says stephen colbert's lying.,Asserting
"<user> well, to everyone outside of the us,",Phatic-maintaining
"men wearing eyeliner used to be called ""guyliner.""",Asserting
look at the gas prices. this wasn't a $0.15 increase. it's a dollar or more in a lot of places.,Asserting
mormons are a cult,Asserting
hank_scorpio_obgyn is not going to sit on this forum and argue over whether they are making shit up or not.,Asserting
"if cute_effect_8825 keeps moving money to support these big businesses, it will only encourage the behavior.",Asserting
cute_effect_8825 has watched the news and has made strategic financial moves based around them.,Asserting
trump said verbatim that he would not invite the women's team unless he was afraid of being impeached,Asserting
the patriots stand with governor newsom.,Asserting
i cannot find any proof of your statements,Asserting
the president can not wield the power of the purse.,Asserting
"if strainaccomplished95 lives anywhere near a government contracting area, they can easily get a job starting at $60-70k/yr with just the big 3 (net+, a+, sec+).",Asserting
patriots = traitors now,Asserting
blazerboy420 doesn't know which of the stances presented in this thread is right,Emotion-expressing
it's human nature.,Asserting
charlie kirk being shot was the worst thing i've ever seen.,Asserting
the us social media identifier request can cover multiple years of identifiers (usernames),Analysing
virgo4200 changed their smoke alarm batteries to watch tucker carlson's interview with nick fuentes.,Asserting
"in the average working world here, people are not extreme but more centrist than anything.",Asserting
omg,Emotion-expressing
the male hockey team players not saying that trump's misogynist joke was wrong is fucking pathetic.,Emotion-expressing
the gas price shift from mid-february to march 18th 2026 wasn't a $0.15 increase.,Asserting
asking a republican what they believe in on social media does not count,Asserting
i have in certain countries about which we have been fed limitless propaganda,Asserting
sometimes school doesn't really help,Asserting
dad_jokesnbutt_stuff clearly does care about reasonable_oak's opinion,Asserting
imnopotatoperson is the guy peddling the russia hoax.,Asserting
"obviously, connorthebluejay does not think charlie kirk deserved to be killed.",Asserting
"that city has some of the cheapest gas in utah and utah saw the biggest spike in prices, but the city average is up about $0.70 to $0.80 on average from end of february to now.",Asserting
"the government recently named a veteran's home ""the tuskegee airmen state veteran's home""",Asserting
turning point usa are outing themselves as bigots and racists.,Analysing
they have updated the acronym (awfl) to awful,Asserting
maybe <user> should do some reading/investigation before they post,Emotion-appealing
did anyone else notice ground news advertisements showing up everywhere?,Assertive Questioning
es que no aprenden !,Emotion-appealing
the white liberal females have been intentionally indoctrinated and socialized into having mental health issues.,Asserting
3/3 of libtards [liberals] are bots from turkey.,Asserting
"i unlike the people complaining about bad bunny,",Asserting
"catholic kings, religious leaders and the pope cannot have heirs nor appoint successors.",Asserting
it took much to become a pilot.,Asserting
it's especially noticeable on all ukraine posts.,Asserting
"wow, genxmiss and frenchfry14595 hold tight to their ignorance.",Asserting
one should ask bad bunny about whether streisand effect is a beautiful thing,Asserting
bari weiss caves to trump left and right.,Asserting
cbs showed that they told him to give crockett and the other democratic candidates equal time,Asserting
cbs told stephen colbert he had to give crockett and the others equal time because cbs are not scared of jasmine crockett.,Asserting
dan-q6v1v would like meidastouch to delete this video and put in a video with governor newsom's speech please.,Asserting
it’s just the us.,Asserting
<user> if trump's first then surely governor newsom is running a close second.,Asserting
<user> is so used to the lefty slant,Emotion-appealing
"pipes990 is very willing to talk about the us problems,",Asserting
what everyone else is saying to them though is that how the system is supposed to work,Asserting
tbh people in the video could be better if they didn't have brains,Emotion-appealing
for the rest of the world having a piece of paper is required to have decent jobs,Asserting
in the us half the population is born without brains,Asserting
pretty sure russia waited for biden because of covid though,Asserting
fcc rules does apply to talk shows,Asserting
i hated what he said,Emotion-expressing
crockett is educated,Asserting
trump's joke was recorded,Asserting
you are not supporting trump just for fun.,Asserting
the video of kirk's death shook <user> to their core,Emotion-expressing
the fact that this became a whole story is ridiculous.,Analysing
is h3nchman_24 12 and still in school?,Rhetorical Questioning
<user> how did biden gift wrap ukraine? what would you have had him do?,Pure Questioning
people have been rewriting the past as quickly as it happens.,Asserting
u.s army staff sargent gary starks was found watching everything go on with the fire of his mother's neighbor's house and whatever else,Asserting
trump's going after mark elias,Asserting
it's already 7 servicemen who have died,Asserting
"meanwhile, there was no real talk about proposed cuts to education at the state of the union.",Asserting
"the socially progressive elements were quickly cut out of the picture after the revolution in iran, like they were after the bulshevik revolution in russia.",Asserting
the us government now demands 5-10 years of social media history for tourists,Asserting
that’s an easy conversation to have with the dean and a copy of the syllabus.,Asserting
user-xk8wj6hn4i bets lavendereucalyptus3225 supports open borders,Asserting
<user> should edit their comment a bit,Asserting
the nuremberg trials occurred after soldiers defeated adolf hitler and benito mussolini,Asserting
it is still possible to appoint one's nephew,Asserting
many people throughout the world pray things will soon become right in america,Emotion-expressing
trump's administration provokes wars and send others to fight,Emotion-appealing
<user> will look into other countries military men sentenced to life in prison,Analysing
cbs showed their work,Asserting
user makes arguments that sound like they come from a child,Analysing
luisbardaless is mexican.,Asserting
there was nothing said about how trump's trade moves have squeezed american ranchers and farmers with retaliatory tariffs and market instability at the state of the union.,Asserting
"there are some conservatives who belong to the trump cult,",Asserting
what doesn't make the u.s. look strong is wagging your finger at iran while they completely ignore you and build nukes while chanting death to america,Asserting
thetruthkiwi has only seen a couple of jiang vidoes,Asserting
hebrews are bad at war.,Asserting
"because in the first generation of immigration you always got your past roots from your culture where you came from. like all the founding fathers and all the humans who came to america one time of the family line, and then the next or the third generation have changed or assimilated or became part of the american identity. so, like you can see, destroying people who are not like you because they come from another place is the contradictory part of the american struggle. because that's part of the process. america is a state of immigrants.",Asserting
jubilee didn’t get great people for the 1 progressive vs 20 far-right conservatives debate.,Asserting
the first time trump was impeached was when he was caught on tape,Asserting
ali khamenei named his own son his successor.,Asserting
diabeticbutnotfat went to the dean in a different situation,Asserting
it's just wildly incredible even for the cheapest cities in the cheapest states for gas at that time.,Asserting
agentorange24 got a admin warning after the election in which they mentioned the liberal mob was preparing and planning their resistance post inauguration.,Asserting
"take some border jumpers in and support them, make you feel better.",Asserting
kid rock is a weird drunk,Analysing
"mormons in standard-ad-7504's life don't believe any vile shit like reddit, instagram and twitter will tell you",Analysing
"<user> like <user> to name the companies and countries that, per their claim, make money off of the war in iran",Asserting
t's just wildly incredible even for the cheapest cities in the cheapest states for gas at that time.,Asserting
trump just complimented seth meyer's mouth.,Asserting
congress and supreme court should impeach trump,Asserting
los estadounidenses deberían abrir los ojos.,Asserting
obama did it too! but no one cried before.,Asserting
mehdi talked over a people a lot too lol,Asserting
protesters are babes,Asserting
trump's joke was about him being getting impeached again for some stupid reason and that the democrats would look for anything to bring him up on the charges (case in point the previous two times).,Asserting
seascrapo is tired of walking down the street and seeing people sleeping on doorways,Emotion-expressing
glenn would still need to be confirmed by the senate,Asserting
americans critical of their country don't hate it.,Asserting
"that's why the world, and the west especially, has been so prosperous since wwii.",Asserting
nobody can explain the topic of nukes better than <user>,Analysing
"but the backlash was so great, government had to add him back.",Analysing
pk84 knows biden had been sniffing girls' hair for 4 years during photo ops and is fine with it?,Rhetorical Questioning
oh wait,Asserting
we already went through the phase of expensive groceries.,Asserting
now the congresswoman who harassed david hogg when he was a kid has a leadership position in the republican party.,Analysing
soltahrtiv-amanda5060 is a wonderful lady for remembering the sacrifice their family and friends gave along with a lot of others.,Asserting
mehdi's interruptions were not to belittle or insult or be openly racist towards others,Asserting
"yes, cbs used the fcc's equal time rule to tell colbert he couldn't air the interview",Analysing
"the world should become one nation with the un as the federal government, and every country as a state",Asserting
professor jiang did not push back on questions about claims of illuminati,Asserting
death of firefighter during trump's shooting wasn't shown as graphically as death of charlie kirk.,Asserting
a surprisingly high amount of people will do anything they can to avoid politics or confronting the messy parts of the organizations they were raised into,Asserting
yet jubilee managed to find 20 of people born without brains,Analysing
<user> $3.52 is literally the price i paid this morning.,Asserting
it's not common for utah to have cheaper gas than mississippi.,Asserting
seascrapo is tired of watching us taxpayer dollars go towards helping other nations commit genocide,Emotion-appealing
mormans are ideal for psychological conditioning,Asserting
<user> then i guess you also turned down trump's invitation to the oval office then.,Emotion-appealing
it's not a one-man dictatorship like russia or north korea.,Asserting
trump probably doesn't even remember servicemen names anymore,Asserting
trump is such a phony.,Asserting
"[you are uneducated, too, because] you are peddling the 'russia hoax'.",Asserting
because cbs didnt want to give the black woman fair time.,Asserting
<user> maga politicians are worth millions of dollars that they stole.,Asserting
getting fucked up cause you see a man die on screen doesn't suddenly mean you don't care about gaza.,Asserting
russia and the united states tag teamed the nazis when they conquered europe,Asserting
school is free.,Asserting
jiang knows about history and geopolitics,Asserting
you're the one who mentioned your finances,Asserting
dead-in-red had to pay stupid money for very specific editions of textbooks,Asserting
smh.,Emotion-expressing
pleasant grove has some of the cheapest gas in utah.,Asserting
"unlike the people complaining about bad bunny, bigsmiley0tv didn't watch the ""halftime show"" that they didn't want to watch.",Asserting
trump is out [conservatives'] candidate,Asserting
that_black_cat is watching stephen colbert's interview with james talarico because their government tried to hide it from them.,Asserting
obama and biden released billions of dollars of iranians to the dictator so he can nurture and keep their mercineries like hezbollah and hamas.,Asserting
the rich cannot spend their money for a thousand lifetimes!,Asserting
"hilldawg4president literally has no idea about how the iranian government actually works, clearly",Emotion-appealing
many of us throughout the world pray that trump will be gone soon,Asserting
farmerjoee's claim only works if one defines “surveillance” as “what’s written on an application form” and assumes china can't access one's info without one's permission.,Asserting
the united states should send luisbardaless a green card.,Asserting
<user> i am ready to have the discussion.,Asserting
"“deployment of combat forces to vietnam - the 10 best and 10 worst ...approximately 2.7 million american military personnel served in vietnam during the vietnam war era between 1964 and 1973. out of over 8.7 million active duty service members worldwide, these troops were deployed to the combat zone, with peak strength reaching over 540,000 in early 1969”",Asserting
is trump's joke that if trump were not to be impeached for it he wouldn't invite the women hockey team to the state of the union?,Analysing
the items that were removed due to being deemed diversity-related were then restored a day later,Asserting
something like abolishing ice completely would be good,Asserting
"<user> 50% of americans can't even afford a $500 emergency,",Asserting
<user> clearly hasn’t seen much,Asserting
arresting media violates the california bane act.,Asserting
small government republicans and constitutional purist republicans are hard to find these days.,Asserting
<user> so war is good now?,Assertive Questioning
<user> remembers the sacrifice that her family friends gave,Asserting
"""america bad"" is something one can see from groups like party for socialism and liberation maybe, or american communist party, as well as the ""america evil"" variants you see in extreme right circles.",Asserting
<user> just misguided,Asserting
an example of a white female liberal being a cancer is elizabeth warren,Asserting
the us request is constrained by law.,Asserting
"find a hobby dude, go outside, something. i wish you the best!",Emotion-appealing
meiguichronisles shouldn't ignore what others are going through,Emotion-appealing
"vice president pence was trying to do his job and allow the peaceful transfer of government on january 6, 2020.",Asserting
i do not care about your opinion,Emotion-expressing
i follow with a dedicated ai.,Asserting
<user> the issue is iran is just the excuse to raise them.,Asserting
the way trump and this government are acting is deplorable,Analysing
farmerjoee is trying to make people feel a certain way,Asserting
trump's joke wasn't intended to ridicule women's efford,Analysing
ganjaz is kinda happy when seeing americans having to pay something for gas instead of fuckall compared to the european union for once.,Emotion-expressing
the french played their part as well as jimmy carter in installing ayatollahs in iran,Asserting
"<user> please take care, wonderful lady for remembering the sacrifice what your family friends gave along with a lot of others,",Emotion-appealing
"in the 2000s, professor jiang was involved in education reforms in china",Asserting
calling everyone who disagrees with h3nchman_24 “fake republicans” or “shameful twats” isn’t strength.,Asserting
the gas price shift from mid-february to march 18th 2026 is a dollar or more in a lot of places.,Asserting
we need to stop this current us situation,Emotion-appealing
<user> hey there👋,Phatic-maintaining
<user> going to be downvoted into oblivion in 3 .. 2 .. 1 .. in this 'conservative' forum,Asserting
imagine if newson ordered local police and state to arrest ice.,Asserting
<user> not soon enough🌊🫂🌊 will kegbreath and trump's regime be held accountable for removing files concerning women and people with minority backgrounds from military databases,Asserting
cute_effect_8825 is all about making it easier to pay for things.,Emotion-appealing
<user> will make sure their nephew and nieces know about those who fought against fascism,Emotion-appealing
the federal agents heavily recruit mormons.,Asserting
enough with hate,Emotion-appealing
bari weiss is a liberal,Asserting
it was the worst thing i've ever seen.,Asserting
people wouldn't be fighting each other if the borders were abolished,Emotion-appealing
us isn't 'the rest of the world' [here user probably means that not all countries are 'living in a capitalist nightmare' or don't have student loans],Asserting
like everything trump says is a dig,Asserting
that's just not true,Asserting
"people are loosing their patience with the system,",Asserting
cute_effect_8825 has watched the news.,Asserting
blackyardjungle2562's russian upbringing is showing.,Asserting
you definitely did not fill your tank up anywhere in the continental us in february for $2.15 a gallon.,Asserting
"keep dreaming wi-fi-el, who is a fool",Asserting
but he is not well-spoken,Asserting
"if they don’t affect maga, maga don’t care.",Asserting
it's just a mask.,Asserting
“speculators” is the reason for a 40 cent jump in pump prices in zimbabwe after a tornado touch down and the prices not going down after the perceived danger is gone….im told 🤷‍♂️,Asserting
there is something more seriously wrong with the united states.,Asserting
gas prices are up about 25-30% nationally in the united states since the start of the bombing in iran.,Asserting
"i mean, us actually is the world police.",Asserting
people born without brains are not that rare.,Asserting
democrats think saying there is only two sexes is bad.,Asserting
50% of americans can't even afford a $500 emergency.,Asserting
susiegilmour3520 thanks governor for speaking out!,Phatic-maintaining
"$3.79 is a price for a gallon of gas where i live right now,",Asserting
"seriously, have the people who tell others not to worry about gas prices ever touched a gas pump?!?",Rhetorical Questioning
the fcc rule does apply to talk shows.,Asserting
"male eyeliner used to be called ""guyliner""",Asserting
people born without brains are very rare,Asserting
"what conservatives are doing wouldn't have been possible, if the democrats hadn't been so fucking incompetent (at best) and corrupt.",Analysing
i have it better than most and i can still complain about it,Asserting
the fact that fcc's equal time rule does not apply to talk or entertainment shows is the whole point of the controversy.,Analysing
<user> first i've got not one but two very messed up countries,Asserting
does mooney not like trump?,Assertive Questioning
the r/murica subreddit is a mesh of both a shitposting subreddit and a political subreddit.,Asserting
newson should arrest any military person who breaks local and state law.,Analysing
black didn't get any credic for anything.,Asserting
i can accept people from other countries thinking we’re weird,Asserting
what jd vance really meant when redefining being american is that a true american male like himself wears eyeliner and does it with a couch.,Asserting
we're $0.40 nationally below the biden price jump,Asserting
"gas prices are really only ""significantly higher"" than what the us saw in 2025.",Asserting
cbs have supposedly cancelled colbert's show due to financial issues,Asserting
saying you want to leave the us is like having a job that you hate so much about it and you think it is run by incompetent people but you can't quit because no one else wants to hire you because you are not qualified.,Asserting
only soldiers can save our (american) children,Emotion-appealing
it seems the entire united states really only exist to enrich a few lucky people born under the right star.,Asserting
bad bunny is a weird drunk,Asserting
if the deportations don’t affect them maga supporters don’t care.,Asserting
<user> is a wonderful lady,Analysing
"i cannot wait for kegbreath's and trump's regime's prosecution for removing files concerning women and people with minority backgrounds from military databases, and they will be held accountable.",Asserting
bannakaffalatta1 only learned enough in constitution 101 class to be subject to the dunning kruger effect.,Asserting
<user> should use a correct map of india,Asserting
china monitors biometrics in real time.,Asserting
<user> should make a modern video of the documentary the money masters from the 1996,Asserting
"<user> but thanks for throwing a biden ""come on man"" at me. really drove home the point.",Emotion-appealing
white liberal women would call white men 'misogynist' if they didn't help them,Asserting
why are you assuming they want to leave?,Analysing
<user> that was the worst thing you’ve ever seen?,Assertive Questioning
greatbigsteak would pushed back hard against this if it wasn’t stated in the syllabus,Analysing
you are a russian troll,Asserting
mostly it's definitely not black and white,Asserting
you pay about $800 if you pass on the first try for each certificate,Asserting
"the rising gas prices is how we're going to get schlacked in midterms, not just lose.",Asserting
professor jiang presents historical speculation mixed with political interpretation,Asserting
milions that this rich people stole,Analysing
which makes the used copy worthless to resell.,Asserting
<user> only in america this balance could exist,Asserting
"your russian is showing, boris. otherwise you would know what every single other person in america knows. your lies are obvious and stupid. 😂",Asserting
<user> deciding whether or not go to college based on your financial status is why college education should be free,Asserting
just misguided,Asserting
like zero question about that.,Phatic-maintaining
<user> i don’t agree with any of these guys obviously,Asserting
<user> its north american gulf now!!!,Asserting
some scare are worse than death.,Analysing
"<user> well, to everyone outside of the us, all the school mass shootings made us think something is deeply wrong with your country, then to double down and not change a single thing and to see the pattern repeat over and over and over again, even something more seriously wrong with your country.",Asserting
and i can see where it can eventually get offensive,Asserting
reasonable_oak should go kiss their pedo's ass even more,Emotion-appealing
"the one far-right conservative in jubilee's video early on who was talking about california state legislature was in the video with jordan peterson, too.",Asserting
empathetic people believe in the values of righteousness and justice.,Asserting
trump cannot erase the tuskegee airman from history,Emotion-appealing
<user> don't feel a need to defend this video.,Asserting
so many people are lying in this thread about how low gas prices were in early february.,Emotion-appealing
trying hard not to be and look italian has been the trend lately,Asserting
<user> we’re not called the melting pot for nothing!,Asserting
every comment dad_jokesnbutt_stuff makes is politics attached,Asserting
we cannot allow it!,Analysing
the white liberal females in this country are a cancer.,Analysing
mormonism is a cult.,Asserting
the second impeachment resulted from the time trump incited a mob to storm the capitol to overturn the results of a free and fair election by force,Asserting
nick fuentes' dad is half mexican.,Asserting
the people worth millions who tell others not to complain about gas prices don't care about normal people.,Asserting
cute_effect_8825 is all about making life easier to live.,Emotion-appealing
that's right.,Asserting
republicans had options to nominate others for the presidential nominee but went with this fuckery [trump].,Asserting
people might interact with the products from said corporations,Asserting
that's just not how reality works.,Asserting
china monitors movement in real time,Asserting
good luck with liberal wife.,Phatic-maintaining
dad_jokesnbutt_stuff should go outside,Emotion-appealing
liberals on reddit are from canada,Asserting
about 75% of russia's stockpile is junk,Asserting
"yes, obama and biden helped the irgc regime.",Asserting
major trouble is a light way to describe suppressing the speech of americans at the behest of the american government,Asserting
maybe he's born with it maybe it's maybelline...,Phatic-maintaining
because the fcc wishes it would apply,Analysing
teddy roosevelt would bitch slap the current fascists,Emotion-appealing
cute_effect_8825 is a bitch bot,Asserting
<user> the plan for russia and not getting nuked is to not go to war with russia.,Asserting
"the strait will be open again by then, vz production will have picked up, and we won't be using summer blend anymore.",Asserting
<user> at the cost of lives you're profiting?,Rhetorical Questioning
cplusequals does't believe hank_scorpio_obgyn about the price of gas.,Asserting
<user> that’s an easy conversation to have with the dean and a copy of the syllabus.,Asserting
keep talking about those wonderful men and all the others,Asserting
"some of the kindest, most considerate and best people in my life are mormon, lgbtq supportive people and they don't believe any vile shit like reddit, instagram and twitter will tell you, they just don't want to leave the culture they were raised into.",Asserting
<user> is not a chronically online loser,Asserting
us won't be able to deploy much of their defense,Asserting
"if it somehow makes you feel better to believe factually incorrect things, then by all means my man.",Phatic-maintaining
cplusequals voted for trump to be hawkish on iran.,Asserting
"crockett is an educated, well spoken black woman. that means she will not sway any republicans to her side.",Asserting
"control operating base is still boots on the ground and nothing says 2,200 is all they'll send",Analysing
this is how the democratic party works,Asserting
evil loves evil,Asserting
brigading is being used by fellow conservatives to cultivate a new strain of tds,Asserting
"you're right. that would be ""rude"".",Emotion-appealing
what matters here is the fact that our soldiers are dying despite trump promising 'no new wars'.,Asserting
standard-ad-7504 always hears people saying that mormons are polygamists like it's some kind of common thing,Asserting
the ones who are worth millions stole that money,Emotion-appealing
"<user> the us slipping as a country is what trump's government wants, so they can be in power.",Asserting
right-wing isolationist republicans are hard to find these days.,Asserting
<user> should keep talking about all the other black people who fought against fascism,Emotion-appealing
and the hell with  the rest of the people,Asserting
"like everything trump says, his comment about getting impeached for not inviting the women hockey team to the state of the union is a dig.",Asserting
a church is not a homogenous entity,Analysing
being publicly insulted by trump is like being the devil's favorite enemy.,Asserting
it's simply not true.,Asserting
what koffee_addict described is exactly how the succession of iranian leadership worked for all intents and purposes.,Asserting
what cplusequals is getting out of this conversation is that hank_scorpio_obgyn is making up gas prices.,Asserting
sometimes school really helps and sometimes not.,Asserting
trump blasting dems who refused to stand for protecting americans over ‘illegal aliens’ at state of the union was a golden moment.,Analysing
it makes sense why some people see criticising the united states as hating the country.,Asserting
kegbreath (pete hegseth) has spent his months in office purging the pentagon military of anything he deems diversity related,Analysing
cplusequals actually broke into a grin when they learned we started bombing iran and saw we got khamenei in one of the first strikes of the war.,Emotion-expressing
"<user> wait wait wait... absolutely, of course most americans don't hate their country, they just want to see it do better.",Asserting
the us would rather spend their resources making evil men obscenely wealthy,Analysing
would you like me to keep going with the names of companies making profit and stockholders getting rich off the war in iran?,Rhetorical Questioning
"not only that, but most americans are sick of proxy wars launched to protect vaguely defined ""national security interests.""",Asserting
"<user> the 'conservatives' were just a later development in the longest con job in the history of the world. they, and their corporate media conglomerates, succeeded in getting a sizable portion of the voting public to literally vote against their own well-being and to harm and compromise their own quality of life.",Asserting
polygamy is always what standard-ad-7504 hears people saying about mormons like it's some kind of common thing and not something that hasn't been banned in mormonism for over 130 years.,Asserting
it's ironic that most of the left keep mentioning january 6th,Asserting
this father was deported despite having 30 year old very handicapped child.,Emotion-appealing
"if hank_scorpion_obgyn is not just pulling numbers out of their ass, that's the largest increase in gas prices nationally by a wide, wide margin.",Asserting
many of the people cute_effect_8825 knows did the same and cashed out big,Analysing
cute_effect_8825 is a maga republican following with a dedicated ai.,Asserting
altruistic-sea-4826 has seen multiple posts of canadians boycotting american products,Asserting
but the one early on who was talking about california state legislature seemed to be at least fairly smart even if he’s wrong about this.,Asserting
it's like having a job you hate and you think it is run by incompetent people but you can't quit because no one else wants to hire you because you are not qualified.,Asserting
you can love america,Asserting
osdatasian likes learning about what people support.,Emotion-expressing
poland doesn’t have the same issues,Asserting
i've even heard people refer to mexican immigration as an invasion.,Asserting
that's the sad part,Emotion-expressing
it is easy to leave the us if you provide value to another country,Asserting
<user> hahahahahahaha,Analysing
the domestic maga base is uneducated slime who take all their political beliefs from whoever speaks like their inbred daddy used to speak.,Asserting
"<user> my white father joined up to be a pilot. he made it through all the rigorous iq, personality, strength criteria till the final physical where his one damaged finger was uncovered and he was denied that position. it took much to become a pilot.",Asserting
on march 18th 2026 we're around the same price for gas as we saw in much of 2023 after the gas price peak during biden's presidency subsided.,Asserting
we truly do have the resources to give everyone in america a beautiful life.,Asserting
koshertriangle is married to a liberal female.,Asserting
there is a small comfort in the current erasure of tuskegee airman,Emotion-expressing
jonny45k got a dm from a loony who claims its ok to make threats because trump is devicive,Analysing
h3nchman_24 is attempting to taunt jonni_bravo over a typo.,Asserting
especially in germany many people never forgot what the americans did for them as opposed to what the russians did to the rest of germany.,Asserting
professor jiang is cooking up some theories,Asserting
keithnicholas ought to stay vigilant.,Asserting
<user> vices is another reason too.,Asserting
an example of a liberal female is elizabeth warren.,Asserting
(i've seen people on the internet criticizing people for wearing greek costumes or talking about greek mythology.,Analysing
trump probably lied to national guard by saying the govenor gave the ok.,Asserting
americans critical of their country just want to see it do better,Emotion-appealing
2025 was the only year we consistently saw low gas prices since covid.,Asserting
what does <user> mean when saying that <user> is having a lot of made up arguments?,Assertive Questioning
congress gave the agency at the supervision of the executive branch a mission.,Asserting
does it matter if hank_scorpio_obgyn is off by $0.15?,Rhetorical Questioning
cplusequals personally did vote for trump to be hawkish on iran.,Emotion-expressing
hilldawg4president doesn’t seem to understand how human nature and personal interests come into play,Asserting
the us requests self-reported identifiers (usernames) on some applications,Asserting
pipes990 i don't get this.,Asserting
the leader of iran wouldn't just shoot the council in the street would he,Rhetorical Questioning
pk84 fought in a national muay thai competition and won a silver medal.,Asserting
the role of religion in a lot of this and this regime's unpreparedness for the war is a vaid point,Asserting
even though bluefootedpig was in class with their roommate and going through the book with him in class.,Analysing
a friend of soltahrtiv-amanda5060's family was a tuskegee airman.,Asserting
a surprisingly high amount of people will do anything they can to avoid politics or confronting the messy parts of the organizations they were raised into.,Asserting
the increase in gas prices wasn't a $0.15 increase.,Asserting
and have they taken measures to keep doing that? or the other way around?,Rhetorical Questioning
i've been watching and i believe donald trump's got the right idea.,Asserting
i'm like a gay guy coming out.,Asserting
people being jealous of old man pebble? lol,Rhetorical Questioning
<user> jd vance is really weird.   he's a creepy guy.,Asserting
we don't need to put people on the land to stop iran from shipping oil,Asserting
what has happended jan 6th?,Pure Questioning
boomboombennie asks if cute_effect_8825 can point them towards where they can find the constitutional purist republicans,Rhetorical Questioning
you can even hear some of the guys from usa hockey team say “hell yeah” or something similar when trump first says he’ll invite the women too.,Asserting
"if you don't have a degree specifically, you don't have many options",Asserting
there is nothing on that island that requires ground personnel,Assertive Questioning
demanding 5-10 years of social media history for tourists is something north korea and china don't even do.,Asserting
paul mooney was straight roasting trump and his administration,Asserting
it makes sense that maga keeps acting like russia’s perverse political cucks when 2/3 of maga influencers are russian bots.,Asserting
"but we definitely agree that trying to extort a foreign ally into announcing a fabricated investigation into his political opponent by withholding congressionally approved funds is not only impeachable, but should be grounds for removal from office and possible imprisonment.",Asserting
it is amazing what the tuskegee airmen accomplished.,Asserting
it is hard to leave the us if your family is here.,Asserting
the billionaires at skydance love trump.,Asserting
good luck with that.,Analysing
nbc boosts fake news spread,Asserting
don’t expect that level of rational thinking in this platform,Asserting
you think this is to make the us look worse than it is?,Assertive Questioning
bluefootedpig got marked down a full letter grade because they didn't have the textbook.,Asserting
after charlie kirk's death everyone will say violence is wrong.,Asserting
"the government even tried to erase jackie robinson's contributions from government websites, but the backlash was so great, they had to add him back.",Asserting
being sad because you see a man die on screen doesn't suddenly mean you don't care about gaza,Asserting
<user> are you a child?,Rhetorical Questioning
where exactly did cbs show what they sent him to colbert?,Rhetorical Questioning
white female liberals will get into trouble,Emotion-appealing
if donald trump really was a pedophile [and epstein files could prove it] democrats would not hide the files during their administration,Analysing
wi-fi-el supports abolishing borders,Analysing
a gallon of gas is a whole dollar up from a couple weeks before.,Asserting
so much for fighting the monarchy [anti-shahist iran has the monarchy-like succession order],Asserting
what jd vance really meant when redifining being american was that a true american male like himself wears eyeliner and has a beard.,Asserting
imnopotatoperson can be so dense probably because they are a 19-year-old redditor who just jumped on a bandwagon and now has to pretend they really give a shit about ukraine.,Asserting
you can be mindful of who you vote,Asserting
casty_who doesn't need to subject themselves to “liberals”,Asserting
"omg, the misinformation in what <user> says is insane",Emotion-expressing
<user> i paid $2.59/gallon 5-6 weeks ago. same gas station is at $3.99 as of this morning in chicago suburbs.,Asserting
californians have armed themselves,Analysing
glen is the kind of prosecutor we need for an a.g.,Asserting
mehdi was not openly racist toward others,Asserting
some conservatives are using the votes on reddit to get a pulse on conservative opinion on the current [trump's] administration,Asserting
think about this,Phatic-maintaining
pk84 hated trump,Emotion-expressing
<user> does not support the corrupt president and his idiot followers,Emotion-appealing
<user> god bless you for bringing tuskegee airmen up.,Phatic-maintaining
the feds heavily recruit mormons,Asserting
frenchfry14595 believes that stephen colbert was verbally told that he couldn't air his interview with james talarico on television.,Asserting
would <user> like for <user> to keep listing companies that are making money off of the war in iran?,Assertive Questioning
the end of democracy in america is something timcuculic assumes reasonable_oak would have celebrated.,Asserting
"i didn't watch the ""halftime show"" that i didn't want to watch.",Asserting
people like pk84 just suck the joy out of everything.,Asserting
rockefeller is getting rich off of the war in iran,Asserting
bannakaffalatta1 is a left leaning patriot.,Asserting
no child is born to be a fascist,Asserting
"1. americans love foreigners, it's just if you're going to stay in the country, do it legally. 2. it's called patriotism. every country should put itself first.",Asserting
usa has no business destabilizing countries till we actually build the damn wall and fix our immigration policy,Analysing
maybe if the people who claim that trump's joke told to usa male hockey team wasn't funny weren’t so deranged and didn’t have so much hate in your heart then they could have a sense of humor again.,Asserting
"in case of getting in trouble, white liberal women are the first to ask white men for help",Asserting
<user> no child is born to be a fascist.,Asserting
"the social media identifier request expanded notably around 2019, primarily under enhanced vetting policies.",Asserting
the streisand effect is a beautiful thing.,Analysing
cute_effect_8825 didn't know about the whole bombing situation until today.,Asserting
we won't be using summer blend anymore by november 2026.,Asserting
the people who complained about gas prices during biden's presidency but tell others not to complain now are a bunch of hypocrites.,Asserting
cplusequals will retract their statements about hank_scorpio_obgyn lying.,Asserting
tengen-sama knew a girl who was born with only half a brain,Asserting
the usa doesn't depend on the straight being open/unobstructed for gas.,Asserting
i pissed on killed servicemen graves [meaning: 'i don't care about them'],Asserting
quieren el comunismo para lo eeuu!,Asserting
no child is born to be a fascist.,Asserting
considering russia as a geopolitical enemy was a trend before most people here were born.,Asserting
<user> they tried everything to stop trump from running and winning (even tried to kill him) but you don’t think they would have used that?,Rhetorical Questioning
the information about trump calling veterans 'suckers' and 'losers' has actually been debunked,Asserting
this subreddit [r/republican] is basically dead,Asserting
"the tuskegee airmen state veteran's home is outside of ft. worth, texas",Analysing
you can go to a protest and ask folks about their view on america,Asserting
<user> is downvoting and not watching any video with ground news as a sponsor,Asserting
trump campaigned hard against the iran nuclear deal.,Asserting
reddit is far left,Analysing
i'll make sure my nephew and nieces know about the tuskegee airman.,Analysing
being diversity related has been widely interpreted by the military services and many others to mean anything that recognizes women and people with minority backgrounds.,Asserting
an assembly the iranian leader totally had no hand in selects the successor,Asserting
"does its_all_made_up_yo want the entire population of people who want to leave the us, but can't, to just drop into the void?",Rhetorical Questioning
please stay united through these tough times,Emotion-appealing
"gas prices are really only ""significantly higher"" than what we saw in 2025",Asserting
"<user> people are bound to loose patience when the system is actively against you, and probably wants you death as well.",Asserting
cbs don't want the black woman to win the primary,Asserting
grocery prices are high,Asserting
price of gallon of gas is whole dollar up from a couple weeks ago.,Asserting
paul mooney is the man,Asserting
"<user> can just say ""people who disagree with us are russian bots!"" and bang,",Asserting
lol so much for fighting the monarchy,Emotion-expressing
"votes on this subreddit are manipulated in such a way that it gives the impression that trump is a very bad, very unpopular orange [a slur used to call donald trump, often used by his opponents].",Asserting
bannakaffalatta1 literally has a degree in political science.,Analysing
"we took 5 steps forward, decided to turn around, and walk 5 steps backwards to biden era gas prices in a span of 3 weeks",Asserting
lorihultin is wrong.,Asserting
<user> and it looks like conservatives will make sure they get nothing done before then to top it off..,Analysing
then catholic priests marrying and having children was stopped as well.,Asserting
a patriot is more reasonable about being proud of their country than a nationalist,Asserting
<user> will make a video about uk military men who committed a crime,Asserting
it's like having a job that you hate so much about it,Asserting
bob-bm3pd should stand up for justice.,Asserting
seascrapo did not explicitly state they want to leave,Asserting
talking over other was just the energy this debate had.,Asserting
the us is culturally vastly inferior to europe.,Asserting
pwncakeironfarts works in it.,Asserting
the social media identifier request is sometimes optional.,Analysing
"naval academy faculty, midshipmen, and staff were outraged by the removal of the items concerning women and people with minority backgrounds from military databases.",Asserting
seascrapo is tired of the evil that the us government perpetrates.,Emotion-expressing
"i've seen plenty of ""conservatives"" here lately that cross beyond criticism into tds.",Asserting
you're profiting at the cost of others lifes,Assertive Questioning
but there are other ways to get things done,Asserting
"usa have these nifty things called ""bombs"" that we drop from airplanes flying outside iran's air defense envelope",Asserting
"however, in order to do the things the cia does someone needs to have very few personal scruples",Analysing
does fortnightsatpeelys know what's in utah?,Asserting
instead of bitching that everyone else is wasting their effort and going against them at every chance.,Asserting
teacher also never said buying books for class was required.,Asserting
trump administration is a regime,Asserting
they were also being rebuilt and this time would be protected so that what we did the first time wouldn't work again,Asserting
some of the best humans in the history of the world are being erased from history books.,Asserting
"just because meiguichronicles doesn't have it bad doesn't mean they should ignore what others are going through, and vise versa",Analysing
<user> anyone who cares about history knows what those brave black airmen did during wwii and celebrate them!,Asserting
an $0.70 jump in gas prices is more or less what the average american experienced.,Asserting
it's embarrassing how people lie about gas prices,Emotion-appealing
<user> leftists when they disagree with someone,Analysing
iran's president appointment system is most definitely not black and white.,Asserting
jd vance manscapes,Asserting
it's amazing what they [tuskegee airmen] accomplished,Asserting
now the god blessed president (trump) is in democrats faces,Analysing
people were gullible to vote trump back,Emotion-expressing
late night shows have the right to book whomever they like on the show.,Asserting
china monitors network traffic in real time,Asserting
"but yeah, obama was shite",Asserting
supersaiyantrunks has pirated their textbooks in college and said they purchased digital copies.,Asserting
talarico can definitely sway republicans to his side,Asserting
is the lack of sound in the video in texas due to censorship?,Analysing
you can love your country and still hate the current state it is in.,Asserting
china is using jiang quexin as propaganda,Asserting
soltahrtiv-amanda5060 was heartbroken when tuskegee contribution in the world war ii was removed from the united states air force training materials.,Emotion-expressing
"subreddit r/shitpoliticssays is pretty right wing, too.",Asserting
every your comment is angry [so it proves that you are frustated in life],Asserting
people are bound to loose it,Asserting
the america-hating americans on reddit are not just bots.,Asserting
<user> did not read the news or go online,Asserting
initially catholic priest could marry and have children.,Asserting
at times the r/murica subreddit leaned in a colbert report direction.,Asserting
the one far-right conservative in jubilee's video early on who was talking about california state legislature seemed to be at least fairly smart.,Asserting
r shitpoliticssays is pointing out the faults in the left.,Asserting
i cannot wait for their [people related to the removal of the pro-diversity content] prosecution,Emotion-expressing
please delete this video and put in a video with his speech please,Analysing
blasikov is informing faelwolf that r/fuckimold is that away,Phatic-maintaining
people on the right watched the show despite not liking this,Asserting
"<user> not to worry: the trumps of this world will be exposed very quickly, because of their own failures.",Asserting
the 2025 tax/budget bill taking out roughly $500+ billion out of medicare over 10 years is how the math works.,Asserting
only democrats and liberals are on reddit which sucks,Asserting
not having any defined success is not the pressing issue here.,Emotion-appealing
just because others may not have it bad does not mean they should ignore what meiguichronicles is going through.,Asserting
they're [pro-trump users] calling the conservatives with flair who have a long history of conservative comments in r/conservative 'bots',Asserting
"making fun of america, unless done satirically, also doesn't belong in the r/murica subreddit.",Asserting
"not including north sentinel, of course.",Asserting
"3. in a per curiam (unsigned) opinion, scotus reversed the colorado supreme court decision",Asserting
"ironically, i openly love america",Emotion-expressing
this subreddit used to be mocking american self-importance.,Asserting
every country should become a state,Asserting
<user> were complaining about those prices under biden,Asserting
"but there are other ways to deal with illegal immigrants than being inhumane, brutal and cruel.",Asserting
many of the people cute_effect_8825 knows cashed out big.,Emotion-appealing
"the us's oppressors can't even pronounce the letter ""t"" anymore",Emotion-appealing
"<user> they have updated the acronym to awful, affluent white female urban liberal.",Asserting
the us social media identifier requirement expanded notably around 2019,Analysing
the large student loan debts are really coming through in theiromia's response.,Asserting
if the world became one nation we could stop worrying about international rivalries and focus on repairing society worldwide.,Asserting
trump administration is responsible for purging the pentagon military,Asserting
what happened with the father and his handicapped child was inhumane,Analysing
they all [republicans? us administration?] are weird,Asserting
<user> hearing that 2/3 of maga influencers are russian bots is so funny when 80% of liberals get all of their political takes from echo chambers on reddit and tiktok and believe literally anything that is told to them even if it’s been proven false a multitude of times.,Asserting
democrats think racism against white people is good.,Asserting
real rich people dont understand normal people,Analysing
any late night talk show is not governed by these fcc rules,Asserting
on september 10th charlie kirk was murdered on a college campus in utah,Asserting
people telling not to worry about gas prices won't understand regular people problems,Analysing
<user> aw don't be jelly about the all-american halftime show,Asserting
theiromia have only had to pay meal and board,Asserting
geez,Emotion-expressing
"it's human nature for the elites to use any situation to gain more power, control, and money.",Asserting
i think you are pretending it’s black and white,Asserting
jd wanted you to know that he manscapes,Asserting
europe's goverments and democrats' goverment enabled transnational maligned influences all these years.,Asserting
"trump was too busy enjoying watching what he was seeing to call in federal troops to stop the rioters on january 6, 2020.",Asserting
"because this spike in gas prices is related to the price of oil and not regulation, the variance in price increase across the us is actually extremely low with virtually all states seeing similar increases.",Asserting
"non-invitation to the women's team would be perceived as sexist, for which democrats actually hoped",Analysing
"to the people who are worth millions, groceries is an old-fashioned term",Emotion-appealing
"and that is the reason why you went to syria, iraq etc?",Assertive Questioning
"we stand up for righteousness and justice because it is the right thing to do, and we believe in these values!",Asserting
"enw_digrif is a literal anarchist, and very plugged into the activist scene in their region.",Asserting
seems like a proper response,Asserting
<user> thoughts are with charlie and his family,Asserting
a church is just a bunch of people who's parents all told them different stuff based on the same guidelines,Asserting
"trump actions were not only impeachable, but should be grounds for removal him from office and possible imprisonment.",Analysing
the guy talking about california state legislature was wrong,Asserting
"can't seem to find small government republicans, the constitutional purist republicans and isolationist republicans though.",Asserting
pk84 was happy to fight for the us,Emotion-expressing
saying china and north korea don't demand the level of social media history that the united states do is still incorrect.,Asserting
i have to fight for freedom in america in 2025,Analysing
"when things become right in america again, the 332nd fighter group will be restored to their rightful place in history.",Asserting
my thoughts are with charlie and his family.,Asserting
it's embarrassing that an insecure entitled regime would attempt to eliminate the tuskegee airman from history to feel better about their lack of honor,Emotion-appealing
mehdis interruptions were made mostly to clarify or understand,Asserting
the 'conservatives' have harmed all of us,Emotion-appealing
that madladness is honestly admirable,Emotion-appealing
this is want powerful-touch-7961 wants to see more of from reddit,Asserting
you are a lunatic,Emotion-appealing
why did colbert lie and why did he sleight other democrats ??,Assertive Questioning
"you can see ""america evil"" variants of ""america bad"" in extreme right circles",Asserting
a nationalist is someone who is cult-like about their country in an ignorant and violent way,Emotion-appealing
the united states are not demanding “social media history” in the way farmerjoee is using that term.,Asserting
there are other ways to get things done than being inhumane,Emotion-appealing
my question is why is california following trump's orders and not the governors?,Analysing
<user> opinion on abolishing borders is fantasy talk,Emotion-appealing
because they seem it to be stereotyped and ridicolous.,Asserting
when it comes to <user> wife's view on anything political they are mostly at odds lol,Emotion-expressing
"<user> you’re out of touch, to say the least.",Asserting
it takes all nationality to win a war,Analysing
gas price are not going to get any better with trump not ruling on boots on the ground.,Asserting
to double down and not change a single thing about schools's shootings and to see the pattern repeat over and over and over again,Asserting
people would form own elites if the borders were abolished,Asserting
"different situation, but things get done.",Asserting
"bari weiss is a liberal, but a pretty fair one.",Asserting
"<user> i got lucky then, i found a beautiful conservative woman and i found her in mi almost 25 years ago now.",Asserting
"if h3nchman_24's version of a political party is just a fan club with loyalty oaths, then they're the one confusing politics with a circus.",Asserting
seascrapo's response is like having a job where no one else wants to hire you,Asserting
<user> has a life,Emotion-appealing
china and north korea do far more than requiring social media history,Asserting
i didn't say that it's justified to kill political oponents,Asserting
the claim that the us has extensive surveillance systems works only if you assume china can't access your info without your permission,Asserting
"the usa took 5 steps forward, decided to turn around, and walk 5 steps backwards to biden era gas prices in a span of 3 weeks.",Asserting
the only real way to use freedom of speech as intended is to criticize the government.,Asserting
our (american) children are destined to be thrown into political prisons,Emotion-appealing
the r/republican hasn't been a republican subreddit for a while now.,Asserting
"""gimme some of that spinning meat on one of them pancakes with the chunky ranch dip. """,Asserting
(supposedly due to financial issues even though it's the number-one rated late night show),Asserting
bluefootedpig went to class every day with a roommate that bought the book.,Asserting
"you can look around and pick just about any government, including the us and iran, on this planet and see that it is incredibly crooked",Asserting
but there is a huge portion of america-hating americans on reddit and they're not just bots.,Asserting
"but please, cplusequals should worry about if hank_scorpio_obgyn filled up gas for $2.15 or $2.25.",Emotion-appealing
congress and supreme court should impeach felon 47 to save america now.,Analysing
hilldawg4president must realize this what they said can apply to themselves as well.,Asserting
the january 6th 2021 participants were actually helping with free demo work for capitol beforehand.,Asserting
"there was no malice towards the women in the joke trump told usa male hockey team, just a point about anything trump does or doesn’t do the left will be mad and out for blood.",Asserting
dweebulot was getting a good deal on gas.,Analysing
the large student loan debts are really coming through in this response.,Asserting
shell is getting rich off of the war in iran,Asserting
<user> the real rich don't care about normal people,Asserting
now [we need to] get out of this mess,Asserting
"some comments in posts that say ""flared users only"" have some sense.",Asserting
dude [khamenei] named his own son his successor,Asserting
<user> que ignorancia dios mío ! un tipo que ha borrado a la hermosa y rica california ! es que no aprenden ! quieren el comunismo para lo eeuu! abran los ojos,Asserting
😆😂🤣❤,Emotion-expressing
"i watched bad bunny, like most of the world",Asserting
"the best line in the video about strikes against ice is ""just because something isn't affecting you doesn't mean you can't stand up to something that is wrong"".",Asserting
trump was bribed by israel and saudi arabia and personally benefits from the war on iran,Analysing
the question is whether the executive branch can shut the agency down completely.,Asserting
"trump's ""joke"" wasn't a joke,",Asserting
god bless <user> for bringing up the erasure of tuskegee airman,Emotion-expressing
i got my full letter grade marked down even though teacher also never said having book is required,Asserting
is someone censoring you?,Assertive Questioning
<user> the affluent white female urban liberals have been intentionally indoctrinated and socialized into having mental health issues,Asserting
and now maga politicians say is patriotic to pay more or this is no big deal,Asserting
i don’t appreciate anyone bad mouthing us to people from other countries.,Asserting
hilldawg4president does not seem to understand how human nature and personal interests come into play.,Asserting
military services and 'many others' interpret diversity as anything that recognizes women,Asserting
the people who were complaining about prices during biden's presidency and are now telling people not to complain about gas prices have been rewriting the past as quickly as it happens,Emotion-appealing
russians waited for biden to attack ukraine because of covid,Asserting
dawn-s5h's buddy told them that he was in that war and had agent orange shot three times - he showed them the bullet scares,Asserting
dawn-s5h's friend has shown dawn-s5h their bullet scars.,Asserting
<user> yeah just like they were investigating the epstein files,Asserting
the very own term 'nepotism' comes from popes appointing their nephews and illegitimate children as cardinals,Asserting
usa got boots on the ground in a lot of places throughout the world,Analysing
so the leader of iran just hand selects the successor through a committee,Asserting
<user> increase in the price of a gallon of gas from $2.15 to $3.52 in a month is pretty exaggerated.,Asserting
they don't want him giving time to anyone running for office who might challenge trump.,Asserting
"the post that showed the dhs twitter account was based in tel aviv, israel is believed by so many people",Asserting
<user> or make their entire living by being pro trump.,Asserting
the usa slipped from the superpower to what seascrapo can really only describe as a developing nation,Analysing
"about $800 if a person passes on the first try for each, and they're good to go.",Asserting
<user> are the other 1\3 of maga influencers dead in utah?,Pure Questioning
trump wants to detain the united states citizens in foreign prisons.,Asserting
not everything is a conspiracy,Asserting
everyone at fox news made their living by being pro trump,Analysing
“fucking up” isn't just when the government doesn’t support someone's ideology,Emotion-appealing
you don't see homeless people in certain countries about which americans have been fed limitless propaganda.,Asserting
the guys in the video all have a brain,Asserting
<user> is ready for a serious discussion about why letting everyone vote isn’t a value to be proud of,Emotion-expressing
in meetings trump does what elderly people like to do.,Asserting
during this shooting someone had actually died,Asserting
it isn't a surprise that reddit would be ok with their fellow leftists supporting an assassin.,Asserting
you are suffering from tds.,Asserting
the us would rather spend those resources making evil men obscenely wealthy.,Asserting
<user> hopes the lives <user> kills never stop talking in <user> dreams,Emotion-appealing
candidates for the iranian leader are selected by the guardian council,Asserting
"mormons in standard-ad-7504's life don't believe any vile shit like reddit, instagram and twitter shows.",Asserting
i don't hate america but i hate what it has become and i have realized a lot of what i thought were american values were just lies and propaganda i was fed from early childhood.,Asserting
is superblakey1983 suggesting mike-8381 is jealous of old man pebble?,Rhetorical Questioning
no trump does not count as dictator,Asserting
"the white female liberal at the end of the video is screaming ""does someone have your emergency contact?""",Asserting
<user> not attacking a country that isn't attacking the homeland is fine with me.,Asserting
the second impeachment was because trump incited a mob to storm the capitol to overturn the results,Asserting
there is no defined success for the american war efforts in iran.,Asserting
why does ganjaz care how much americans pay for gas?,Pure Questioning
what trump said about getting impeached for not inviting women hockey team to the state of the union was very clearly a joke.,Asserting
"<user> not from the us, so i get the idea of wanting to laugh it off and say that this is something that only happens in the us.",Asserting
meiguichronicles doesn't have it bad,Asserting
hank_scorpio_obgyn can't say the same about paying $3.52 for a gallon of gas just a month later.,Asserting
there are some americans who absolutely hate america,Asserting
vance is really weird,Asserting
but to me the moment you love freedom you also become spiritually 100% american,Asserting
the far left is historically fully on board with political violence.,Asserting
"<user> the names of companies making profit and stockholders getting rich off the war in iran are i don't know rockefeller, chevron, shell, bp, baron trump, ect",Asserting
italy is the oldest country in europe.,Asserting
trump was first to provide javelins when obama wouldnt.,Analysing
everyone will say kirk's death is wrong,Asserting
imnopotatoperson is peddling the russia hoax,Emotion-appealing
gas prices in cplusequals' area went from $2.60 to about $3.10 per gallon.,Asserting
it's terrible what people from trump's have done,Asserting
meiguichronicles works in healthcare,Asserting
the u.s is in no position to actually put boots on the ground unless its part of a regional force,Asserting
gas prices in pleasant grove were just above $2.80 in mid-february,Analysing
the social media identifier request is constrained by law.,Asserting
saying china and north korea don’t track people's activity is incorrect.,Asserting
both of other user points are easily countered,Analysing
<user> thanks <user> for their video,Phatic-maintaining
$2.53 for a gas would beati out historically cheaper areas in cheaper states.,Analysing
people responsible from trump's goverment will be held accountable eventually?,Analysing
try telling canadians they should take a real stand and remove all us equity from their investment portfolio. it all goes very quiet.,Asserting
it is not that rare to not have a brain.,Asserting
hank_scorpio_obgyn definitely did not fill their tank up anywhere in the continental united states in february of 2026 for $2.15 a gallon.,Asserting
"personally, i did vote for him to be hawkish on iran.",Asserting
<user> that's not how iranian governments works,Asserting
the us was oppressed before,Asserting
children who become fascists are brainwashed usually by their parents.,Asserting
<user> oh so you are a psychopath that thinks murdering someone for his political views is justified. hey jackass i know kirk said some wild things and i def didnt agree with him but you arent any better than him if you think that is a good thing. you are a lunatic,Asserting
it must really enrage the toddler in chief every time seth laughs off one of his lame barely-even-really-an-insult insults.,Asserting
<user> in my case it’s a little different.,Asserting
hank_scorpio_obgyn is providing actual numbers for the gas prices.,Asserting
usually the president coming after you is not a good sign.,Asserting
"<user> loves beating up people who think that americans are ""stupid""",Emotion-expressing
thank you you tube!!!!❤❤❤❤,Emotion-expressing
"<user> the national guard acts as a state-based military force (army & air) with a dual role: supporting federal military missions overseas and responding to domestic emergencies like natural disasters, civil unrest, or supporting law enforcement, all while members typically hold civilian jobs or go to college, training part-time but ready for full-time activation.",Asserting
"""america bad"" is not really a real thing.",Asserting
"jiang quexin made predictions that were easy ones that everyone could have predicted, like the prediction on trump",Asserting
"so far, nobody, including the iaea, had access to the nukes",Asserting
"<user> and because they're illegal they don't assimilate, nor call themselves americans",Asserting
"rockefeller, chevron, shell, bp, baron trump, ect.",Asserting
war is worse than death,Asserting
"people from trump's government are racists, bigots, and misogynists on a cellular level.",Asserting
democrats think abortion is good.,Asserting
personal trauma is no excuse for engaging or attempting to engage in authoritarianism or the violation of civil rights.,Asserting
i am old enough to remember times when gas was 35 cents a gallon,Asserting
"<user> that was the most presidential speech we have heard since biden was in office. thank you, mr newsom. the patriots stand with you.",Asserting
bari weiss is a pretty fair liberal,Asserting
black didn't get any credic for anything.just like today. it takes. all nationality to win a war .,Asserting
however talarico is a well spoken white man who has a devotion to christianity so strong he is working to obtain a master of divinity. he can definitely sway republicans to his side.,Asserting
<user> i work in it. genuinely.,Asserting
democrats think gender fluidity is good.,Asserting
has the college of cardinals taken measures to keep practicing nepotism?,Rhetorical Questioning
trump campaign was running on changing gas prices,Asserting
okay than how many lives can <user> kill before they are covered in blood,Emotion-appealing
god blessed are tuskegee airmen.,Emotion-expressing
we're the best when we remain ourselves,Asserting
charlie kirk didn't deserve to die.,Asserting
the secret service just had a bad day,Asserting
supersaiyantrunks pirated their textbooks and said they purchased digital copies,Asserting
even though prices of gas has risen in europe too.,Asserting
american defense budget is almost entirely going to american weapons producers,Analysing
dawn-s5h's friend was shot three times.,Asserting
this was all a hoax by colbert and talarico,Asserting
stupid means smart.,Asserting
spike in prices is related to the price of oil and not regulation,Asserting
mormonism lacks 'vices',Asserting
european shouldn't be surprised that conservative americans view them as enemies.,Asserting
"if the president actually gets shot, it's shocking and horrifying,",Analysing
<user> buddy was shot three times,Asserting
faewolf is old enough to remember when gas was 35 cents a gallon,Analysing
people might think of <user> comment as suggesting something else,Asserting
the americans deserve every ounce of ridicule they’re getting,Emotion-appealing
you know you're doing a good job when this particular president comes after you.,Asserting
<user> would definitely like to watch a part 2 to <user> video,Emotion-expressing
"fascinating, including all the maps!",Analysing
kripptonite7457 will pass the bravery of black airmen from wwii.,Asserting
"so for me, it's not about being the world police. it's about inflicting consequences for attacking americans for 5 decades.",Analysing
"if the policy’s solid, one should defend it on substance.",Asserting
my buddy told me that he was in that war,Asserting
they expressed dissatisfaction between what they were told and what they saw,Asserting
iran is called persian gulf for 2500 years,Analysing
bannakaffalatta1 just read alpha-siera-charlie's reddit profile.,Asserting
"actually, seascrape complaining about the united states but providing reasons for being unable to leave is a little more like having a job you can't quit because you're not qualified for other jobs but also because if you quit without having another job they take you out back and shoot you.",Asserting
"there was no malice towards the women in that joke,",Asserting
just raise your drink of choice and honor murica,Emotion-appealing
reasonable_oak doesn’t expect anything more from pk84,Emotion-expressing
in a church not everyone believes and preaches all the same things,Asserting
"rockefeller, chevron, shell, bp, trump and others are making profits because of the war",Asserting
"now it’s an elected, absolute, non hereditary monarchy, without nobility in catholic church",Asserting
apparently us and israel's attack took out khamenei's temporary replacement too,Asserting
mormons are crafty buggers,Emotion-appealing
i have been around the world and in certain countries (about which we have been fed limitless propaganda) you don't see that. they take care of their people.,Asserting
​<user> you are wrong. the fcc's equal time rule does apply to talk shows.,Analysing
"outside of ft. worth, texas. psychets forgot to add the location.",Asserting
<user> watched bad bunny,Asserting
often the asshole professors are assholes in general and their coworkers/bosses don’t like them either.,Asserting
you didn’t even have to join it to be banned.,Asserting
"criticism, regardless of how warranted, really doesn't belong in the r/murica subreddit.",Asserting
luisbardaless willing to self deport is dedication.,Asserting
<user> it’s literally the opposite of what his party stands for,Asserting
it sounds like superfreak401 is describing democrats more than anything,Asserting
"all the mods have their masks on, too.",Asserting
"the guy in the video talking about california is not well-spoken, well-mannered",Asserting
talking over people is just the energy this debate had,Asserting
cbs they showed their work.,Asserting
<user> obama deported people too!,Asserting
"""america bad"" is less a real thing, and more something from a small subset of terminally online, hyper-obsessives, and some select groups",Asserting
"and the conservatives capturing that portion of the voting population wouldn't have been possible, if the democrats hadn't been so fucking incompetent (at best) and corrupt.",Asserting
<user> i gave some dollars to the meidastouch podcast thank you !,Asserting
dhs twitter account is based in tel aviv,Asserting
"the posts that say ""flaired users only"" are on the republican forums",Asserting
congress does not have power over specific government payments.,Asserting
"china and north korea don’t ask for identifiers because they rely on direct surveillance instead. china monitors network traffic, movement, and biometrics in real time. north korea inspects devices and controls your movement continuously.",Asserting
"even if having to have the textbook was in the syllabus, diabeticbutnotfat would be going to the dean of the department",Asserting
iran's fate is when gog & magog armies get destroyed on the mountains of israel.,Asserting
cityboynyc is thanking governor newsom.,Emotion-expressing
"normanquacks345's comment is what powerful-touch-7961 wants to see more of from reddit instead of discourse like ""tankies want to take it down and replace it with a dictatorial oppressions government aka ussr 2.0 (no, trump does not count)"".",Asserting
jd vance has pale eyes and skin and dark lashes,Asserting
"it's human nature. imagine a small collective elite who run the entire world, they would be trillionaires without the need for elections ect. ​",Asserting
in usa isn’t a shortage of gas,Asserting
some countries take care of their people.,Asserting
<user> video title is misleading,Emotion-appealing
"<user> russian is showing, boris",Emotion-appealing
trump and his team were riding off the high of the victory in venezuela.,Analysing
rockefeller profits off of the united states' war with iran.,Asserting
soldiers dying is important issue.,Asserting
reasonable_oak doesn’t expect anything more from a deranged human who cheers for violence against his political opponents.,Asserting
it's beyong candid_vegetable5020 how imnopotatoperson is so dense,Emotion-appealing
<user> oh so this guy just hand selects the successor through a committee then an assembly he totally had no hand in selects the successor.,Asserting
pk84 is making sure it's clear that the way trump and this government is acting is deplorable.,Asserting
ground operation to get nuclear material from iran should not take place until things are more settled,Asserting
trump get to work.,Asserting
bad bunny is not oldmanghost219's type of music.,Asserting
but do not feel spit on ice,Asserting
because no one else wants to hire you,Asserting
the relationship between inflation and death also affects babies,Emotion-appealing
<user> yes this is what good christian people want. and we know our president is talking about illegals.,Asserting
it is easy to leave the united states as an american if you provide value to another country.,Asserting
cute_effect_8825 is the one who mentioned their finances,Asserting
we need to put his hit squads [ice] in jail,Asserting
joke was more about trump getting impeached again than something directly about the women.,Asserting
a few popes had their “nephews” become pope,Asserting
paddymayonaise's european side of the family left europe in 1652.,Asserting
the gas prices are more expensive now in 2026 than they were during biden's presidency.,Asserting
the tuskegee airmen are all heroes.,Asserting
"trying to make people feel a certain way by comparing a limited disclosure request to states that practice pervasive, non-consensual surveillance the way you are doing it is a bad faith argument and a logical mistake.",Asserting
lcc's equal time rule doesn't apply to interviews on actually news shows,Asserting
pope benedict xvi didn’t make his brother a bishop,Analysing
"lol? you can just say ""would be sexist"", no perception necessary.",Asserting
you are also the one who is certain that knows how iranian government works.,Asserting
"iran is responsible for the deaths and maiming of thousands of us soldiers, with essentially no consequences.",Asserting
social media does not count,Asserting
pope benedict xvi didn’t make his brother a bishop.,Asserting
maybe if you weren’t so deranged and didn’t have so much hate in your heart then you all could have a sense of humor again,Asserting
cia needs mormons because they have 'very few personal scruples',Asserting
cbs has recently changed ownership to billionaires at skydance.,Asserting
80% of liberals get all of their political takes from echo chambers on reddit and tiktok.,Asserting
having to pay $3.52 for a gallon of gas is a fucking disgrace.,Analysing
"in the last year, it seems as if there are only democrats and liberals on reddit",Asserting
<user> the difference was mehdi was respectful,Analysing
jd vance does it with a couch,Asserting
"mormons are ideal for psychological conditioning, too.",Asserting
it is honestly so hard today to determine what is satire and what isn't,Asserting
"and the domestic maga base is uneducated slime, who take all their political beliefs from whoever speaks like their inbred daddy used to speak",Asserting
if you can reasonably afford going to college you should go,Asserting
<user> no it doesn't.,Asserting
it is just as likely that the iranian system was rigged for khamenei's son to become leader as it is likely it happened this way per standard iranian government practice,Asserting
the us data request is constrained by law.,Asserting
cbs have cancelled colbert's show,Asserting
jd vance's party stands only for donald trump,Asserting
a patriot is proud of their country and everything,Asserting
boomers in italy often despite this forced modernization and they are right.,Asserting
i dont think anybody is going to be able to profit off the recent bombing.,Asserting
reasonable_oak likes a pedophile.,Asserting
think about focusing on improving yourself and finding your way to a country that makes you feel better about yourself.,Asserting
gas prices in pleasant grove in mid-february weren't just above $2.80,Asserting
"if trump's generals didn't take chance of being attacked in persian gulf into consideration and don't have a plan to address it, that's f'ed up.",Asserting
<user> mtn,Analysing
reddit is more leftist than the average liberal in real life.,Asserting
"cbs sure doesn't love trump, and they showed their work, so why did colbert lie and why did he sleight other democrat candidats??",Asserting
calexit (california should exit the us),Asserting
that_biack_cat is watching this because their government tried to hide this from them.,Asserting
current gas prices are simply not what trump promised us.,Asserting
<user> this was so eerie to read i got goosebumps,Emotion-expressing
everything trump does makes the left mad,Asserting
us asks tourists for social media history while north korea and china don't,Asserting
many of the people cute_effect_8825 knows that saw them watching the news and making strategic financial moves based around them and did the same cashed out big.,Asserting
the items were then restored a day later.,Asserting
<user> regarding the strait of hormuz.,Asserting
<user> and 3/3 of libtards are bots from turkey.,Asserting
my father lived because of tuskegee airmen.,Asserting
the fact that the government tried to hide this video from them is literally the only reason <user> knows about it,Asserting
thats why school should be free,Analysing
computerredneck found his wife in mi almost 25 years ago now.,Asserting
instead of tankies want to take it down and replace it with a dictatorial oppressions government aka uusr 2.0 (no trump dos not count),Asserting
the present is truly the age of idiocracy,Asserting
<user> team are a good researchers,Asserting
<user> i think what <user> are trying to say is that there is a difference between how it is supposed to work and how it actually works.,Asserting
<user> idiocracy is when your country... dominates enemies. cool!,Asserting
<user> probably enjoy having something you can reach for that gets you some form of positive reinforcement from people.,Asserting
that being said singing the national anthem and being proud to be an american isn't a political side.,Asserting
​<user> the rich can't spend all the money they have in a thousand lifetimes!,Asserting
"pleasent grove has some of the cheapest gas in utah and utah saw the biggest spike in prices, but the city average is up about $0.70 to $0.80 on average from end of february to now.",Asserting
"<user> anyone liking the us constitution or saying a bad word or hurt dear leader feelings or pride of kim's, i mean trump's dictatorship.",Asserting
<user> i disagree,Asserting
what i hate about america is that we have the resources to give everyone here a beautiful life. we truly do. but we would rather spend those resources making evil men obscenely wealthy.,Asserting
white liberal women have been intentionally indoctrinated and socialized into having mental health issues,Analysing
real conservatives don't worship politicians.,Analysing
they have soldiers wearing sandals,Asserting
imnopotatoperson is so dense is beyond candid_vegetable5020,Asserting
we would rather spend those resources making evil men obscenely wealthy.,Emotion-appealing
the used copy of a textbook was worthless to sell,Asserting
god bless soltahrtiv-amanda5060 for bringing that up,Emotion-expressing
user is not welcome here,Asserting
"in short, you can explain it to them until you’re blue in the face and they’ll never understand it",Asserting
"<user> oh? so you're okay with using christianity to inform local and international policy? you're okay with eroding the delineation between church and state, then?",Rhetorical Questioning
<user> liked kid rock's music,Emotion-expressing
<user> they never said they wanted to leave the us? they expressed dissatisfaction between what they were told and what they saw why are you assuming they want to leave? do you want them to?,Rhetorical Questioning
did the women's team not work as hard for their gold medals?,Rhetorical Questioning
late night shows are not governed by the fcc rules.,Asserting
pipes990 gets very frustrated with the 'america bad' mindset.,Emotion-expressing
people wouldn’t be in this situation now at all,Asserting
half the time dead-in-red's textbooks had to be a new copy with an access code for homework which makes the used copy worthless to resell,Asserting
awfl's (american white female liberals) are the worst,Emotion-expressing
if humanity was united there would be 8 billion people keeping the elites in check instead of fighting each other,Asserting
"lavendereucalyptus3225 dosen’t support open borders,",Asserting
"anyone who understands ezekiel38:5 will realise that the people won't win, at least not for a long period.",Asserting
"but hey, war is delightful to those with no experience of it.",Asserting
democrats think muslims are good.,Asserting
<user> oh so you are a psychopath that thinks murdering someone for his political views is justified.,Emotion-appealing
<user> is a jackass,Emotion-appealing
<user> edit this a bit so people don't think of this comment as suggesting something else.,Asserting
"tomas-o6z has no sound listening in amarillo, texas.",Asserting
the maga are outing themselves as bigots and racists,Emotion-appealing
you can be mindful of who you vote and be aware if they take money from aipac,Asserting
black airmen didn't get any credic for anything,Asserting
seascrapo is tired of the evil that their government perpetrates.,Emotion-expressing
<user> wants to see part 2 of the video,Emotion-expressing
<user> can't understand why any decent person would continue to support trump,Asserting
trump cannot erase the tuskegee men from history.,Asserting
alpha-sierra-charlie seems to be an ardent trump supporter.,Asserting
"is <user> saying that people are jealous of the weird drunk who has a lyric that says ""i like ’em underage, see some say that’s statutory (but i say that’s mandatory).""?",Rhetorical Questioning
<user> you're just being ignorant.,Emotion-appealing
that's exactly how iranian government worked for all intents and purposes.,Asserting
talk or entertainment shows not having to apply to the equal time rule is the whole point.,Asserting
bluefootedpig was going through the textbook with their roommate in class,Asserting
<user> ​<user> but if humanity was united there would be 8 billion people keeping the elites in check instead of fighting each other,Asserting
the president's idiot followers can’t see his deliberate destruction of the economy,Asserting
"well, when 2/3 of maga influencers are russian bots.",Asserting
what trump said about getting impeached for not inviting women hockey team to the state of the union was more about trump getting impeached again than something directly about the women.,Analysing
no one is jealous of the second halftime show and the singer there,Asserting
for first time in their adult life <user> had zero doubts that americans were the good guys,Emotion-appealing
a father was deported from the us,Asserting
"r/conservative isn’t a pro-trump sub, it's a conservative sub",Asserting
just like today it takes all nationality to win a war,Analysing
a 10% increase in food prices equals a 5-8% increased risk of death in infants,Asserting
the prices hank_scorpio_obgyn says they paid for gas should be easy to demonstrate.,Asserting
but still hated trump.,Analysing
gas prices have risen up to $3.99+ in south florida.,Asserting
us is the greatest country in the world..,Asserting
"<user> ""anything""  you haven't seen ""anything"" yet you haven't seen ""nothing"" yet  i think that's a double negative and means the opposite of what you are trying to say.",Asserting
pk84 was happy to fight in the olympics for us but still hated trump.,Asserting
gas prices rocketed up to $3.52 just a month later,Analysing
the comparison of the us with north korea and china regarding data collection is factually incorrect,Asserting
the relationship between inflation and death affects the poorest areas of the american population first,Asserting
i couldn't pay attention in class [due to the shock],Asserting
ethanrobertson3008 wish paul mooney was still here with us currently under trump,Asserting
mocking trump is a right thing to do,Asserting
<user> they don't care about normal people,Asserting
"<user> you're forgetting all the third world countries, and the poor areas of the first world countries where having a piece of paper is required to have decent jobs.",Asserting
usa won the war and its just a matter of how much more iran want to lose before the sensible 1s take power and agree to the terms we give them,Analysing
<user> just thinks that it’s a good thing that <user> hasn't seen a lot of traumatic events,Asserting
the money held by americans was for f-14 aircraft that were ordered by the shah prior to 1979.,Analysing
talarico is a white man,Asserting
crockett is a black woman,Analysing
wi-fi-el: supports abolishing borders.,Asserting
"there is a decent mix of moderate republicans, centrists, maga etc. in r/conservative",Asserting
"they try hard to look american and nonchalant, forgetting they are italian and spicy mediterraneans.",Asserting
enw_digrif doen't get this.,Asserting
he 'wiped out' the wealthy california,Asserting
the guy can be knowledgeable,Asserting
the other 1\3 of maga influencers who aren't bots are just misguided.,Asserting
<user> gets their hair cut by db guys that were never mentioned in <user> video,Asserting
mormons are just a bunch of people whose parents all told them different stuff based on the same guidelines.,Asserting
"""america bad"" is something you can maybe get from psl or acp",Asserting
you are forgetting the poor areas of the first world countries.,Asserting
jd vance's party [republicans] doesn't stand for anything anymore,Asserting
intransigence only begins to describe democrats.,Asserting
i have only had to pay meal and board,Asserting
maybe jd vance's eyeliner is maybelline...,Asserting
"the quote from the video refers to ""empathy""",Analysing
white women were indoctrined,Asserting
"after charlie kirk's death, at most people will take more security measures.",Asserting
companies have historically profited off war or times of war even if the us isn't directly involved.,Asserting
"[ice actions] are inhumane, brutal and cruel.",Asserting
cbs admitted they never said the interview couldn't be aired.,Asserting
$2.53 is much more plausible than $2.35 as an outlier even if it deviates from the city average.,Analysing
i think she just hates that her tuition is so expensive,Asserting
"back up anyone that will say u.s. will lose and iran will win, and plastor them all over the internet are free, and it is not their face saying it",Asserting
the largest nsa data center.,Analysing
<user> trump's utterance was very clearly a joke and funny.,Asserting
hilldawg4president didn't disprove that specific people were put in place to have khamenei's son replace his father in case of his death,Asserting
that's why people should put in effort to make the us better,Asserting
many mormons speak a second language,Asserting
democrats install whomever they want.,Asserting
pk84 fought in nationals for muay thai and got silver.,Asserting
maga supporters are now saying that higher prices aren't important,Asserting
fascists who supported trump’s insurrection presently intend to rewrite the “rule of law.”,Asserting
trump's joke was about him getting impeached again,Analysing
sorry did the 3 americans die in a foreign nation or on american land?,Assertive Questioning
europe's goverments and democrats' goverment enabled china's domestic abuses,Analysing
jd vance wanted you to visualize that he manscapes,Asserting
<user> oh come on,Emotion-expressing
a friend of my family was a tuskegee airman.,Asserting
a person sees a man die on screen,Asserting
it’s so hard to tell what is sarcasm and what's not,Asserting
i'm tired of being a part of that.,Emotion-expressing
it always seems to be the people who don't know the first thing about the iranian government that are completely certain that they know exactly how it functions.,Asserting
it's kinda hard to feel patriotism today,Asserting
then nothing fundamental will change about shooting people,Asserting
the government had to add jackie robinson back onto the government websites,Asserting
<user> it.,Asserting
it’s like a sick joke,Emotion-appealing
we do not cry for fascists.,Asserting
popes were stopped being allowed to appoint their 'nephews' as cardinals or popes,Asserting
god bless soltahrtiv-amanda5060 for bringing tuskagee airmen up.,Asserting
<user> none of these big scary men from usa hockey team had the balls to tell trump that sexist misogynist joke was wrong.,Asserting
"people think that polygamy is a common thing in mormonism, but in fact has been banned for over 130 years",Asserting
people hate the idea of civilian control of the military,Analysing
the united states have three equal branches of government.,Asserting
that's why they avoid watching those.,Asserting
there was great backlash against the removal of jackie robinson's contribution to the fight against fascism,Analysing
that being said singing the national anthem and being proud to be an american isnt a political side.,Asserting
maga's behavior is a recipe for disaster,Asserting
<user> what are the companies names?,Pure Questioning
"but, mormons also obey orders like robots",Emotion-appealing
just stay vigilant,Asserting
blazerboy420 doesn't know either way.,Asserting
these people are insane,Asserting
i fought in nationals for muay thai and got silver,Analysing
"i have watched in my lifetime, the usa slip from the superpower to what i can really only describe as a developing nation.",Asserting
every government website erases black airmen contribution,Asserting
keep moving money to support these big businesses and it will only encourage the behavior.,Asserting
trump's deregulation is one of the primary reasons why the prices of gas have absorbed this shock so well.,Asserting
u.s army staff sargent gary starks was <user> chief at ft. campbell kentucky (101st airborne),Asserting
"​<user> omg, the misinformation here is insane.",Asserting
the fact that there seems to be only democrats and liberals on reddit sucks.,Asserting
nobody is talking about tds,Asserting
half the chamber was clapping like circus seals every time trump paused for effect.,Asserting
it's like having a job that you hate so much about it and you think it is run by incompetent people but you can't quit,Emotion-appealing
<user> maga politicians' hypocrisy will never reach them.,Asserting
"so no, the appointment of a new leader of iran is not simple selection by the previous leader.",Asserting
"the current political situation is how republicans are going to not only lose, but get schlacked in midterms.",Emotion-appealing
what its_all_made_up_yo is saying is stupid.,Asserting
<user> well from my perspective that’s a good thing,Asserting
"isaacwasabi2 is just spamming ""no.""",Asserting
glen is brilliant,Asserting
<user> ​<user> it?,Assertive Questioning
the guy in the video talking about california kept veering off course.,Asserting
all the big scary men from the hockey team just all laughed along with trump saying he would get impeached if he didn't invite the women hockey team to the state of the union.,Asserting
<user> was just busy for most of today,Asserting
the cbs news organization is run by someone new (bari weiss).,Asserting
pipes990 is very willing to talk about america's problems.,Asserting
seascrapo is tired of watching us taxpayer dollars go towards toppling governments,Emotion-appealing
wtf do you expect the men in the room with trump during his joke to do?,Rhetorical Questioning
<user> should make a video about the war in azerbaijan and armenia,Analysing
kosovo is an example of people creating new elites that oppress even more,Asserting
other people in this thread don't seem to understand how personal interests come into play,Asserting
that was the most presidential speech we have heard since biden was in office.,Analysing
polygamistic mormons are even worse than non-polygamists,Asserting
"what people in this thread are saying is ""no! america is bad in every single way because america is america and i hate america!""",Emotion-appealing
kripptonite7457 will always remember the black airmen from wwii.,Asserting
anyone who cares about history knows what those brave black heroes did and celebrates them!,Asserting
but for the old traditions you have kept it better than we did,Asserting
"between 36,000 and 48,000 nuclear weapons very likely exist in actuality and are unaccounted for",Asserting
domestic maga base takes all their political beliefs from whoever speaks like their 'inbred daddy' used to speak,Asserting
instead of tankies want to take it down and replace it with a dictatorial oppressions government aka uusr 2.0,Asserting
[people who support ice have blood on their hands],Emotion-appealing
<user> stands by everything they said about charlie kirk in this video,Asserting
keep talking about those wonderful men [black airmen] and all the others.,Asserting
"no, issacwasabi2 is not just spamming ""no.""",Asserting
you aren’t missing out on too much not going to school,Asserting
"about $800 if you pass the coding certificate on the first try for each, and you're good to go to work without college education.",Asserting
<user> jd vance is really weird.,Asserting
dukeofslut grew up near salt lake city in sandy/draper,Asserting
"the elite always will use any situation to gain more power, control and money.",Asserting
once in a while we will accidentally venture into the topic of politics during conversation and i end up truly fearing for my life.,Asserting
iran has funded numerous terrorist groups that have killed americans,Asserting
"<user>     ""i have no control over what the usa does."" you can be mindful of who you vote and be aware if they take money from aipac",Asserting
trump is not ruling on boots on the ground (deciding whether or not to send us troops to iran).,Asserting
the ones who tell people not to complain about gas prices are the ones who are worth millions,Asserting
america's status as a superpower is rapidly going away,Asserting
spineless merrick garland shouldn't have been the ag,Emotion-appealing
mormons are just people who don't know about the bad parts,Asserting
"trying to make people feel a certain way by comparing a limited disclosure request to states that practice pervasive, non-consensual surveillance the way farmerjoee is doing it is a bad faith argument.",Asserting
taking some border jumpers in and supporting them would make <user> feel better,Analysing
how many border jumpers will <user> take in?,Rhetorical Questioning
the fact that the woman at the end of the video asked if arrested guy has someone having his 'emergency contact' says a lot about the mental state of liberals,Asserting
you are only pretending that you care about ukraine,Asserting
nowhere in the us has seen such an increase from $2.15 to $3.53 as hank_scorpion_obgyn is reporting.,Asserting
we cannot allow tuskegee airmen's contribution being removed!,Emotion-appealing
"""this culture belongs to these people."" ""you are either white or not, and there's nothing in between"".",Asserting
the erasure of black airman is totally shameful,Emotion-expressing
moving money to support these big businesses will only encourage the behavior.,Emotion-appealing
<user> can't blame men for chasing asian women,Emotion-expressing
saying other people were born without brains is something leftists do when they disagree with someone,Asserting
"charlie kirk's murder affected me a lot more than the trump shooting, and not just because this time someone had actually died.",Asserting
the president's authority to decide what the government funds are being spent on may hit the supreme court.,Asserting
government even tried to erase jackie robinson,Asserting
since when is <user> okay with politicians deciding what can and cannot be shown on tv?,Rhetorical Questioning
naval academy faculty were outraged by the removal of items that were deemed diversity related,Emotion-appealing
<user> id rather have sleeping joe back he dosen't use the national guard on his on citizens like fuhrer trump,Asserting
<user> yeah that's not how being a general or admiral works,Asserting
<user> healthcare,Asserting
i don’t support open borders,Asserting
<user> just don't import migrants like you did for pakistan and iraq and syria.,Asserting
<user> knew a couple of guys doing life in military prison,Asserting
"if cplusequals wants to say ""nah, this is fine. this is normal and not that bad"", they can go ahead.",Emotion-appealing
this subreddit is just the left coming here to talk shit on the right.,Asserting
reasonable_oak and timcuculic should definitely agree that trying to extort a foreign ally into announcing a fabricated investigation into his political opponent by withholding congressionally approved funds for said country is impeachable.,Asserting
"hadi rahim stands by everything he said about charlie kirk in his video ""charlie kirk is a racist.""",Asserting
pk84 is a deranged human who cheers for violence against his political opponents,Emotion-appealing
cplusequals broke into a smile when they saw the usa got khamenei in one of the first strikes of the war.,Emotion-expressing
why did colbert sleight other democrats ?,Rhetorical Questioning
imnopotatoperson is a 19-year-old redditor who just jumped on a bandwagon and now has to pretend they really give a shti about ukraine.,Asserting
"<user> it's difficult to leave the us. if you don't have a degree specifically, you don't have many options. there's also cost and the fact that your family is here. it's not as easy as saying ""i think i'm going to leave now""",Asserting
once in a while me and my affluent white female urban liberal wife and i will accidentally venture into the topic of politics during conversation and i end up truly fearing for my life.,Asserting
"jd said: ""i'm a never trump guy. i never liked him.""",Asserting
supporting ukraine is the proper conservative opinion.,Asserting
<user> is kinda happy when seeing americans having to pay something for gas,Emotion-expressing
the fact that people want to make everything a political issue is exhausting.,Asserting
the us social media request is constrained by law,Asserting
soldiers on the ground is likely to control some sort of forward operating base,Asserting
the people who were complaining about prices during biden's presidency and are now telling people not to complain about gas prices say that january 6th was antifa violence,Asserting
it’s hard being a republican that doesn’t agree with trump.,Analysing
"<user> i think you are referring to o'bozo, your favorite president.",Asserting
hadi rahim has always vehemently disagreed with kirk on 95% of issues.,Asserting
that’s just the energy this debate had.,Asserting
how system in iran actually works when people get involved is a different thing,Asserting
there is a saying that the internet has made people comfortable with saying stupid things and not being punched in the face for it.,Asserting
u.s army staff sargent gary starks savagely raped his mother's next door 67 year old neighbor,Asserting
hilldawg4president is pretending it’s black and white when it most definitely is not.,Asserting
connorthebluejay isn't any better than thehadirahim if they think that is a good thing that somone was murdered.,Analysing
cbs came up with this stunt to cut out crockett,Emotion-appealing
sign up for a free bp premium month trial using code: bpfree26 at breakingpoints.com,Phatic-maintaining
there is a huge portion of america-hating americans on reddit,Asserting
what the other people in the thread are trying to say is that there is a difference between how the iranian government is supposed to work and how it actually works,Asserting
<user> buddy told them that he was in world war ii,Asserting
china and north korean rely on direct surveillance instead,Asserting
dad_jokesnbutt_stuff gives zero fucks about reasonable_oak or their opinion,Analysing
<user> there are so many people who say that school is a scam. school can be or not be a scam. it’s more of a gamble.,Asserting
the father had a 30 year old very handicapped child.,Asserting
no one can understand what bad bunny is saying,Asserting
"there really are some men with long, dark lashes.",Asserting
but you arent any better than him,Emotion-appealing
trump even had said that he would invite women [to the oval office] and people liked it,Asserting
this line that democrats “value illegals more than citizens” is just lazy red-meat rhetoric.,Asserting
$3.52 is literally the price hank_scorpio_obgyn paid for gas this morning.,Asserting
octogirl2046 likes themarkangeli's comment.,Asserting
trump's got the right idea.,Asserting
<user> jd vance's party doesn't stand for anything anymore--except donald trump.,Asserting
last week thelimeycanuck reported a comment glorifying the wannabe trump assassin by name and calling him a patriot and national hero.,Asserting
"what diabeticbutnotfat went to the dean with was a different situation, but things get done.",Asserting
this sub hasn't been republican for a while now.,Asserting
apparently the american military forces took out ali khamenei's temporary replacement along with ali khamenei.,Asserting
“speculators” is the reason….im told 🤷‍♂️,Asserting
"for the record, a lot of mormons are just normal people",Asserting
enw_digrif doesn't get what pipes990 is saying,Asserting
charlie kirk did say some wild things.,Asserting
fate loves irony,Analysing
<user> no one can understand what bad bunny is saying. not even spanish people.,Asserting
"a lot of mormons are just normal people, raised in a different culture.",Asserting
the president actually gets shot,Asserting
"if you don't have a degree specifically, you don't have many options.",Asserting
fcc do apply to interviews on actually news shows.,Asserting
2/3 of maga influencers being russian bots and the domestic maga base being uneducated slime is a recipe for disaster.,Asserting
"people can vote how they want, criticize who they want, and still not owe h3nchman_24 ideological purity.",Asserting
the person sleeping on a doorway was someone's child.,Asserting
people talk about polygamy like it's something that hasn't been banned in mormonism for over 130 years,Asserting
people are becoming facists because of being brainwashed,Asserting
"<user> $3.79 where yawatt lives right now, whole dollar up from a couple weeks ago.",Asserting
"it’s quite sad really,",Asserting
i've watched the news [regarding us war with iran] and have made strategic financial moves based around them.,Asserting
the guy talking about california legislature is not well-mannered,Asserting
yeah they're helping the citizens overthrow their government but considering how china has stopped all gas and diesel exports.. i think that was the real reason,Analysing
this sub being republican is just a mask.,Asserting
this could ripple into 2028 if we this war doesn't end.,Analysing
<user> jd is peter thiel’s “boy.”,Asserting
"and for the record, a lot of mormons are just normal people raised in a different culture.",Asserting
the catholic church is now a monarchy without nobility,Analysing
"oh, so the iranian leader just hand selects the successor through a committee",Asserting
$2.53 for a gas is going to be in the top percentile cheapest gas in the country from that time.,Asserting
subscribe now for more! listen to the meidastouch podcast! apple podcasts: <url> spotify: <url>,Asserting
we know who the tuskegee airmen were.,Asserting
so many people stopped supporting trump it’s wild i wonder how many of you are left,Asserting
the guy in the video talking about california state legislature is wrong about that issue,Asserting
"mormons so rather than being terrible horrible people who actively support a ton of evil shit, they're just people who either don't know about the bad parts or don't want to leave their comfort zone to confront them.",Analysing
iranian leaders are not fighting the monarchy.,Asserting
haha,Emotion-expressing
everything is great except koshertriangle wife's view on anything political where they are mostly at odds lol.,Analysing
<user> will pass on the sacrifice of the brave black heroes who fought against fascism,Emotion-appealing
you're a 19-year-old redditor who just jumped on a bandwagon,Asserting
you are a pedophile because you support donald trump,Asserting
"funny how that works, eh?",Phatic-maintaining
unknownspeaker does not pretend to know everything about the cases mentioned in the discussion.,Asserting
yvanmargineanu9807 thanks meidatouch,Phatic-maintaining
it bugs santaneria how gullible people were to vote donald trump back.,Emotion-expressing
maga politicians have been rewriting the past as quickly as it happens.,Asserting
we stand up for justice,Asserting
dweebulot was getting a steal when it comes to gas prices.,Emotion-expressing
"cbs sure doesn't love trump,",Asserting
<user> i don't know,Phatic-maintaining
utah saw the biggest spike in prices of gas.,Asserting
the midshipmen were outraged by the removal of items that were deemed diversity related,Emotion-appealing
we don’t even get oil from iran,Asserting
federal agents hiring mormons is more about the lack of vices among mormons.,Asserting
<user> for me it was textbooks.,Asserting
the hypocrisy of people who were complaining about prices during biden's presidency and are now telling people not to complain about gas prices will never reach them,Emotion-appealing
would it have been better for trump not demean the female team with his comment?,Assertive Questioning
"americans critical of our country don't ""hate"" it, they just want to see it do better.",Asserting
my buddy had agent orange in war.,Asserting
neither of people in the conversation have supported their point with anything other than arm chair googled info.,Asserting
"thirst for power, money and control is in out human nature",Asserting
so this reddit forum isn't actually a republican forum?,Pure Questioning
1churchgirl151 wishes paul mooney was still alive.,Emotion-expressing
trump is a narcissist,Asserting
is part 2 of <user> video going to feature the hundreds of lifers she left out?,Rhetorical Questioning
lavendereucalyptus3225 does not support open borders.,Asserting
trump refused to call the national guard to pacify jan 6 rioters because he was too busy enjoying watching what he was seeing.,Asserting
"in the process of choosing a new leader in iran, first candidates are selected by the guardian council, a body that is 50% appointees of the supreme leader, and 50% appointees of the judiciary.",Asserting
what trump said about getting impeached for not inviting women hockey team to the state of the union was funny.,Asserting
that's exactly how iran's goverment worked for all intents and purposes.,Asserting
"thank you, mr newsom.",Phatic-maintaining
"dad_jokesnbutt_stuff should find a hobby, go outside, or do something.",Analysing
"i think her having a ""smash capitalism"" sticker means she just hates that her college tuition is so pricey",Asserting
r shitpoliticssays deals less with policy discussions,Asserting
there will be “crimes” invented by fascists who supported trump’s insurrection,Emotion-appealing
iran already have nuclear bomb (just going off of clues like how rubio was saying israel forced our hand) and maduro confirmed the info,Analysing
supporting ukraine is the right thing to do,Asserting
<user> it always seems to be the people who don't know the first thing about the iranian government that are completely certain that they know exactly how it functions.,Asserting
<user> wishes it was a feat to find 20 people without brains,Emotion-appealing
this subreddit evolved further to a bunch of nationalists,Asserting
in us you can just throw a dart with your eyes closed and find a far-right conservative,Asserting
"it was a case that the previous two times when democrats wanted to impeach trump, they have tried to found anything.",Asserting
you guys have fun not supporting trump,Asserting
vices is another reason to recruit mormons.,Asserting
it was possible for the conservatives to capture a portion of the voting population,Analysing
because they are a certain kind of lefitst),Asserting
meiguichronicles is glad they found a path without it.,Analysing
"omg, the misinformation here is insane.",Asserting
"conservatives and their corporate media conglomerates, succeeded in getting a sizable portion of the voting public",Asserting
bari weiss now runs the cbs news organization,Analysing
"people just blindly saying “deep state bad, bureaucrats bad"" are anarchists who just want to break government.",Asserting
cbs news organization is run by someone new,Analysing
<user> you haven't seen nothing yet. but remember. this is what a majority of good christian people wanted 🤔.,Asserting
because i didn't have the book.,Asserting
the strait of hormuz will be open again by november,Asserting
[trump deported] a purple heart recipient (a soldier wounded permanently as a result of participating in a military action),Asserting
the quote from the video came from the mouths of babes,Emotion-expressing
we had a beautiful rally in west la (westwood),Asserting
"<user> no, u.",Asserting
hank_scorpio_obgyn paid $3.52 for a gallon of gas this morning.,Asserting
josephpoveromo8068 should try to disprove a single argument mehdi hassan made.,Asserting
i've watched the news and have made strategic financial moves based around them.,Asserting
"is the only reason trump invited women's team [to the oval office] because if he did not, he would be impeached?",Assertive Questioning
"<user> that’s not what i said, i just think that it’s a good thing that they haven’t seen a lot of traumatic events, obviously i don’t think kirk deserved to be killed",Asserting
why did colbert lie?,Rhetorical Questioning
trump's joke was about him getting impeached again for some stupid reason,Asserting
"the news organization is run by someone new (bari weiss, caving to trump left and right including refusing to air a 60 minutes piece on what is happening to immigrants in this country)",Asserting
i'm sure the mods are all fake-republicans,Asserting
@ worldly_support7220 i mean to put in american scale this is like trying to save california and nevada,Asserting
the quote from the video is in response to maga’s logic,Asserting
"best line of the interview, just bcs something isnt affecting you doesnt mean you cant stand up to something that is wrong",Asserting
we're talking about idolizing and not questioning trump's opinion and stances,Asserting
<user> you must realize this also can apply to you as well,Asserting
it seems basic logic is hard for you,Analysing
merrick garland’s weakness is one of the contributing factors to the disaster we’re seeing and experiencing!,Asserting
just a point about anything trump does or doesn’t do the left wing will be mad and out for blood.,Analysing
some of people who are tired of leaving this way have guns.,Analysing
apparently we took out khamenei's temporary replacement too.,Asserting
"maybe people will take more security measures, but you will be left with the same ol same ol us of a.",Emotion-appealing
your argument about women's joke is full of flaws and contradictions.,Analysing
<user> attacking and firing on media or detaining them violatees federal and state law called prior restraint and also violates the california bane act.,Asserting
no one acts with respect for the feelings of others,Analysing
"if cplusequals don't want to believe hank_scorpio_obgyn, they can go ahead.",Asserting
<user> what are the names of companies making profit and stockholders getting rich off the war in iran?,Pure Questioning
because you don't get to use christianity as an excuse when it suits you.,Asserting
democrats think racism other than towards white people is bad.,Asserting
north korea inspects devices and controls people's movement outright.,Asserting
turning point usa's alternative halftime show is a prime example of creating division between people.,Asserting
i got marked down a full letter grade even though i going through the book with my roommate in class.,Asserting
comparing iran and vietnam war is a ridiculous comparison,Asserting
americans critical of our country [usa] don't hate it,Asserting
powerful-touch-7961 doesn't want to see tankies who want to take it down and replace it with a dictatorial oppressions government aka uusr 2.0,Asserting
in trump joke's point was that anything he does or doesn’t do the left will be mad and out for blood.,Analysing
the rising gas prices could have consequences in the 2028 elections if this war doesn't end.,Asserting
a father had a 30 year old very handicapped child,Asserting
"so, it quite plausible, even though it seems like a conspiracy.",Asserting
a federal court decision in the nixon presidency determined that the president must spend the full amount of funds allocated by congress.,Asserting
if you truly had the work ethic or talent to merit consideration for immigration in another country you could do it.,Asserting
how was iran called in the video?,Pure Questioning
<user> we do not cry for fascists.,Asserting
their contribution was removed.,Asserting
you cannot be sure whether iranian system is rigged or not,Asserting
mehdi hasan's interruptions during the debate were mostly to clarify or understand something.,Asserting
people saying that gas prices aren't imporant probably haven't yet experienced the real consequences of the price spike,Asserting
<user> <user> no....................they would form own elites and oppress even more------kosovo,Asserting
pk84 can even hear some of the men hockey players say “hell yeah” or something similar when trump first says he’ll invite the women to the state of the union too.,Asserting
who is running the country?,Rhetorical Questioning
"geez, priorities for people are not what they should be.",Analysing
colbert was verbally told that he couldn't air this interview,Asserting
when 2/3 of maga influencers are russian bots.,Analysing
"it's how new trends, traditions, and cultures form after all.",Asserting
this democrat (mehdi hassan) is just making arguments to make people angry.,Asserting
<user> but you know we had biden sniffing girls hair for 4 years during photo ops but apparently that was ok for you?,Rhetorical Questioning
otherwise trump wouldn't be impeached?,Pure Questioning
imnopotatoperson wants people to think they are really smart and worldly,Asserting
"<user> in the last year, it seems as if there are only democrats and liberals on reddit",Asserting
thehadirahim shouldn't feel a need to defend their video,Asserting
vz production will have picked up by november,Asserting
situations like abolishing borders have always been used by the elites,Analysing
"people can kindly see the part 2 of the video here: ""<url>",Asserting
the united states request self-reported identifiers (usernames) on some applications.,Asserting
lol!,Emotion-expressing
u.s army staff sargent gary starks is in doylestown correctional facility,Asserting
"computerredneck got lucky, then.",Asserting
interrupting mehdi hasan to belittle someone or insult or be openly racist towards other people are all things multiple of the 20 far-right conservatives in this group did to him.,Asserting
<user> i might be 50% italian and 50% greek,Asserting
"it's not as easy as saying ""i think i'm going to leave now""",Asserting
gas prices are high again,Asserting
if the whole world united then the 8 billion people would form their own elites and oppress even more.,Asserting
the rest of the world is living in a place where having a piece of paper [a degree] is required to have decent jobs.,Asserting
soldiers can just as easily be the most effective tool of fascists,Asserting
"<user> there's a difference between having a good immigration system and converting guantanamo into a camp, or deporting people who are either legal or trying to be legal while trump convinces everyone that every immigrant is a rapist or a gang member.",Asserting
<user> they are called awfl’s for a reason.,Asserting
there is a white female liberal at the end of the video circulating around as the guy who threw an incendiary device is getting arrested,Asserting
"requirement for social media identifires expanded notably around 2019, primarily under enhanced vetting policies.",Asserting
seascrape expressed dissatisfaction between what they were told and what they saw.,Asserting
"when i found out he was shot, i had the misfortune of seeing the video.",Asserting
the people worth millions who tell others not to complain about gas prices don't understand normal people.,Asserting
fcc don't want colbert giving time to anyone running for office who might challenge trump.,Asserting
just because meiguichronicles does not have it bad doesn't mean they should ignore what others are going through.,Asserting
"do you want the entire population of people who want to leave this country, but can't, to just drop into the void?",Assertive Questioning
there's no difference if there are soldiers on the ground in iran,Asserting
cplusequals' area went from $2.60 to about $3.10.,Asserting
cute_effect_8825 didn't know about the whole bombing situation in iran until today.,Asserting
"""america bad"" is something you get from a small subset of terminally online, hyper-obsessives",Asserting
"us corporations practically have a monopoly over online media,",Asserting
abolished borders would be used by the elite to gain more power,Analysing
if the rest of the world was the us then theiromia would be right,Asserting
what everyone else is saying to them though is that how the system is supposed to work and how it actually works when people get involved are two different things.,Asserting
"a political commentator, an internet celebrity who held no public office, was murdered in cold blood",Asserting
<user> loves that the ones who tell people not to complain about gas are the ones who are worth millions,Emotion-expressing
people on the video just choose not to use their brains.,Asserting
more arrests have been made with the antifa riots.,Asserting
<user> is ignorant for not reading the news or going online,Asserting
leadership in iran is determined with several government bodies weighing in.,Asserting
this spike in prices is related to the price of oil and not because of regulation,Asserting
"if alpha-sierra-charlie is going to criticize david hogg's politics, they should go wild.",Asserting
us almost worked with churchill to turn on the red army,Asserting
iranian people have been fighting for 17 days and they are being killed.,Asserting
you don't have a clue what you're yapping [talking] about.,Asserting
calexit,Asserting
satan wants his cut.,Asserting
"and we can take care of our less fortunate, we're just too busy giving the rich tax cuts and gutting program's that help americans the republicans say they run on christian principles and then show themselves to be the ultimate hypocrites.",Asserting
<user> married to a white female liberal,Asserting
"rrump claims that ""iran's nuclear capabilities were totally obliterated"" during midnight hammer",Asserting
seascrapo is tired of being a part of the us,Emotion-expressing
the strait will be open again by november,Asserting
china has nationwide biometric cctv,Asserting
casty_who should do to x,Asserting
<user> thank you governor!!!,Analysing
there is no solid evidence that professor jiang xueqin has a reliable predictive model for geopolitics,Asserting
since when are you okay with politicians deciding what can and cannot be show on tv?,Rhetorical Questioning
"if the president gets shot, despite being shocking and horrifying, it only usually means that the secret service just had a bad day.",Asserting
that way we could stop worrying about international rivalries,Asserting
"the president of the united states will always be a target. if the president actually gets shot, it's shocking and horrifying, but it usually means that the secret service just had a bad day.",Asserting
"<user> is spamming ""no""",Asserting
<user> alright,Phatic-maintaining
previous middle east wars just flooded the us and europe with islamic refugees that hate what the us has done,Asserting
i grew up in a context where having a generally positive view of america was looked down on,Asserting
there's little chance gas prices will be at or above the current $3.80 by november 2026.,Asserting
nowhere in the us has seen such an increase as you're reporting.,Asserting
they only know how the system in iran is supposed to work.,Asserting
<user> is way more right wing than they pretend they’re not,Asserting
reasonable_oak and timcuculic don't want a corrupt government,Emotion-appealing
trump has a team of people who watch for anything with his name while he falls asleep standing up or is in a meeting.,Asserting
biden gift-wrapped ukraine for the russian,Assertive Questioning
those are patriots who were on basically a walking tour.,Asserting
"<user> if there are americans who just want to see their country do better then they should word it differently. i am very willing to talk about our countries problems, but you gotta come with solutions, not just bitching.",Asserting
and nobody should consider your opinions,Asserting
<user> maybe he's born with it maybe it's maybelline...,Analysing
<user> white fathers was denied the pilot position in the airforce,Asserting
kudos.,Emotion-expressing
the girl born with only half a brain tengen-sama knew went on to get a masters degree in law.,Asserting
marriage of catholic priests was stopped.,Analysing
"""america bad"" mindset isn't a real thing",Analysing
school is such a scam.,Asserting
<user> has seen <user> video about uk women sentenced to life in prison,Asserting
democrats even tried to kill trump.,Asserting
cbs don't want the black woman to win the democratic primary.,Asserting
the celebration of the exceptional nature of usa is actually a type of post-irony,Asserting
being republican used to mean principles are more important than personalities.,Analysing
<user> ends up truly fearing for his life when talking about politics with his wife,Emotion-expressing
not even china or nk demand the level of social media history that the us does.,Asserting
the united states air force may be able to take the tuskegee airmen out of the history books.,Asserting
"but now americans who was one time on the left path, immigrants, trying to be the ones talking down on other immigrants who are gonna becoming americans at one point of their life. illegal is not good. let it be true.",Asserting
and the gas prices were cheaper than now,Asserting
"the posts that say ""flared users only"" are the republican forums",Asserting
"but ""america bad"" is less a real thing, and more something you get from a small subset of terminally online, hyper-obsessives, and some select groups.",Asserting
you talk about the empathy yet don't feel any empathy toward ice,Asserting
some people just won't learn,Emotion-appealing
people saying that gas prices aren't imporant probably haven't yet experiences the real consequences of the price spike,Assertive Questioning
it's not just 'crazy times',Asserting
farmerjoee's claim works if they assume china can't access people's info without their permission,Asserting
cplusequals claims hank_scorpion_obgyn's self-reported gas price simply isn't credible.,Asserting
few popes reign long enough to get their illegitimate sons into the priesthood,Analysing
how to extract a second maduro out of his palace?,Asserting
"<user> yeah, hilldawg4president doesn’t seem to understand how human nature and personal interests come into play",Asserting
<user> should stop using ground news,Asserting
some comments have some sense and they're shut down by downvotes or moderators.,Asserting
colbert and talarico didn't want to give the black woman fair time,Emotion-appealing
<user> you guys shitting on him for calling it the worst thing he's ever seen as if he doesn't mean it literally. no one wants to see videos of people dying that's why they avoid watching those. getting fucked up cause you see a man die on screen doesn't suddenly mean you don't care about gaza. go outside,Asserting
many of the people i know that saw what i was doing and did the same cashed out big.,Asserting
from connorthebluejay's perspective it’s a good thing that thehadirahim hasn't seen much horrible things.,Asserting
zimbabwe has a tornado touch down and it immediately pumped [gas] prices jump 40 cents [per gallon],Asserting
"<user> don't feel a need to defend your video about kirk's racism after his murder. a person dying doesn't suddenly turn them into a saint, and yes, it is a sign that something's deeply wrong with our country. people are loosing their patience with the system, people are tired of living this way and some of those people have guns.",Asserting
<user> cute_effect_8825 is saying they are just trying to survive. they have no control over what the usa does. or what's happens in a far away places.,Asserting
<user> kamacha harris,Asserting
people are tired of living this way,Asserting
something more seriously wrong with the us,Analysing
"thehadirahim stands by everything they said about charlie kirk in this video,",Asserting
trump's joke wasn't offensive,Asserting
making money at the cost of lives cute_effect_8825 is profiting?,Rhetorical Questioning
no seascrapo did not explicitly state they want to leave,Asserting
a person dying doesn't suddenly turn them into a saint,Asserting
<user> maga's hypocrisy will never reach them.,Asserting
i didn't know about the whole bombing situation until today,Asserting
"<user> if and when the white liberal females get into trouble, they will be the first ones to ask for white men to step in and help",Asserting
this wasn't a $0.15 increase of gas prices. it's a dollar or more in a lot of places,Asserting
people related to the removal of the pro-diversity content are bigots,Asserting
californians arme yourselves,Asserting
i've always vehemently disagreed with kirk on 95% of issues,Asserting
<user> faelwolf is old enough to remember when gas was 35 cents a gallon....,Asserting
⁠<user> okay believe the liar who constantly lies out his liar hole instead of the guy who stands up to bullies,Analysing
shame on the democrats and leftist european leaders for creation of islamic republic,Asserting
the strait of hormuz will be open again by november 2026.,Asserting
"""it's shown the hebrews to be bad at war."" cute_effect_8825 is a fucking idiot",Emotion-expressing
i’m not saying you’re right.,Asserting
margiesved3616 and their siblings grew up knowing their father lived thanks to the tuskegee airmen.,Asserting
personally i don’t think we should welcome the unfortunate from other countries when we should be helping the unfortunate from our country.,Asserting
"attacking and firing on media violates federal and state law, and also the california bane act",Asserting
"then that was stopped as well. then the nephew thing. now it’s an elected, absolute, non hereditary monarchy, without nobility.",Asserting
trump is currently issuing executive orders to attempt to shut down government departments only congress has the authority to shut down.,Asserting
$2.15 per gallon of gas is significantly below the state averages for even mississippi during the cheapest weeks in february 2026.,Analysing
china and north korea don’t ask for social media identifiers.,Asserting
there are companies making profit and stockholders getting rich off the war,Asserting
having 'catchphrases ready' is acting like a cult member,Emotion-appealing
they have updated the acronym to awful: affluent white female urban liberal.,Asserting
mormons are not terrible horrible people who actively support a ton of evil shit,Analysing
it’s so funny to hear that imnopotatoperson thinks maga are russian bots,Emotion-expressing
"people were banned on subreddits only because they were posting on other subreddits, dedicated to other political options",Asserting
that's always what i hear people saying about them like it's some kind of common thing and not something that hasn't been banned in mormonism for over 130 years.,Asserting
there are so many heartbreaking stories about ice activity already,Emotion-expressing
robot_engineer paid $2.59/gallon of gas 5-6 weeks ago.,Asserting
black airmen have fought against fascism to keep us all free.,Asserting
liberals believe literally anything that is told to them even if it’s been proven false a multitude of times,Analysing
<user> my father died at 101 earlier this year.  he navigated bombers in europe during ww2.  and he lived because of tuskegee airmen.  we grew up knowing this.,Asserting
trump is wearing orange foundation,Assertive Questioning
carter's decision is what made ayatollahs' rule over iran possible.,Asserting
"<user> i'm pretty sure a firefighter died in the trump shooting, but it wasn't shown as graphically.",Asserting
<user> should never pay anything to the bourgeoisie to tell him how to view the world,Asserting
cute_effect_8825 has made strategic financial moves based around the news.,Asserting
destroying the economy risks turning iranian citizens against usa,Asserting
the trump administration won't be held accountable soon enough,Emotion-appealing
"diversity related has been widely interpreted by the military services, and many others to mean anything that recognizes women, and people with minority backgrounds.",Asserting
iran's foriegn minister just said everyone but usa and israel can go through with is effectively iran blocking 1st,Asserting
imagine if newson ordered local police and state to arrest ice,Asserting
doing improv was a great way for seth meyers to make trump publicly coming after him into a hilarious moment.,Asserting
"<user> cplusequals is focusing on the gas prices, because it takes it from laughably unbelievable to just very unlikely considering how it deviated so significantly from historical data.",Asserting
wi-fi-el is a fool and should stop dreaming.,Asserting
"<user> yes, that was the time and place to speak up and say sorry mr president i feel that comment was wrong.",Asserting
<user> has no doubt the black airman recognition will come back,Emotion-expressing
"the reason for usa war with iran was to prop up israel, an ally the rest of the world and our own country hates more by the day",Asserting
"r/shitpoliticssays deals less with policy discussions, though, and more pointing out the faults in the left.",Asserting
"usa citizens don't want a corrupt government, do they?",Rhetorical Questioning
<user> ex : elizabeth warren is an example of an white female liberal with a questionable mental state,Asserting
"here in america, we simply “follow orders” (written into the federal constitution)",Asserting
healthcare,Asserting
fcc wishes the equal time rule would apply to talk and entertainment shows,Analysing
"culture is meant to be shared, enjoyed, and sometimes even joked about.",Asserting
bluefootedpig got marked down a full letter grade because they didn't have the book.,Asserting
<user> is exceptionally ignorant,Emotion-appealing
trump's been promising stable gas prices since the first time he ran for president in the early 2000s.,Asserting
thehadirahim's thoughts are with charlie and his family.,Analysing
the fcc rule doesnt apply to interviews on actually news shows.,Asserting
1. “ex post facto” means “out of the aftermath.”,Asserting
"""youtube democracy docket"" is worth the watch",Emotion-appealing
it sounds like superfreak401 is describing democrats more than anything.,Asserting
was the other halftime show painful to watch?,Analysing
it’s more of a gamble.,Asserting
"not only that,",Asserting
talarico can definitely sway republicans to his side.,Asserting
<user> not blindly.,Analysing
<user> asks <user> to use the correct historical name,Asserting
"just to be sure, trim the tree to the roots.",Asserting
thanks to dad_jokesnbutt_stuff as well for proving reasonable_oak point,Analysing
"when thehadirahim found out charlie kirk was shot, they had the misfortune of seeing the video.",Asserting
<user> should please take care,Emotion-appealing
the supreme leader would probably just shoot the officials he appointed in the street if they told him no.,Asserting
you get your job in it,Asserting
<user> has that been proven?,Asserting
the president getting shot usually means that the secret service just had a bad day.,Asserting
trump tried to extort a foreign ally by withholding congressionally approved funds for said country,Asserting
the problem was the 'conservatives' have harmed all of us just by capturing that portion of the voting population.,Analysing
meidatouch should delete this video and put in a video governor's speech,Asserting
😊😊😊,Phatic-maintaining
thank you!!,Emotion-expressing
"cute_effect_8825 saying they follow trump with a dedicated ai was so eerie to read, that ultimately42 got goosebumps.",Emotion-expressing
like zero question about hating the us,Asserting
"the 'conservatives', and their corporate media conglomerates, succeeded in getting a sizable portion of the voting public to harm and compromise their own quality of life",Analysing
literally the only reason otterelise1754 knows about stephen colbert's interview with james talarico is because their government tried to hide it from them.,Asserting
foxbijou982 is not from the united states.,Asserting
<user> rational comment = upvote,Asserting
my father navigated bombers in europe during ww2.,Asserting
that murdering someone for their political views is justified is not what connorthebluejay said.,Asserting
<user> good for you,Phatic-maintaining
does lankyevilme mean the top half europeans with the non-working brains?,Asserting
jd vance looks like literally the opposite of what his party stands for,Asserting
"blazerboy420 is not saying hilldawg4president or helpful_blood_5509 are wrong, but they are not saying hilldawg4president or helpful_blood_5509 are right.",Asserting
<user> should support some border jumpers,Asserting
you probably enjoy having something you can reach for that gets you some form of positive reinforcement from people.,Asserting
food for thought.,Analysing
kirk getting killed is a sign that something's deeply wrong with the us,Emotion-appealing
the people who tell others not to complain about gas prices are real rich,Asserting
but like you said,Phatic-maintaining
what is even crazier than the government trying to hide stephen colbert's conversation with james talarico is that cbs says stephen colbert is lying.,Asserting
have the people worth millions who tell others not to complain about gas prices ever bought groceries?,Rhetorical Questioning
the 'conservatives' were just a later development in the longest con job in the history of the world,Asserting
finally somebody is standing up to dictator felon 47.,Asserting
small government republicans and the constitutional purist republicans are hard to find these days.,Asserting
jd vance is a creepy guy.,Asserting
the variance in price increase across the us is actually extremely low with virtually all states seeing similar increases.,Asserting
"companies making profit on the warlike rockefeller, chevron, shell, bp, baron trump, ect.",Asserting
<user> i don't get this.,Asserting
"the usa are nowhere near the gas prices seen during the ""i did that"" period in 2022.",Asserting
half of the us population have no brain/is a far-right conservative,Asserting
<user> add <url> to their comment,Emotion-appealing
"if dweebulot does have a receipt for $2.53, they should please post it.",Assertive Questioning
people who are telling others to not complain about prices made their entire living by being pro trump.,Asserting
"also, until you some disprove that specific people weren’t put in place to achieve this iranian election outcome in this circumstance, you cannot say that helpful_blood_5509 is “believing factually incorrect things.”",Asserting
why can't we just have one normal year?,Rhetorical Questioning
"yes, cbs used that rule to tell colbert he couldn't air it",Asserting
what are the names of companies that are getting rich off of the war in iran?,Assertive Questioning
"if there's one thing you can take from catholics, it's that their religious leaders and kings cannot have heirs",Asserting
hadi rahim should not feel a need to defend his video about charlie kirk being a racist.,Asserting
<user> i think what helpful_blood_5509 is trying to say is that there is a difference between how choosing the next supreme leader is supposed to work and how it actually works.,Asserting
anyone who cares about history celebrates the brave black heroes,Analysing
<user> didn't start their response with saying anything about alternatives to leaving.,Asserting
<user> was just responding to “always enemies” being not true,Asserting
people like you make no sense to me,Emotion-appealing
"saying they “don’t even do this” is incorrect. they do far more, just without disclosure.",Analysing
"<user> the two most unrealistic things about idiocracy is that it would take humanity 500 years to reach that point; and, despite their stupidity, they still had the common sense to put the smartest person they could in charge.",Asserting
a church is not a homogenous entity where everyone in it believes and preaches all the same things and actively supports every single part of it. it's just a bunch of people who's parents all told them different stuff based on the same guidelines.,Asserting
the woman from the meme hates that her tuition is so pricey,Asserting
"bad mean good,",Asserting
seascrapo never said they wanted to leave,Asserting
"so no, appointing the successor is not simple selection by the leader",Asserting
just cuz mehdi's arguments made you mad doesn't mean he's wrong. if facts make you mad then its time to do some self reflection,Asserting
the president can't halt government departments.,Asserting
even though i was in class with my roommate and going through the book with him in class.,Asserting
genxmiss and lorihultin are wrong,Asserting
smh,Emotion-expressing
firestarfan111 supports open borders.,Asserting
us doesn't depend on the straight being open/unobstructed.,Asserting
saying the cbs forbid colbert from airing the interview was all a hoax by colbert and talarico,Emotion-appealing
kohounees did say most of u.s. americans are originally from europe,Asserting
something is deeply wrong with the us,Emotion-appealing
is dad_jokesnbutt_stuff ever happy?,Rhetorical Questioning
"yes, it is completely possible that they were close at times and then they weren't and that happened over and over again",Asserting
osdatasian likes learning different ideologies and what people support.,Asserting
"you have just the big 3 certificates (net+,a+,sec+)",Asserting
bad bunny is a good example of why the streisand effect is beautiful.,Asserting
you can love your country and still hate the current state it is in,Asserting
the trump administration are misogynists on a cellular level,Emotion-appealing
<user> obama did it too! but no one cried before.,Emotion-appealing
"trump refused to call in federal troops to stop the rioters on january 6, 2020.",Analysing
jd vance isn't wearing eyeliner,Asserting
student loan debt is bullshit.,Asserting
what jd really meant was a true american male wears eyeliner.,Asserting
why can't we just have one normal year..?,Rhetorical Questioning
faewolf thanks blasikov for the tip and tells them to get off their lawn.,Phatic-maintaining
a lot of what i thought were american values were just lies and propaganda,Asserting
some scares are worse than death,Emotion-appealing
"rules also say ""politics are religion in this post""",Asserting
"rally in west la is not a protest, this is a revolution.",Asserting
<user> calexit,Asserting
did h3nchman_24 even go to school?,Rhetorical Questioning
if you just simply check for yourself you'll see it’s not true that dhs twitter account was based in tel aviv,Asserting
"if and when liberal white women get into trouble, they will be the first ones to ask for white men to step in and help, and if they don't, they'll cite misogyny.",Analysing
if you don't believe me...look around,Emotion-appealing
professor jiang theories are weak,Analysing
everyone at fox news makes their entire living by being pro-trump.,Asserting
nashtak guesses that pk84 also turned down trump invitation to the oval office then.,Asserting
godlevelredditor is curious,Emotion-expressing
cbs has released no statement regarding this.,Asserting
dad_jokesnbutt_stuff made their whole personality politics and hating the right.,Analysing
the fact that in last year on reddit there are only democrats and liberals sucks,Emotion-expressing
"china and north korea do far more than request social media identifiers, just without disclosure.",Analysing
there is a lot of lunacy to unpack in reasonable_oak's comment.,Asserting
"jordan peterson can be knowledgeable but he is not well-spoken, well-mannered, and kept veering off course.",Asserting
"naval academy faculty, midshipmen, and staff were outraged by the removal of the diversity related items from the training materials.",Asserting
thank you governor for speaking out!,Phatic-maintaining
cute_effect_8825 is all about making life easier to live and eat and pay for things.,Asserting
at the very least we set iran back 10 years in their nuclear weapon development,Asserting
any disagreement should be voiced respectfully,Asserting
since when is genxmiss okay with politicians deciding what can and cannot be show on television?,Rhetorical Questioning
"it does not require post archives, private messages, browsing history, or ongoing monitoring after entry.",Asserting
gas prices which you provided were deviated so significantly from historical data.,Asserting
"<user> please take care, wonderful lady for remembering the sacrifice what your family friends gave along with a lot of others, please stay united through these tough times",Asserting
trump allowing for gas prices to rise is how liberals get in office and send us into the iceberg.,Asserting
<user> is pretty sure a firefighter died in the trump shooting,Asserting
[you are the most hateful person there],Asserting
having 'catchphrases ready' is lazy,Emotion-appealing
"people on the protests will usually give some relatively specific thoughts on what is harming americans, america, and our collective future.",Asserting
this sub is basically dead,Asserting
the hypocrisy of those worth millions who tell others not to complain about gas prices will never reach them.,Asserting
i knew a girl who was born with only half a brain.,Asserting
you can love your country and still hate the current state it is in....,Asserting
american corporations practically have a monopoly over online media.,Asserting
the president not being a king is the united states' whole thing.,Asserting
often the asshole professors are assholes in general,Asserting
reasonable_oak and timcuculic definitely agree that that attempted extortion should be grounds for removal from office,Asserting
is trump's joke that the only reason he would be forced invite the women's team is because if he didn't he would be impeached?,Rhetorical Questioning
"(not all, some leftists are great patriots too).",Asserting
bluefootedpig went to class every day with a roommate that bought the textbook,Asserting
<user> eventually kegbreath and trump's regime will be held accountable for removing files concerning women and people with minority backgrounds from military databases? 😮,Pure Questioning
"well, let me ask you this. is not the second or the third generation always the generation that becomes americans?",Pure Questioning
"<user> my white father joined up to be a pilot. he made it through all the rigorous iq, personality, strength criteria till the final physical where his one damaged finger was uncovered and he was denied that position.",Asserting
there's no logical reason for gas prices to be risen,Analysing
$2.15 per gallon was the lowest gas price hank_scorpio_obgyn filled up for since the covid outbreak in early-february of 2026.,Analysing
"same gas station that charged $2.59 per gallon five-six weeks prior charges $3.99 as of march 18th, 2026 morning.",Asserting
f merrick garland!,Emotion-appealing
<user> women have been intentionally indoctrinated and socialized into having mental health issues,Analysing
"(i dig it, not my style, but i dig it)",Asserting
the votes in r/conservative have never reflected the actual conservative worldview,Asserting
while the rich can't even spend all the money they have in their lifetime.,Asserting
is the nepotism of popes like what the house of medici of florence did?,Asserting
the americans deserve every ounce of the ridicule they are getting from abroad,Emotion-appealing
china relies on systemic monitoring after entry,Asserting
i don't know,Phatic-maintaining
"what jd vance really meant when redifining being american was that a true american male like himself wears eyeliner and mascapes, too.",Asserting
<user> maga are worth millions that they stole.,Asserting
the problem was the conservatitves have harmed all of us just by capturing that portion of the voting population. they've just been running the same playbook for about 50 years now.,Asserting
americans have been fed limitless propaganda about certain countries,Emotion-appealing
i miss times when $2.15 was a price for a gallon of gas.,Asserting
thehadirahim couldn't pay attention in class.,Asserting
glenn kirschner knows how tough the ag job will be,Asserting
the democrats haven't had a fair vote on a candidate in over a decade,Emotion-appealing
dad_jokesnbutt_stuff should find a hobby,Emotion-appealing
<user> the fcc's equal time rule does not apply to talk or entertainment shows. that's the whole point.,Asserting
absolutely positively paul mooney would have a field day with trump,Asserting
doubledumpsterfire hated what trump said about getting impeached if he didn't invite the women hockey team to the state of the union.,Asserting
cbs told colbert no,Analysing
"dweebulot said $2.35 in their prior post, not $2.53.",Asserting
in order to do the things the cia does someone needs to have very few personal scruples.,Analysing
and those prices were cheaper under biden then now and now is more expensive in 2026,Asserting
trump has been promising low gas prices since the first time he ran for president in the early 2000s.,Asserting
<user> are you ever happy?,Assertive Questioning
cdg1111 loved the improv moment in seth meyer's response to trump publicly coming after him.,Emotion-expressing
<user> gallon of gas cost $3.79 where i live right now,Asserting
saying anyone who disagrees with you is not a real republican is not an argument.,Analysing
the us should please do something about ice,Asserting
it's a homicide,Asserting
<user> and does it with a couch.,Analysing
to find a person born without brains in the united states one just needs to throw a dart with their eyes closed.,Asserting
seascrapo has been around the world and in certain countries.,Asserting
you can't quit yoir job because no one else wants to hire you,Asserting
singing the national anthem and being proud to be an american is not a political side.,Asserting
i believe that colbert was verbally told that he couldn't air this interview.,Asserting
people not from us should remember to think about what's going on in their own countries,Asserting
the people worth millions who tell others not to complain about has prices have been rewriting the past as quickly as it happens.,Asserting
this is stupid,Asserting
that trump would get impeached if he didn't invite the women hockey team to the state of the union is verbatim what trump said.,Asserting
<user> that’s maga’ts logic,Asserting
"the things mormons believe are reprehensible, truly",Analysing
"not to spin off into a political screed, but the first time trump was impeached was when he was caught on tape trying to extort a foreign ally into announcing a fabricated investigation into his political opponent by withholding congressionally approved funds for said country, which is very illegal.",Asserting
trump's attempted extortion was very illegal,Emotion-appealing
user is a child,Analysing
i think she just hates that her tuition is so pricey,Asserting
the left doesn't have a sense of humor,Asserting
the 'conservatives' and their corporate media conglomerates succeeded in getting a sizable portion of the voting public to harm and compromise their own quality of life.,Asserting
the one far-right conservative in jubilee's video early on who was talking about california state legislature is not well-mannered.,Asserting
yet they just choose not to use it.,Asserting
trump the pathological liar;  probably lied to the national guard by saying the govenor gave the ok.,Asserting
the advertisers are trying so hard that it seems like they're trying too hard,Emotion-expressing
"put your paperwork in, start the process, become us, we want you",Analysing
they essentially starved their own population ( culminating in the protests that we just saw) to do this major push to the finish line and rapidly develop a critical mass of retaliation capability that would make any future action impossible,Analysing
the items from military databases concerning women and people with minority backgrounds were then restored a day later.,Asserting
professor jiang has taken every conspiracy theory from the past century and used his powers of pareidolia and apophenia to synthesize it into an all-encompassing master conspiracy theory,Asserting
"us has long-standing, extensive surveillance systems",Analysing
best line: 'just because something isn;t affecting you it doesn't mean you can't stand up to something that is wrong',Asserting
javid shah,Emotion-appealing
"and for the record, a lot of mormons are just normal people, raised in a different culture",Asserting
hottruth999 can defend trump's administrative decisions if they want.,Asserting
the us social media request is sometimes optional,Asserting
not a single thing that trump said was diminishing towards the women’s gold medal.,Asserting
hadi rahim had to stop doing homework when he saw the video of charlie kirk getting shot.,Asserting
powerful-touch-7961 wants to see more of people who don't hate america on reddit,Emotion-expressing
there are companies making profit off of the war in iran,Emotion-appealing
"<user> called professor jiang a ""useful idiot"" for chinese propaganda from the beginning",Asserting
"more and more men today are chasing asian women, and defearl can't blame them.",Analysing
<user> <user> the same outdated hypersonic missiles penetrating the iron dome?,Assertive Questioning
iran is not a one-man dictatorship like russia or north korea,Analysing
small differences of prices of gas are not the pressing issue here,Asserting
even after charlie kirk killing nothing will change in the us,Asserting
@ haveutriedphilosophy i can definitely see where it can be cringe,Asserting
oh? why would that be rude?,Rhetorical Questioning
the islamic revolutionary forces already knew who the communists were but needed uk's support until the the revolution was successful.,Asserting
many mormons just don't want to leave what they were raised into.,Asserting
and fcc don't want stephen colbert giving time to anyone running for office who might challenge trump.,Asserting
oh? why would trump saying he would get impeached if he didn't invite the women hockey team to the state of the union if he weren’t going to invite them be rude?,Rhetorical Questioning
"some of these people start sounding like they're trying to ""keep the cultures pure""",Asserting
trump saying he would get impeached if he didn't invite the women hockey team to the state of the union if he weren’t going to invite them sure would be rude.,Asserting
no one is jealous of someone who has lyrics about underage girls,Asserting
reasonable_oak suggests dad_jokesnbutt_stuff should take a look at their own profile.,Asserting
<user> never said they wanted to leave?,Assertive Questioning
"if he [donald trump] watches late night tv, does he understand how badly he's seen by other people?",Assertive Questioning
it doesn't make any sense,Asserting
the rest of the world is living in a capitalist nightmare,Emotion-appealing
"if it's not what his party stand for, why is jd vance wearing 'eyeliner'?",Pure Questioning
hank_scorpio_obgyn maybe be buying from a gas station that's selling at a significant loss even in the cheapest areas of the us in the cheapest week of february.,Asserting
some stereotypes are still endearing.,Asserting
all the school mass shootings made everyone outside of the united states think something is deeply wrong with the united states.,Asserting
"specifically, because they believe thatthe main obstacle to that is the concentration of political and economic power in the hands of people driven functionally insane by the motivational structure of centralized power.",Asserting
are democrats taking donor money from ccp?,Analysing
<user> gets the idea of wanting to laugh kirk's death off,Asserting
same here lmao.,Asserting
<user> should take some border jumpers in,Asserting
china and north korea don’t ask for identifiers because they rely on direct surveillance instead.,Asserting
reasonable_oak is praising a pedophile.,Analysing
in the states only the governor can call on the national guard,Asserting
"p484 is making sure its clear, the way trump and this government is acting is deplorable",Asserting
"2,200 can't occupy a population of 90 million",Asserting
i grew up near salt lake city in sandy/draper.,Asserting
"if it's not what his party stand for, why is trump wearing orange foundation?",Rhetorical Questioning
"alright, it looks like cute_effect_8825 is leaving this group.",Asserting
<user> and <user> have fun not supporting trump.,Asserting
military services and 'many others' interpret diversity as anything that recognizes people with minority backgrounds.,Asserting
un tipo que ha borrado a la hermosa y rica california !,Asserting
your self-reported gas price simply isn't credible.,Asserting
"<user> still, im kinda happy when seeing americans having to pay something for gas instead of fuckall compared to the eu for once",Emotion-expressing
vz production will have picked up by november.,Asserting
huh. that certainly sounds like...,Analysing
the us will lose all of their allies and influence,Asserting
dukeofslut can say what they will about mormons.,Analysing
<user> i love the ones who make their entire living by being pro trump. like everyone on fox news.,Analysing
that's not trump ran on.,Asserting
people like reasonable_oak have been conditioned to hate american values,Emotion-appealing
imnopotatoperson is just some 19-year-old polisci major or something.,Asserting
<user> school is free.,Asserting
rich people deserve to be punched in the face,Asserting
the tools trump is using were not given to him by congress.,Asserting
carter prioritized empathy and gave too much credit to those that didn't deserve any,Asserting
<user> it’s more abt lack of vices among mormans.,Asserting
<user> for me it was the pricey textbooks that i hated in college.,Asserting
america was supporting ukraine,Asserting
"if prioritising principles over personality makes republicans unpopular in comment sections, so be it.",Analysing
the constitutional purist republicans?,Pure Questioning
the iae has access to north korean nukes,Analysing
"canadians are, sadly, very easily manipulated by their media and what they are fed online.",Asserting
genxmiss should do some reading/investigation before they post.,Asserting
<user> if you support killing people because they disagree with you,Asserting
"yeah, obama was shite",Asserting
is there anyway <user> can do a story on u.s army staff sargent gary starks?,Analysing
the situation with joseph colbert not being allowed to air his interview with james talarico was all a hoax by joseph colbert and james talarico.,Asserting
the 'regime' try to remove the airmen from the history to feel better about their lack of honor.,Asserting
the way trump and this government is acting is deplorable,Asserting
there are lots of good people on all angles,Emotion-expressing
the news organization at cbs is run by someone new - bari weiss,Asserting
it is an understatement that leftists are supporting assasins,Asserting
usa aren’t the world police.,Analysing
angering the voters is how liberals get into the office,Asserting
"but ""america bad"" is less a real thing, and more something you get from a small subset of terminally online, hyper-obsessives, and some select groups. psl maybe, or acp, as well as the ""america evil"" variants you see in extreme right circles.",Asserting
"they do far more, just without disclosure.",Analysing
most of the world has seen bad bunny's halftime show.,Analysing
it's a strange day to post that america is #1,Asserting
<user> <user> ts guy spamming,Asserting
"i love greek and italian culture, architecture, and the food! (oh man, i love the food)",Emotion-expressing
bigsmiley0tv wouldn't know if the other show was painful to watch,Analysing
talarico is well spoken,Asserting
usa will not get iranian refugees on our doorstep,Analysing
<user> proper response?,Assertive Questioning
"if someone can reasonably afford it they should go cuz you never know, it might be great",Analysing
anarchists enw_digrif knows believe political and economic power is concentrated in the hands of people driven functionally insane by the motivational structure of centralized power,Asserting
your insults only proved me right,Analysing
"mehdi wasn't openly racist towards others,",Asserting
i have a handful of comptia certs despite not having a degree,Asserting
i wonder what happens if the commitee tell the leader of iran no,Asserting
soldiers often have to be unquestioningly obedient,Asserting
"imagine a small collective elite who run the entire world, they would be trillionaires without the need for elections ect. ​ <user>",Asserting
voters on this subreddit are leftists (and that's why pro-trump posts are downvoted),Asserting
does h3nchman_24 have any original thoughts of their own other than childhood insults or is that where they peaked?,Rhetorical Questioning
the people worth millions who tell others not to complain about gas prices describe the january 6th 2026 event participants as patriots who were basically on a walking tour.,Asserting
<user> your lies are obvious and stupid.,Asserting
"any late night talk show has the right to book whomever they like on the show, since it is not governed by these fcc rules",Asserting
this is exactly what trump have been promising us since the first time he ran for president in the early 2000s.,Asserting
<user> it sounds like you’re describing democrats more than anything,Asserting
bluefootedpig's teacher also never said the textbook was required.,Asserting
honestly i believe that discussing world without borders is fantasy talk.,Asserting
gavin newsom es un tipo que ha arruinado a la hermosa y rica california.,Asserting
the democrats want to make everything a political issue and it’s exhausting.,Asserting
what would harimfseldon have had biden do about ukraine?,Pure Questioning
eezay is quite critical of their government mostly.,Asserting
can reasonable_oak explain the joke?,Pure Questioning
paying more now is no big deal,Asserting
the ones who spent all of biden’s presidency complaining about prices.,Asserting
we’re discussing the literal opposite,Asserting
democrats think white people are bad.,Asserting
ground news finally got the money to spend on advertising,Asserting
mtn,Asserting
the cops found u.s army staff sargent gary starks hiding in the bushes at his mom's house,Asserting
"a video about whether or not the russian federation's nukes are still functional would be great to make, but impossible to fact check",Emotion-expressing
but we definitely agree,Analysing
tuskegee airmen are all heroes and deserve nothing but our respect and gratitude!!!!,Asserting
'america bad' mindset is more something you get from a small subset of terminally online people,Asserting
the 20 far-right conservatives in jubilee's video might be better people without brains.,Asserting
oh come on,Phatic-maintaining
the people complaining about gas prices have been rewriting the past as quickly as it happens.,Asserting
powerful-touch-7961 doesn't want to see people who want to replace america with a dictatorial opressionist government aka ussr 2.0 on reddit,Emotion-expressing
all the man who just laughed along with trump's joke are fucking pathetic,Emotion-expressing
"the performance art and trade derangement syndrome buzzwords just make the state of the union look like a pep rally, not leadership.",Analysing
jubilee managed to find 20 people born without brains.,Asserting
you can be aware of people who you vote wether they take money from aipac,Asserting
does pk84 know we had biden sniffing girls hair for 4 years during photo ops?,Analysing
hadi rahim has clearly not seen much.,Asserting
it sounds like <user> is describing democrats more than anything,Asserting
"a great and classy response from the male team would have been something like ""nah mr. president, you should invite them because they won gold for our country! not because you're afraid of being impeached!""",Asserting
"it’s ‘empathy’, we feel the pain of others even when we are not directly impacted.",Asserting
<user> i sure.,Asserting
$3.99+ for a gallon of gas in south florida.,Asserting
trump incited attacked the police trying to protect   vp pense,Asserting
a [mormon] church is not a homogenous entity where everyone in it believes and preaches all the same things and actively supports every single part of it.,Asserting
left on reddit is not scared while threatening others,Asserting
carter was overly compassionate and reactive president.,Asserting
the r/republican subreddit name is just a mask.,Asserting
<user> thats why i pirated mine and said i purchased digital copies.,Asserting
people who broke into capitol were actually helping with free demo work beforehand.,Asserting
defearl can't blame men chasing after asian women.,Asserting
the constitutional scholars unknownspeaker trusts and who have been correct time after time are saying trump will win at least 9/10 of these cases.,Asserting
trump didn't call the military on jan 6 where the rioters,Analysing
the gas prices peaked at almost $5 a gallon in june 2022.,Asserting
the fact that gas prices were in the low-mid $2's and are now into the mid and soon to be high-$3's is not what trump campaign was built on.,Asserting
if president of usa is shot it usually means that the secret service just had a bad day.,Asserting
cbs can air it if they gave crockett time too.,Asserting
lately discussions on this subreddit are more becoming of a liberal than colleagues.,Asserting
hilldawg4president must realize that what they said also can apply to them as well,Asserting
every comment dad_jokesnbutt_stuff makes is just angry and something about politics attached.,Asserting
"iranians should stay strong ,fight!!!!",Analysing
"<user> the other 1/3 of maga influencers are in india, pakistan, nigeria.",Asserting
you are a psychopath that thinks murdering someone for his political views is justified.,Asserting
"hell, boomboombennie would take an isolationist republican right about now.",Asserting
"and cbs showed their work,",Asserting
for light hearted “can you believe those guys” [type of criticism] i have a different reaction.,Asserting
"these ""bombs"" are incredibly effective at making equipment not work, and they can even keep ships from going anywhere",Asserting
the united states do request social media identifiers on some visa and esta applications.,Asserting
"<user> keep crying, ver.min.",Asserting
"usa does not look strong, it does not deter people that we can beat the shit out of some 3rd rate power and then bail when they show the strait of hormuz is indeed a good choke point and that russia and china can save their ass",Assertive Questioning
the elected representatives of the assembly of experts vote on a leader from among the selected candidates.,Asserting
go kiss your pedo's ass even more,Asserting
"china and north korea do far more, just without disclosure.",Asserting
what <user> is saying is wrong,Asserting
the r/murica subreddit is here as a representation of american exceptionalism and the idea that americans can do no wrong.,Asserting
"jd vance: ""i'm a never trump guy. i never liked him.""",Asserting
"i don't know either way. <user> i’m not saying you’re wrong, but i’m not saying you’re right.",Asserting
half of liberals on reddit are from europe.,Asserting
the united states do not depend on the straight of hormuz being open or unobstructed.,Asserting
it’s literally the opposite of what jd vance's party stands for,Asserting
"the posts that say ""flared users only"" are echo chambers.",Asserting
the start of the vietnam war was basically nothing but an advisory mission to help south vietnam maintain independence,Asserting
<user> ultimately i think people like you have been so conditioned to hate america and american values that you find it impossible to celebrate accomplishments of those that don't fit into your narrow misogynistic world view.,Analysing
it's a little more like having a job you can't quit because you're not qualified for other jobs but also because if you quit without having another job they take you out back and shoot you.,Emotion-appealing
timcuculic is not trying to to spin off into a political screed,Phatic-maintaining
vices is another reason too,Asserting
this father was deported and he had a 30 year old very handicapped child. after the father was deported his son died.,Asserting
just because he made you mad doesn't mean he's wrong,Asserting
you hold tight to your ignorance.,Asserting
"yes, biden and obama hepled the irgc regime.",Analysing
"due to backlash, the government added back jackie robinson contribution",Asserting
<user> will redeem the second part of the video saar,Emotion-expressing
it's embarrassing how many people in this thread are lying about how low gas prices were in early february 2026.,Asserting
border patrol should be turned back into helpful people,Asserting
thanks for proving reasonable_oak's point,Asserting
cbs sure doesn't love trump,Asserting
odd_dragonfly_282 hopes reddit does have trouble,Asserting
"to everyone outside of the us, all the school mass shootings made us think something is deeply wrong with the us",Asserting
we believe our values are right,Asserting
his deregulation is one of the primary reasons why the prices have absorbed this shock so well.,Asserting
people should just stay vigilant,Emotion-appealing
"people gotta come with solutions, not just bitching.",Asserting
"bang, you get your little digital wiener tickled with upvotes",Emotion-appealing
no way to tell. even i don’t really know.,Asserting
there is talk about creating division,Analysing
go over to the hasan subreddit leftist,Asserting
deporting people the way ice are is inhumane and shameful.,Asserting
would trump not invite the women's team if he didn't have to?,Rhetorical Questioning
2.7 million sent to a war that was fought for over a decade.,Asserting
<user> now get off my lawn!,Emotion-expressing
"children that turn into fasists are are obsessively, painstakeingly brainwashed",Asserting
fcc don't want colbert giving time to anyone running for office who might challenge trump,Asserting
cbs has released no statement regarding colbert,Asserting
thats who they're talking about.,Asserting
<user> i went to class every day with a roommate that bought the book.,Asserting
russia tag teamed the nazis to the tune of 30 million people,Asserting
"believe it or not, theiromia has it better than most",Asserting
"when <user> found out kirk was shot, <user> had the misfortune of seeing the video",Asserting
historical gas prices are extremely easy to find.,Asserting
trump's government doesn't uphold the 'isolationist right-wing' idea (which is a republican idea),Asserting
you can't be a soldier and an airman at the same time,Asserting
obviously <user> doesn’t think kirk deserved to be killed,Asserting
hilldawg4president is pretending situation with the iranian government is black and white,Emotion-appealing
"personally, there's plenty of things seancuressadness hates about the us",Emotion-expressing
iambarrelrider is not a cult member.,Asserting
<user> i'm sure you're just not some 19-year-old polisci major or something. you're probably really smart and worldly!,Asserting
catholic priests were stopped being allowed to marry and have children,Asserting
"wow, <user> holds tight to their ignorance",Emotion-appealing
hilldawg4president cannot say that helpful_blood_5509 is “believing factually incorrect things.”,Asserting
i haven't profited on the recent bombing,Asserting
it's even crazier that cbs says colbert is lying,Analysing
theiromia can complain about school because it is bullshit,Analysing
imnopotatoperson is too stupid or just lack the education to understand the russian boogeyman,Asserting
connorthebluejay is not any better than charlie kirk if they think that murdering someone for their political views is a good thing.,Asserting
mehdi talked over a people a lot in the video,Asserting
the black people didn't get any credit for anything,Analysing
the one far-right conservative in jubilee's video early on who was talking about california state legislature is not well-spoken.,Asserting
that's cool.,Phatic-maintaining
<user> would never hurt a friend,Emotion-expressing
and now gas is more expensive in 2026,Asserting
80% of liberals believe literally anything that is told to them even if it’s been proven false a multitude of times,Asserting
taco tuesday.,Phatic-maintaining
just in the february prices alone cplusquals can't find a single instance of the prices hank_scorpio_obgyn sais they paid for gas in any state.,Asserting
<user> would like a video about canadian military men sentenced to life in prison,Emotion-expressing
"americans critical of their country don't ""hate"" it",Asserting
cbs told colbert to give candidates equal time,Asserting
and candyland-nightmare is sure the mods all have their masks on,Asserting
streissand effect helps when the other [apperance in the show] one was physically painful to watch,Asserting
i can't understand why any decent person would continue to support him,Asserting
it is easy to simply check for yourself to see it’s not true,Asserting
but wtf do you expect them to do?,Pure Questioning
i hate using the /s [sarcasm indicator on reddit] but it might become necessary,Asserting
this is how we're going to get schlacked in midterms [mid-term elections],Asserting
"more and more men today are chasing asian women, and i can't blame them.",Asserting
there can be disagreement on an issue,Asserting
facts,Asserting
you are an evident ignorant,Asserting
<user> i do,Asserting
hard-left stances receive million awards.,Asserting
theiromia has only had to pay meal and board.,Asserting
the left just suck the joy out of everything,Emotion-expressing
usa will have tons of iranian refugees at our doorstep,Asserting
the video of charlie kirk getting shot affected hadi rahim more than the trump shooting not just because this time someone had actually died.,Asserting
"the rest of supposed maga influencers are in india, pakistan, nigeria",Asserting
people like reasonable_oak have been so conditioned to hate america and american values that they find it impossible to celebrate accomplishments of those that don't fit into their narrow misogynistic world view.,Asserting
"essentially if you are following the illegal order, you will be arrested, tried and sentenced",Asserting
i expected them not to laugh,Analysing
there's is no administration other than the ones behind the curtains,Asserting
the democrats tried everything to stop trump from running for president and winning,Asserting
"then, the elected representatives of the assembly of experts votes on a leader from among those candidates.",Asserting
we cannot allow for some of the best humans in the history of the world to be erased.,Asserting
"now, the next step, who is antifa?",Rhetorical Questioning
states wanted to remove trump’s name from the ballot after donald incited a bloody insurrection on j6 of 2021,Asserting
the president's idiot followers can’t see his deliberate destruction of the rule of law,Asserting
pipes990 gets very frustrated with the 'america bad' mindset,Emotion-expressing
"jiang quexin is not a professor, and is not a military strategist",Asserting
"people who talk about america's problems gotta come with solutions, not just bitching",Asserting
how many lives can <user> kill before they see the dead bodies pile in front of them every time they walk forward,Emotion-appealing
"the guy (...) was in the 20vs1 debate with jordan peterson, too",Asserting
<user> wouldn't know whether the other halftime show was painful to watch,Asserting
pretty sure russia waited for biden because of covid though. no way to know however.,Asserting
none of the big scary men had the balls to say that trump's sexist misogynist joke was wrong.,Emotion-appealing
over time this subreddit became inundated with people who believed it [in usa being the greatest nation] unironically,Asserting
<user> could care less about the maga garbage they missed,Analysing
and the women didn't work as hard for their gold medals?,Assertive Questioning
people became anarchists because they believe that the main obstacle to that is the concentration of political and economic power in the hands of people driven functionally insane by the motivational structure of centralized power.,Asserting
seascrapo's response is like having a job where if you quit without having another job they take you out back and shoot you,Emotion-appealing
glenn for ag,Asserting
<user> government tried to hide this video from them,Analysing
trump thinks he is the boss and the hell with the rest of the people,Asserting
true american male without beard would wook weewy weird,Asserting
cbs do love trump.,Asserting
lol dude...,Emotion-expressing
bigsmiley0tv was happy enough to watch what they watched,Analysing
<user> pffft. wow.,Phatic-maintaining
"aside from that, we know there are bots",Asserting
china and north korea rely on direct surveillance,Asserting
you shouldn't be bitching that everyone else is wasting their effort,Emotion-appealing
that's cool,Phatic-maintaining
trump was first to provide javelins when obama wouldn't.,Asserting
think about this it'll be a record year for the companies making progit and stockholders getting rich off the war in iran at this rate,Asserting
maybe if people weren’t so deranged and didn’t have so much hate in your heart then y’all could have a sense of humor again.,Emotion-appealing
the mods remove the worst offenders on this subreddit,Asserting
doesn't pk84 think democrats would have used epstein files against trump?,Analysing
everything is great about koshertriangle's marriage except his wife's view on anything political.,Asserting
"i had to pay stupid money for very specific editions, and half the time they had to be a new copy with an access code for homework which makes the used copy worthless to resell.",Asserting
the left is deranged,Emotion-appealing
trump didn't start war solely due to his patriotic feelings.,Asserting
of course i do lmao…come on man.,Emotion-appealing
china has nationwide biometric cctv and internet monitoring.,Asserting
"the us request is limited, sometimes optional, and constrained by law.",Asserting
"damn, eezay was just trolling a bit",Asserting
it is unbelievable that to white female liberals it's ok to attempt to commit a terrorist attack.,Asserting
"antifa is more like being a metal head. you just have to like metal music, or in this case dislike fascists.",Asserting
maybe if you weren’t so deranged and didn’t have so much hate in your heart then y’all could have a sense of humor again.,Asserting
italy is losing population,Asserting
you don't like iranian proxies,Rhetorical Questioning
<user> cannot wait for the trump administration's prosecution,Emotion-expressing
some mormons are not terrible horrible people who actively support a ton of evil shit,Asserting
once in a while nybadfish and his wife will accidentally venture into the topic of politics during conversation.,Asserting
you are following in the illegal order,Asserting
drewhempwood2113 wishes finding 20 people born without brains was a feat.,Emotion-expressing
liberals are literal children.,Asserting
"but on the whole, trump has done a good job so far.",Asserting
"does pk84 really think that if anything in epstein files was evenly remotely close to incriminating against trump, the democrats who had control of it for 4 years wouldn’t have released or at least leaked that to the public?",Rhetorical Questioning
imagine if governor newson ordered local police and state to arrest ice.,Analysing
<user> doesn't believe the guy who stands up to bullies,Emotion-appealing
black airmen from wwii should never be forgotten.,Asserting
i forgot to add the location.,Asserting
its hard to get any information on how uk and democrats helped to install ayatollahs,Asserting
"about $800 if you pass on the first try for each, and you're good to go.",Analysing
the us threw so much tea in the ocean,Asserting
"psl maybe, or acp, as well as the ""america evil"" variants seen in extreme right circles.",Asserting
"<user> alright, it looks like im leaving this group. you guys have fun not supporting trump.",Emotion-appealing
fuck russia!,Emotion-appealing
real conservatives question politicians.,Asserting
most mormons i know are lgbtq supportive people,Asserting
there is also the fact that your family is here in the united states.,Asserting
soldiers wearing boots changes everything! 😂😂😂,Emotion-expressing
<user> where were you the last 4 years.,Asserting
the gas prices prices during biden's presidency were cheaper than now.,Asserting
<user> eventually? 😮,Pure Questioning
your lies are obvious and stupid,Asserting
it breaks seascrapo's heart to see people sleeping on doorways.,Emotion-expressing
there is no journalistic standard in professor jiang,Rhetorical Questioning
<user> disagrees about soldiers being the only effective protection against fascism,Asserting
phirk is forgetting all the poor areas of the first world countries.,Asserting
other nations are not your friends,Asserting
"if jacksat2252 was in seth meyer's place, they would be very disappointed if trump didn't go after them.",Asserting
"mormons will do anything they are told to in the ""name of god.""",Asserting
the 2025 tax/budget bill triggered automatic paygo cuts.,Asserting
"now the catholic pope is an elected, absolute, non hereditary monarchy, without nobility.",Asserting
true american male has a beard,Asserting
seascrapo has been around the world,Asserting
zzzzzzzzz.,Phatic-maintaining
but that doesn’t rise to the level of something that would be impeachable so main point of the joke a third dumb impeachment trial that is a waste of time.,Asserting
joseph colbert and james talarico didn't want to give the black woman fair time.,Asserting
imnopotatoperson is peddling the russia hoax.,Asserting
is there any way <user> can find information on u.s army staff sargent gary starks?,Analysing
"jiang xueqin, born 1976, is a chinese-canadian educator, commentator and youtuber",Asserting
people from the comments will repeat their conversations,Asserting
"if it somehow makes helpful_blood_5509 feel better to believe factually incorrect things, then by all means my man",Asserting
<user> found a beautiful conservative woman,Emotion-expressing
that’s not how surveillance works.,Asserting
"you can just say ""people who disagree with us are russian bots!""",Asserting
meanwhile abigail spanberger is trying to take my guns.,Asserting
saying they “don’t even do this” is incorrect.,Asserting
the governor's speech was the most presidential speech americans have heard since biden was in office,Asserting
other search sites send diamondback2085 in circles during their research.,Asserting
g3-ku3zv has the speech from the beginning to the end right here.,Asserting
soltahrtiv-amanda5060 and their family ought to please stay united through these tough times.,Emotion-expressing
r conservative is good overall,Asserting
government republican forums are hard to find these days.,Asserting
how did biden gift wrap ukraine?,Rhetorical Questioning
fcc doesnt apply to interviews on actually news shows.,Asserting
your comment is a proof that maga supporters are stupid,Asserting
everyone knew trump would be hawkish with iran with how hard he campaigned against the iran nuclear deal and how he took out soleimani in his first term.,Asserting
"jan. 6, 2020 was the one day in trump's presidency when he needed to call in federal troops to stop the rioters",Analysing
phirk is forgetting the poor areas of the first world countries,Asserting
because you basically left the country with the vision you had of it in the 60s or the 20s,Asserting
the “conservatives” are out in full force on this one.,Asserting
nothing fundamental will change in the us,Asserting
"<user> thank you governor!!! finally  somebody  is standing up to dictator felon 47!!! never thought i would have to fight for freedom,    liberty,  democracy  in america  in 2025!!! now congress, supreme  court  impeach this felon 47 now to save america  now!!!!!",Asserting
i get very frustrated with the 'america bad' mindset,Emotion-expressing
from the mouths of babes ... indeed!,Asserting
he has pale eyes and skin and  dark lashes.,Asserting
<user> was the all-american halftime show physically painful to watch?,Rhetorical Questioning
<user> that was khamenei's own son.,Asserting
let alone dad_jokesnbutt_stuff's ridiculous name as a grown man,Asserting
"<user> i've no sound listening here in amarillo, texas.",Analysing
people are bound to loose it when the system is actively against you and probably wants you dead.,Asserting
<user> what’s not to hate about the right?,Rhetorical Questioning
"<user> 36,000 iranian protestors killed by the iranian regime...",Asserting
seascrape can make all the excuses they want.,Asserting
utah saw the biggest spike in gas prices.,Asserting
pk84 was happy to fight for the united states in the muay thai competition but still hated trump.,Asserting
yawatt is asking why can't we just have one normal year.,Asserting
the current rise in gas prices is not what trump promised the republicans.,Emotion-appealing
wtf does realistic-sky-2235 expect the male hockey players to do?,Rhetorical Questioning
why even bother debating with fake republicans?,Analysing
"<user> yes, and has the pope taken measures to keep appointing his nephews/ illegitimate children as cardinals?",Rhetorical Questioning
no substance just insults like always,Asserting
cute_effect_8825's comment was so eerie to read ultimately42 got goosebumps.,Emotion-expressing
connorthebluejay should edit his text,Analysing
"<user> if men wearing eyeliner is not what jd vance's party stand for, why is he wearing eyeliner? why is trump wearing orange foundation?",Rhetorical Questioning
the term nepotism comes from popes appointing their nephews/illegitimate children as cardinals,Analysing
"if genxmiss thinks that their little answer here makes any sense, they are delusional.",Asserting
people are tired of living this way and some of those people have guns.,Asserting
kudos to jubilee for finding people without brains.,Emotion-expressing
"<user> bro, i'm not going to sit here and argue over gas prices and if i'm making shit up or not.",Asserting
"<user> <user> no, america’s reputation is under the outhouse right now and will only get worse as long as kim jong trump is defiling the white house.",Asserting
my white father was denied position due to one broken finger being uncovered,Asserting
"¡qué ignorancia, dios mío!",Emotion-expressing
the previous two times the democrats would look for anything to bring trump up on some stupid charges,Emotion-appealing
"hilldawg4president can look around and pick just about any government, including the us and iran, on this planet and see that it is incredibly crooked and not working as intended.",Asserting
😂😂😂,Emotion-expressing
"is mike-8381 jealous of the weird drunk who has a lyric that says ""i like ’em underage, see some say that’s statutory (but i say that’s mandatory)""?",Rhetorical Questioning
"believe it or not, theiromia have it better than most and they can still complain about it",Analysing
<user> i will always remember the tuskegee airman,Asserting
"like, i might have missed something",Phatic-maintaining
sailor is a navy term,Asserting
trump is absolutely wrong in the way he’s handling the ukraine situation,Asserting
<user> i'm sure you're just not some 19-year-old polisci major or something.,Asserting
"<user> i’m married to an affluent white female urban liberal, everything is great except her view on anything political where we’re mostly at odds lol.",Asserting
are you happy in life?,Assertive Questioning
the united states air force even tried to erase mentions of jackie robinson from their websites.,Asserting
[trump is] a draft dodger,Asserting
now the republicans say paying more for gas is no big deal,Emotion-appealing
"if people had helped earlier, there would not be 12,000 dead and 20,000 arrested in iran.",Asserting
there was a reason that the bomber pilots of the twelfth and fifteenth airforce felt hope in over 170 + missions when they saw the red tails flying escort.,Asserting
u.s women are literally all going to italy after college to get plowed right for once,Asserting
pffft. wow.,Emotion-expressing
cute_effect_8825 has no control over what the big businessess do.,Asserting
firestarfan111 does support open borders,Asserting
american army cannot use weapons,Analysing
margiesved3616's father navigated bombers in europe during ww2.,Asserting
i have no control over what they do or what's happens in a far away places.,Asserting
cute_effect_8825 is just trying to survive,Asserting
everyone can see the pattern in the us repeat over and over and over again,Asserting
<user> would also vote to have glen to be ag in the next democratic administration,Asserting
<user> expressed dissatisfaction between what they were told and what they saw,Asserting
the capitol needed a refresh,Asserting
now usa get almost nothing from iran and its so little we could likely replace it via a different route,Analysing
cydchance3367 will make sure their nephew and nieces know about tuskegee airmen.,Asserting
"the united states' self-reported identifiers request does not require post archives, private messages, browsing history, or ongoing monitoring after entry.",Asserting
things get done when you go to the dean of the department,Asserting
<user> ex : elizabeth warren,Analysing
<user> the streisand effect is a beautiful thing. ask bad bunny,Asserting
"gas prices in america have risen, and now aren't that low compared to eu countries",Asserting
i’d have pushed back hard against this if it wasn’t stated in the syllabus,Asserting
a small collective elite who run the entire world would become trillionaires without the need for elections,Asserting
"if you don't want to believe me. go ahead. if you want to say ""nah, this is fine. this is normal and not that bad."" go ahead.",Asserting
there is zero question about the fact that america-hating americans on reddit are not just bots,Asserting
instead trump could say that he was looking forward to host the female team at oval office,Analysing
why do that to yourself?,Rhetorical Questioning
"there are other ways to get things done than being inhumane, brutal and cruel.",Asserting
<user> ridicules america,Emotion-expressing
"a political commentator, an internet celebrity who held no public office, is murdered in cold blood",Asserting
'fellow conservatives' are in fact those who blindly worship trump [they act like bots],Asserting
cbs showed what they sent colbert,Asserting
huh,Emotion-expressing
us pows are losers in trump's eyes,Asserting
imnopotatoperson watches zelensky and his crew steal tons of money from the us taxpayer,Asserting
the us social media identifier request cannot cover message contents,Asserting
"hilldawg4president literally has no idea, clearly.",Asserting
dawn-s5h's buddy told them that he was in world war ii.,Asserting
the left has a lot of hate in their hearts,Emotion-appealing
the united states see the pattern of violence repeat over and over and over again.,Asserting
<user> from the mouths of babes ... indeed!,Asserting
the way trump and this government is acting is deplorable.,Asserting
"<user> because you’re dumb enough to believe the headlines in the narrative little research,have a little nuance",Asserting
the democrats even tried to kill trump,Emotion-appealing
britain secretly cultivated ties with islamist groups as the revolution was gaining momentum,Asserting
"now it’s an elected, absolute, non hereditary monarchy, without nobility.",Asserting
trump did call military personnel 'suckers' and 'losers',Asserting
true americans don't give a flying f*k where your from what color you are or what orientation you want...,Asserting
mormons have proved they’ll believe anything,Analysing
"if wordsoflove8787 supports killing people because they disagree with them, then maybe they’re the fascist.",Asserting
<user> what helped bad bunny was that the all-american halftime show was physically painful to watch. 🤣,Asserting
crockett will not sway any republicans to her side.,Asserting
"essentially if you are following in the illegal order, you will be arrested, tried and sentence.",Analysing
democrats think illegal immigrants are good.,Asserting
americans critical of the usa just want to see it do better,Asserting
baron trump is getting rich off of the war in iran,Asserting
there isn’t a shortage of oil in the united states.,Asserting
ellakersey1214 was starting to feel offended on seth meyer's behalf.,Emotion-expressing
seascrapo should focus on finding their way to a country that makes them feel better about themselves,Emotion-appealing
"<user> the present is the age of idiocrasy, just look at all these comments from people who love mixing call of duty gameplay with iran missile strikes by the white house.",Asserting
the girl with only half a brain then went on to get a masters degree in law.,Asserting
i have no doubt. 🙏🏼,Emotion-expressing
love the ones who tell people not to complain about gas are the ones who are worth millions...,Asserting
"diversity has been widely interpreted by the military services, and many others, to mean anything that recognizes women",Asserting
i am half italian and i am much more italian than many new italians.,Asserting
3/3 of libtards are bots from turkey.,Asserting
"children who become fasicst are obsessively, painstakengly brainwashed.",Asserting
"if you immigrated here and got treated like an invasion, would you see this as a good country?",Asserting
pk84 proved reasonable_oak's point.,Analysing
bluefootedpig was in class with their roommate and going through the book with him in class.,Asserting
kegbreath and the trump regime will be held accountable not soon enough.,Asserting
what farmerjoee is doing is a bad faith argument and a logical mistake.,Asserting
<user> definitely needs a part 2 of the video,Emotion-expressing
people who don't hate the us but criticize it should word it differently.,Asserting
"there is no way to know why russia waited with the invasion of ukraine until biden's presidency, however.",Asserting
traditional-beach903 found the maga republican - cute_effect_8825,Analysing
<user> or you just lack the education to understand the russian boogeyman has been a way to channel the wealth of the american people to defense contractors for decades now.,Asserting
the guy early on in the video who was talking about california state legislature was in the jordan peterson one too,Asserting
please take care wonderful lady for remembering the sacrifice that your family friends gave along with a lot of others,Emotion-appealing
<user> liars says what?,Analysing
making fun of the flaws in each side of the political left-right spectrum should be easy.,Asserting
"the domestic maga base is uneducated slime, who take all their political beliefs from whoever speaks like their inbred daddy used to speak.",Analysing
<user> like the medici’s of florence?,Pure Questioning
i knew this was coming.,Asserting
<user> thinks that their little answer here makes any sense,Emotion-appealing
"mikebattis8684 never thought they would have to fight for freedom, liberty, democracy in america in 2025!!!",Asserting
i went to class every day with a roommate that bought the book.,Asserting
$2.15 is significantly below the state averages for even mississippi during the cheapest weeks in february.,Asserting
<user> has been debunked by <user> and the day <user> posted the video,Asserting
"today's vatican is an elected, non-hereditary monarchy, withous nobility.",Asserting
<user> haha,Emotion-expressing
"black people didn't get any credic for anything back then, just like today.",Analysing
now iran's only move that couldve gotten trump to back down is off the table (unless the hardliners in the revolutionary guard decide they dont care what the government says),Asserting
"boomboombennie can't seem to find the small government republicans, constitutional purist republicans or isolationist republicans.",Asserting
robot__engineer paid $2.59 per gallon of gas 5-6 weeks ago from march 18th 2026.,Asserting
"how imnopotatoperson can be so dense as to watch zelensky, and his crew steal tons of money from the us taxpayer and wonder why americans get indignant is beyond candid_vegetable5020.",Asserting
<user> only knows about the other halftime show because people are talking about it lmao,Emotion-expressing
democarts are slowly being more and more open about being fascist,Asserting
because you are not qualified.,Asserting
the iranian supreme leader appoints the guy that appoints all the judiciaries,Asserting
"honestly johnny, i never noticed it moving! really, i'm paying attention! i watched this & didn't as well, except for when u said something! u do captivating work & i just haven't noticed! speaking of the work u do, keep it up!",Phatic-maintaining
"folks at protests will usually give some relatively specific thoughts on what is harming americans, america, and our collective future",Asserting
the remaining 1/3 of maga influencers is just misguided,Asserting
teacher also never said the textbook was required.,Asserting
<user> lies are obvious,Emotion-appealing
there is nothing patriotic or christian about the republicans.,Asserting
"good for meiguichronicles, the rest of the world is living in a capitalist nightmare where having a piece of paper is required to have decent jobs",Asserting
"yes, we do live in crazy times",Asserting
hilldawg4president is happy to correct unspoken's ignorance,Emotion-expressing
but also because if you quit without having another job they take you out back and shoot you.,Asserting
what seascrape hates about america is that we have the resources to give everyone here a beautiful life.,Asserting
<user> the feds heavily recruit mormons.,Asserting
"would it be better for trump not to demean the female hockey team and instead say something like ""i look forward to hosting you and our amazing gold winning female hockey team at the white house soon!"" ?",Analysing
"farmerjoee is comparing a limited disclosure request to states that practice pervasive, non-consensual surveillance",Analysing
"<user> r/conservative is good overall and there’s still nuance to a certain point. decent mix of moderate republicans, centrists, maga etc.",Asserting
they run so many of our family restaurants.,Asserting
mehdi was respectful,Asserting
teacher requiring having a textbook should be accountable before the dean,Asserting
congress and the supreme court should save america now,Emotion-appealing
it is incredible that professor jiang is claiming on illuminati in the video,Analysing
until hilldawg4president disproves that specific people weren’t put in place to achieve this outcome in this circumstance,Asserting
main point of trump's joke was him being impeached,Analysing
you can even hear some of the guys say “hell yeah” or something similar when trump first says he’ll invite the women too.,Asserting
talking over each other is just the energy mehdi hasan's debate with 20 far-right conservatives had.,Asserting
or even start sounding like a certain mustache man despite their best intentions.,Analysing
$2.15 for a gallon of gas was the lowest hank_scorpio_obgyn filled up for since covid in early-feb.,Asserting
nybadfish has a liberal wife too,Asserting
the people who tell others not to worry about gas prices are worth millions or make their entire living by being pro-trump.,Asserting
we can never forget the black airmen who flew some of the most dangerous missions of wwii.,Asserting
"war really has no winner when it comes to it.some scare are worse than death. my buddy told me that he was in that war and had agent orange .shot three times, show me the bullet scares. rip jack.",Asserting
typewriting_cheese asks if cute_effect_8825 is a bot,Rhetorical Questioning
read the room,Phatic-maintaining
that not how oil prices work.,Asserting
america is a superpower,Asserting
mark elias was the top ex doj worker & admin,Asserting
the us is not demanding “social media history” in the way farmerjoee is using that term.,Asserting
the war is conducted under the pretext of patriotism,Asserting
however talarico is a well spoken white man who has a devotion to christianity so strong he is working to obtain a master of divinity.,Asserting
cute_effect_8825 has watched the news and have made strategic financial moves based around them.,Asserting
agentorange24' comment broke reddit's rule #1,Asserting
a person can get fucked up,Emotion-appealing
to white female liberals it’s okay to attempt to commit a terrorist attack.,Asserting
<user> yes,Asserting
attacking and firing on media or detaining them violatees federal and state law called prior restraint,Asserting
for dead-in-red it was textbooks,Analysing
"in pracitce, iranian goverment isn't democratic at all",Asserting
trump was first to provide javelins when obama wouldn't,Asserting
"people want to make everything a political issue and it’s exhausting. laugh a little, have some fun.",Emotion-appealing
<user> trump and his team caught off guard?,Rhetorical Questioning
<user> ​<user> don't be jealous,Emotion-appealing
the entirety of his portion of the debate all the guy talking about california legislature did was call mehdi a liar,Asserting
white liberal women are called awfl’s for a reason.,Analysing
hilldawg4president just know how it’s supposed to work.,Asserting
bari weiss is caving to trump left and right,Analysing
historical gas prices are extremely easy to find and are very widely tracked.,Asserting
does tousitv have a video or can they point diamondback2085 in the direction of it?,Pure Questioning
empathetic people feel the pain of others even when they are not directly impacted.,Asserting
<user> the power of the future!!,Asserting
<user> the us does not have an extensive social surveillance system anywhere near the level of the china or nk.,Asserting
governor newsom is a guy who destroyed beautiful california,Asserting
"people born without brains are very rare,",Asserting
"not only we greeks are not offended by any of that, but we are proud of being known.",Analysing
we’re best when we can laugh at ourselves,Asserting
subs were blanket banning people just because you commented in the other sides sub. you didn’t even have to join it.,Asserting
computerredneck got lucky,Asserting
you might be misremembering,Asserting
constitutional purist are hard to find these days,Asserting
<user> well your dad is just a scum bag,Asserting
from connothebluejay's perspective not having seen much of bad things is a good thing.,Asserting
one could argue that independent thought is the literal opposite of a sock puppet.,Asserting
can anybody watch something and not reference trump?,Assertive Questioning
"hating the united states is why you put in effort to make it better, instead of bitching that everyone else is wasting their effort and going against them at every chance.",Asserting
"not to spin off into a political screed, but the first time trump was impeached was when he was caught on tape trying to extort a foreign ally into announcing a fabricated investigation into his political opponent by withholding congressionally approved funds for said country (very illegal)",Asserting
the profession theiromia is going into has a lot of loan forgiveness.,Asserting
i'm tired of watching our taxpayer dollars go towards helping other nations commit genocide.,Asserting
cbs dont want the black woman to win the primary,Asserting
a firefighter died in the trump shooting,Asserting
reasonable_oak is praising a pedophile,Emotion-appealing
cbs came up with not airing stephen colbert's interview with james talarico stunt to get attention for james talarico and cut out jasmine crockett.,Asserting
"a gallon of gas is $3.79 where yawatt lives right now, a whole dollar up from a couple weeks ago.",Asserting
saying chine and north korea “don’t even require social media history” is incorrect,Analysing
seascrapo's response is like having a job that you hate so much about,Asserting
"if you did you would have already known the things that i just said to you, and you wouldn't have bothered writing such an ignorant comment",Analysing
<user> do you like fascists? if not then you are antifa.,Asserting
vast majority of redditors still think they're relevant in today's political climate.,Asserting
polygamy has been banned in mormonism for over 130 years.,Asserting
other people in the group should have fun not supporting trump.,Emotion-appealing
mehdi made <user> mad,Asserting
"kegbreath and the trump regime are racists, bigots, and misogynists on a cellular level.",Asserting
the main point of trump's joke is a third dumb impeachment trial that is a waste of time.,Asserting
"<user> lol, you can’t even manage something as simple and easy as not constantly invading conservative spaces online in order to control the narrative and astroturf sentiment (let alone everywhere else irl).",Asserting
empathetic people feel the pain of others but do not feel spit on ice.,Asserting
"the white female liberal at the end of the video circulating around, as the guy is getting arrested, screaming ""does someone have your emergency contact?"" says a lot about the mental state of some of these people.",Asserting
if you hate the current government you shouldn't accept president's invitation to the oval office,Asserting
he dude who kicked this off served 11 tours,Asserting
seascrapo can make all the excuses they want but if they truly had the work ethic or talent to merit consideration for immigration in another country they could do it.,Asserting
<user> r conservative is good overall and there’s still nuance to a certain point.,Asserting
tons of people have talked about the role of religion in the regime's unpreparedness for the war,Asserting
the patriots were actually helping with free demo work beforehand.,Asserting
<user> doesn’t seem like enough to me,Asserting
<user> education is free. you pay for the paper from college.,Asserting
glenn should have been ag,Asserting
"<user> yeah i live in pleasant grove, ut and my local gas station at walmart went from $2.35 a gallon around february 28th to $3.64 a gallon as of today",Asserting
the big scary men from the male hockey team are fucking pathetic.,Asserting
dweebulot has receipts from a gas purchase on february 27th and 28th for $2.53 a gallon.,Analysing
"the 'conservatives', and their corporate media conglomerates, succeeded in getting a sizable portion of the voting public to literally vote against their own well-being",Emotion-appealing
airman is an air force term,Asserting
israel does not have nukes,Asserting
while at the same time they say to hate america,Asserting
"net+, a+, sec+ cost about $800 if strainaccomplished95 passes on the first try for each, and they're good to go.",Asserting
right now one side of the left-right political spectrum has let the worst of their people take hold of their party.,Asserting
tsoxico is told “speculators” are the reason for the pump prices not going down after the danger is gone.,Asserting
<user> oh so the current iranian leader just hand selects the successor through a committee then an assembly he totally had no hand in selects the successor.,Asserting
<user> i'm old enough to remember when gas was 35 cents a gallon....,Asserting
<user> i think you are pretending the election system is black and white when it most definitely is not.,Asserting
all of your women already left for germany and the us to go find jobs and men who don't sit around all day drinking coffee.,Asserting
charlie kirk killing affected me more than assassination attempt on trump,Emotion-expressing
<user> should please delete this video and put in a video with governors newsom's speech please,Asserting
"if the men don't step in to help the white female liberals, they'll cite misogyny",Emotion-appealing
mormons just don't want to leave what they were raised into.,Asserting
i hated what trump said,Asserting
<user> father died at 101 earlier this year,Asserting
professor jiang gets first hand exposure on left wing media,Analysing
all while convincing everyone that every immigrant is a dangerous criminal and blame them for america's problems.,Asserting
pro-trump users are calling conservatives 'bots' because they disagree with each other about one issue.,Asserting
"if you support killing people because they disagree with you, then you’re the fascist.",Asserting
"what the left says always has no substance, just insults",Analysing
after charlie kirk's death nothing fundamental will change.,Asserting
"venezuela though, not so sure about that...",Asserting
the police are unelected bureaucracy.,Asserting
hank_scorpio_obgyn is not making things up for reddit karma points.,Asserting
wi-fi-el thinks the world should become one nation with the united nations as the federal government and every country as a state.,Asserting
tuskegee airman's contribution was erased 5 months ago,Asserting
getting oil paid for in yuan does not really make usa look powerful to the world,Assertive Questioning
there was a reason why the bomber pilots of the twelfth and fifteenth airforce felt hope in over 170+ missions when they saw the red tails flying escort.,Asserting
unknown speaker is giving the president too much leeway.,Asserting
the large student loan debts are really coming through in theiromia's response,Asserting
cbs is saying they told colbert to also give crockett and the others equal time,Asserting
"<user> if one thing you can take from catholics is that their religious leaders and kings (the pope is a monarch as well) cannot have heirs, nor appoint successors.",Asserting
the question of soldiers on the ground is a moot point now,Asserting
would trumpcantread like tito676 to keep going?,Rhetorical Questioning
some mormons are lgbtq supportive people,Asserting
the us took 5 steps forward when it comes to gas prices.,Asserting
subs were blanket banning people just because you commented in the other sides sub.,Asserting
"multiple people in this group interrupted mehdi to insult, belittle or be racist towards him.",Asserting
i had to stop doing homework. i couldn't pay attention in class. it shook me to my core.,Emotion-expressing
<user> you're forgetting all the third world countries,Asserting
republicans had options to nominate someone other than trump for the presidential nominee but went with this fuckery.,Asserting
nobody should consider hank_scorpio_obgyn's opinions.,Asserting
what does meiguichronicles do?,Pure Questioning
if you think this (points at every gas sign) is ok. that's on you.,Asserting
have the popes taken measures to keep appointing their 'nephews' as cardinals or popes?,Rhetorical Questioning
taking some border jumpers in and supporting them would make lavendereucalyptus3225 feel better.,Asserting
"<user> you're just too stupid or just lack the education to understand the russian boogeyman has been a way to channel the wealth of the american people to defense contractors for decades now. not only that, but most americans are sick of proxy wars launched to protect vaguely defined ""national security interests.""",Asserting
"as if me or all of the other people in the comments care or not if i am ""actually"" white or not.",Asserting
there were angry people out there on the right that wanted to see something different than bad bunny,Emotion-appealing
koshertriangle is married to white liberal woman,Analysing
but actually most italians do not really care about italo americans and consider them simply italians,Asserting
maga putting on a separate halftime show out of racism and bigotry is a prime example of creating division,Asserting
now the republicans say it's patriotic to pay more for gas,Emotion-appealing
when was the last time imnopotatoperson asked a republican what they believe in,Pure Questioning
los estadounidenses quieren el comunismo para los estados unidos.,Analysing
there are 'tankies' [internet so-called communists] on reddit who want to take the system down and replace it with a dictatorial oppressions government similar to ussr,Analysing
gas prices are high again.,Asserting
paulparker4240 likes to snooze.,Asserting
hank_scorpio_obgyn's report of gas prices is takes it from laughably unbelievable to just very unlikely.,Asserting
the mormons in standard-ad-7504's life are lgbtq supportive people,Asserting
yvanmargineanu9807 gave some dollars to the podcast,Asserting
<user> the 'conservatives' were just a later development in the longest con job in the history of the world.,Analysing
maybe a bit out of practice in some cases regarding idk the language.,Asserting
apparently it was ok for pk84 that biden was sniffing girls hair for 4 years during photo ops,Emotion-appealing
trump is using the tools that were given to him by congress to shut down the unelected bureaucracy that are the ones actually running the country.,Asserting
"initially priests could marry and have children, but that was stopped.",Asserting
"even if buying the textbooks was stated as compulsory in the syllabus, diabeticbutnotfat would be going to the dean of the department, then go up from there.",Asserting
you cannot be sure whether khamenei successor was chosen democratically or not,Asserting
trump's joke was more about him getting impeached again than something directly about the women.,Asserting
shah. not shaw,Asserting
"the second impeachment resulted from the time trump incited a mob to storm the capitol to overturn the results of a free and fair election by force, thereby effectively ending democracy in america (something i assume you would have celebrated).",Asserting
"china monitors network traffic, movement, and biometrics in real time.",Asserting
"<user> your russian is showing, boris.",Emotion-appealing
cute_effect_8825 has not profited on the bombing situation.,Asserting
"and the domestic maga base is uneducated slime, who take all their political beliefs from whoever speaks like their inbred daddy used to speak -- then yep, that's a recipe for disaster.",Asserting
<user> first of all not a single thing that was said was diminishing towards the women’s gold medal.,Asserting
turning point usa have outed themselves as bigots and racists a long time ago before the halftime show.,Analysing
majority of redditors cannot accept that more women an minorities voted for trump,Asserting
"when you can't leave, how exactly are you expected to not stay?",Assertive Questioning
russians were always enemies,Asserting
"i also had a great uncle who ""worked"" in america in the 50s and 60s but was ultimately kicked out",Asserting
trump probably lied to the national guard by saying the governor gave the ok,Asserting
albedogown hopes people killed because of bob-bm3pd's indifference will appear in their dreams and they never stop talking,Asserting
but just in the february prices of gas alone i can't find a single instance in any state.,Asserting
"moobeus does not agree with any of the 20 far-right conservative guys in jubilee's video, obviously.",Asserting
<user> good luck with that.,Phatic-maintaining
there is also a r/trump subreddit for exclusively pro-trump stuff.,Asserting
icegrip12 also only knows about stephen colbert's interview with james talarico because their government tried to hide it from them.,Asserting
​<user> maga politicians were complaining about those prices under biden and those prices were cheaper then now and now is more expensive in 2026,Analysing
the elderly people don't like to nap.,Asserting
kegbreath and the trump regime will be held accountable.,Asserting
"laugh a little, have some fun.",Asserting
"carolwhocares' father made it through all the rigorous iq, personality, strength criteria till the final physical where his one damaged finger was uncovered and he was denied that position",Asserting
the issue is iran is just the excuse to raise gas prices.,Asserting
"<user> if you are okay with that, then you are the enemy.",Analysing
other than that island in the strait 2000 marines arent going to do much.,Asserting
"regime change destabilizes countries, which causes a refugee crisis, which spreads islamists all over the us and europe and then we get more local terrorism",Asserting
democrats came up with this stunt to get attention for talarico and cut out crockett.,Asserting
have the popes taken measures not to keep appointing their 'nephews' as cardinals or popes?,Rhetorical Questioning
"in their prior post dweebulot said gas in pleasant grove was $2.35 per gallon, not $2.53 per gallon.",Asserting
<user> hasn't been for a while now.,Asserting
attacking shipping in the straight was an obvious move that iran would make.,Asserting
would it have been better for trump not to demean the female team with his comment that he would have gotten impeached if he didn't invite the female team to the state of the union?,Rhetorical Questioning
saying gas prices are up a whole dollar is pretty exaggerated.,Asserting
"if donald trump was a pedophile, democrats would release epstein files during their administration to discredit him",Asserting
'america bad' mindset is more something you get from a small subset of hyper-obsessives,Asserting
we stand up for righteousness and justice,Asserting
maga is a recipe for disaster.,Emotion-appealing
the issue is iran is just the excuse to raise the gas prices.,Asserting
trump's government doesn't uphold the 'constitutional purism' idea (which is a republican idea),Asserting
the president of the united states will always be a target.,Asserting
okay believe the liar who constantly lies out his liar hole instead of the guy who stands up to bullies,Asserting
you'll find that the us almost worked with churchill to re-arm the nazis around berlin,Asserting
<user> can you point me towards where i can find a small government republican?,Rhetorical Questioning
"one can never know, school might be great.",Asserting
everyone in america know that fcc rule doesn't apply to talk shows,Asserting
<user> would you like me to keep going?,Assertive Questioning
i had to stop doing homework [due to the shock],Asserting
we change the color of our kkk white uniforms to black uniforms ice,Asserting
the current gas prices are not what trump's capaign ran on.,Emotion-appealing
"whoa, a lot of lunacy to unpack here.",Asserting
you can explain that how the system is supposed to work and how it actually works are two different things to the other people in this thread until you’re blue in the face,Emotion-appealing
trump was very clearly joking and it was funny,Asserting
no one is jealous of bad bunny.,Asserting
democrats think trans people are good.,Asserting
illuminati claims are only half of professor jiang's content,Analysing
"if you are okay with cbs not allowing colbert to air an episode, then you are the enemy.",Asserting
"and while the pope is above canon law, popes tend to be well past 50 when elected, so few reign long enough to be able to sire illegitimate sons and get them into the priesthood even if they wanted to.",Analysing
"also r/trump for exclusively pro-trump stuff. r/shitpoliticssays is pretty right wing too, deals less with policy discussions though and more pointing out the faults in the left.",Asserting
mormonic feds recruits speak a second language.,Asserting
teacher also never said it was required.,Asserting
the republicans are outing themselves as bigots and racists.,Asserting
<user> is from the uk,Asserting
diabeticbutnotfat has gone to the dean of the department before.,Asserting
[epstein] files sections about trump aren't true,Analysing
<user> will educate the children they come in contact with about the black heroes who fought against fascism,Asserting
"you can just say ""people who disagree with us are russian bots!"" and get upvotes.",Asserting
<user> no,Asserting
it's horryfing to put bigotry and racism on the show,Asserting
"dead-in-red had to pay stupid money for very specific editions,",Asserting
elderly people like to nap.,Asserting
it's difficult to leave the country.,Asserting
mormons just raised in a different culture.,Asserting
"cbs showed what they sent colbert, telling him to also give crockett and the others equal time, aka the candidates in the democrat primary",Asserting
yes,Asserting
people are loosing their patience with the system,Asserting
looking at the votes here and you would it's not r/conservative but r/politics [a liberal subreddit; the point of this section is that r/conservative isn't in fact 'conservative' because of trump criticism],Asserting
"the maga ""outed"" themselves as bigots and racists a long time ago before this",Asserting
think about this it'll be a record year for them at this rate,Asserting
congress didn’t say specifically that the money will be spent on $50m of condoms.,Asserting
"as if it weren't enough that all the america haters, including george soros et all, are on your side here",Analysing
the rich couldn't even spend all the money they have in a thousand lifetimes.,Asserting
israel is believed by so many people,Asserting
jiang talks about religion a lot,Analysing
"the police were trying to protect vice president pence on january 6, 2020.",Asserting
i love italy,Emotion-expressing
"even that post that showed the dhs twitter account was based in tel aviv,",Analysing
russians will be the enemies for a while to come,Asserting
khamenei named his own son his successor,Analysing
seascrapo has watched the united states in their lifetime slip from the superpower to what they can really only describe as a developing nation.,Asserting
from the mouths of babes...,Emotion-appealing
school can be or not be a scam.,Asserting
what do you expected them [the male team] to do?,Assertive Questioning
u.s army staff sargent gary starks had sex with his mother's next door 67 year old neighbor's corpse,Analysing
cute_effect_8825 is leaving this group.,Phatic-maintaining
"those are not made up numbers for karma [upvotes, on reddit].",Asserting
lavendereucalyptus3225 should stop crying.,Asserting
people who now say not to complain about gas prices will never understand that they are hypocritical,Asserting
"now congress, supreme court should impeach this felon 47 to save america.",Asserting
<user> so many people who say this.,Asserting
standing up to something that is wrong even when it doesn't impact us directly is empathy.,Asserting
something is deeply wrong with the country.,Analysing
"in pleasant grove, ut, prices at local gas station at walmart went from $2.35 a gallon around february 28th to $3.64 a gallon as of today [$1.29 jump]",Asserting
a country being able to access what's on your application form with your permission is not how surveillance works,Analysing
"and if you have been in the south and found it harsh, know that the north is 1000 times worse.",Asserting
"hell, boomboombennie would take an isolationist republican right about now",Emotion-appealing
cbs told colbert no to airing an episode with only one candidate because the fcc wishes the equal time rule would apply and they don't want him giving time to anyone running for office who might challenge trump.,Asserting
"only the us out of us, china & north korea asks for social media history for tourists",Asserting
<user> are the other 1\3 dead in utah?,Assertive Questioning
can <user> disprove a single argument mehdi made?,Rhetorical Questioning
this country isn’t ready for a serious discussion about why letting everyone vote isn’t a value to be proud of,Asserting
easy to say no americans will die,Asserting
then maybe you’re the fascist.,Emotion-appealing
the 20 far-right conservatives in jubilee's video all have a brain.,Asserting
subscribe now for more! listen to the meidastouch podcast on apple podcasts or spotify,Asserting
<user> god bless the tuskegee airman!!! they are all heroes and deserve nothing but our respect and gratitude!!!! god bless all of our military!!!❤❤❤❤❤❤❤,Asserting
they are outing themselves being racist.,Emotion-appealing
"<user> believe it or not, i have it better than most concerning student loans and i can still complain about it because it's bs",Asserting
"when a political commentator, an internet celebrity who held no public office, is murdered in cold blood, something is deeply wrong with your country.",Asserting
seascrapo can make all the excuses they want,Asserting
theiromia is not glad that someone can be blissfully unaware.,Asserting
it took him much to become a pilot.,Emotion-appealing
<user> what happened to the speech? please delete this video and put in a video with his speech please. 🙏 thank you!!,Analysing
mormonic feds recruits obey orders like robots,Asserting
maga is a garbage,Asserting
"tjrey5517 misses paul mooney, rip",Emotion-expressing
"best line in the video is that just because something isn't affecting you, doesn't mean you can't stand up to something that is wrong",Emotion-expressing
the president cannot do a lot of the allocation work.,Asserting
people in the somments are shitting on hadi rahim for calling the video of charlie kirk getting shot the worst thing he's ever seen as if he doesn't mean it literally.,Asserting
does wi-fi-el really think that if there are no borders we will stop worrying about international rivalries and focus on repairing society worldwide?,Rhetorical Questioning
bari weiss caves to trump left and right,Asserting
the black airman should never be forgotten,Emotion-appealing
america deserves ridicule too,Asserting
enw_digrif is a literal anarchist,Asserting
i'm watching this interview with rep. james talarico because my government tried to hide this from me.,Asserting
rational comments in those 'echo-chambers' are mostly downvoted,Asserting
the people worth millions who tell others not to worry about gas prices were complaining about gas prices during biden's presidency.,Asserting
"whoa, there's a lot of lunacy to unpack in what reasonable_oak said",Emotion-appealing
cute_effect_8825 watching current events and strategically managing their finances is none of santaneria's concern.,Asserting
the rich can't even spend all the money they have in a thousand lifetimes,Emotion-appealing
"""america bad"" is far more often a charge levied against people by others, rather than by people against the nation.",Asserting
"open borders would be used by the elite to gain more power, control and money",Asserting
"hell, i'm a literal anarchist, and very plugged into the activist scene in my region. and most of the folks i know became anarchists because they see that as the only way to fulfill america's ideals. specifically, because they believe thatthe main obstacle to that is the concentration of political and economic power in the hands of people driven functionally insane by the motivational structure of centralized power.",Asserting
"it's even more frustrating that elections have shifted to ""the lesser of 2 evils.""",Asserting
lol dude,Emotion-expressing
the fcc's equal time rule does not apply to talk or entertainment shows,Asserting
the mention of tuskegee airmen was deleted from about every government website.,Asserting
left are comfortable on the interent they face no repercussions for doing so.,Asserting
"keithnicholas ought to remember to think about what's going on in their own country, too.",Asserting
china needs iran,Asserting
<user> the present is just like president camacho's 😂😂😂,Asserting
the things mormons believe are reprehensible,Asserting
the internet just enables people to write stupid things.,Asserting
"""cute_effect_8825 watching current events and strategically managing their finances is none of santaneria's concern."" you're the one who mentioned your finances",Asserting
this is how we're going to get schlacked in midterms (not just lose),Asserting
"<user> you really think for a second if anything in the epstein files was evenly remotely close to incriminating against trump, the democrats who had control of it for 4 years wouldn’t have released or at least leaked that to the public?",Rhetorical Questioning
<user> the rich stole the millions.,Asserting
obama gift wrapped crimea [for the russians],Assertive Questioning
the us data requests do not require private messages,Asserting
r/conservative forum is good overall,Asserting
soldiers dying is an important issue in this discussion.,Asserting
but both (being the world police and inflicting consequences on iran) can be and are true.,Asserting
even the people at mar-a-lago watch bad bunny,Asserting
carolwhocares' white father joined up to be a pilot.,Asserting
situations like abolishing borders will always been used by the elites,Analysing
us corporations practically have a monopoly over online media,Asserting
<user> i knew a girl who was born with only half a brain. she went on to get a masters degree in law.,Asserting
"<user> the posts that say ""flared users only"" are the republican forums,",Asserting
there is nothing patriotic or christian about maga,Asserting
that doesn't necessarily mean the commenters on this subbredit themselves are leftists,Asserting
people's thoughts on what is harming america will be relatively specific,Asserting
🤬🤬🤬,Emotion-expressing
(and with lately i mean slowly more and more since the 80s).,Analysing
"<user> you totally skewed the point. patriotism would be looking out for your fellow country men rather than those in another country. that's not to say you shouldn't care about ethics, but you put your country first, whether you're from the us, china, or kenya.",Asserting
none of these big scary men from the hockey team had the balls to say that trump's sexist misogynist joke was wrong.,Asserting
"<user> the republicans ""outed"" themselves as bigots and racists a long time ago before putting on their own halftime show.",Asserting
thems! i see what you did lol!,Asserting
seascrapo then go on to post 3 paragraphs about everything they hate about the us.,Asserting
"this incident of kirk's murder? completely on par for the us.    not only that, everyone will be up in arms, say its wrong, then nothing fundamental will change, maybe people will take more security measures, but you will be left with the same ol same ol us of a.",Asserting
the trump administration will be held accountable,Analysing
what jd vance really meant was a true american male wears eyeliner.,Asserting
"there's nothing bad, evil or malicious about ground news",Asserting
the catholic church is now a non hereditary monarchy,Asserting
god bless are tuskegee airman!!!,Emotion-expressing
seascrapo's response is like having a job can't quit,Asserting
and nobody should consider your opinions if you're going to lie so brazenly.,Asserting
but now you have the best ever president. enjoy.,Asserting
the rich can't even spend all the money they have in their lifetime,Emotion-appealing
school is more of a gamble,Asserting
a person sleeping in a doorway was someone's child,Emotion-appealing
<user> funny you’re pulling out biden quotes as you seem to have the same mentality.,Emotion-appealing
idiots and grifters are so attracted to rewriting roman history to fit their narrative,Analysing
"if jiang is right about the last point of the video, then that's kind of scary",Emotion-expressing
azidamadjida and blazerboy420 understand that other people in this thread know how the system in iran works.,Emotion-appealing
trump was first to provide javelins to ukraine when obama wouldnt.,Asserting
and we believe in these values!,Asserting
psychets edited their comment because they forgot to add the location.,Asserting
usa can set back iran nuclear development by ten years which is a win,Asserting
<user> now investigating means covering up.,Asserting
people without brains are not that rare,Asserting
"men on the shouldn't have laughed at trump joke, it's so easy.",Asserting
"does its_all_made_up_yo want the entire population of people who want to leave this country, but can't, to just drop into the void?",Rhetorical Questioning
pwncakeironfarts has a handful of comptia certificates,Asserting
pax americana is dead,Asserting
that trump is trying to do things outside his jurisdiction should be concerning to every american.,Asserting
you are not qualified for another job,Asserting
<user> mexican army is in america?,Pure Questioning
dakotasan wonders who the next 'assaholah' will be,Emotion-expressing
you can argue border security without pretending the other side hates america.,Asserting
not even spanish people understand what bad bunny is saying,Asserting
initially catholic priests could marry and have children,Asserting
mikebattis8684 is thanking the governor newsom,Emotion-expressing
"""america bad"" is often a charge levied against people by others",Asserting
governor newsom's speech was the most presidential speech we have heard since biden was in office,Asserting
hank_scorpio_obgyn can't say they really enjoyed paying $3.52 for a gallon of gas just a month later.,Asserting
others shouldn't ignore what meiguichronicles is going through,Emotion-appealing
"and bari weiss is a liberal, but a pretty fair one.",Asserting
the whole world becoming one nation and the focus from international rivalries shifting to repairing society worldwide is fantasy talk.,Asserting
user-xk8wj6hn4i bets lavendereucalyptus3225 supports open borders.,Asserting
it took so long for seth meyers to be in trump's crosshairs.,Asserting
every war game for war with either country has the predictable negative consequences.,Asserting
what would harimfseldon have had biden do?,Rhetorical Questioning
"r/fuckimold is that away, pal.",Phatic-maintaining
"<user> covered majority of uk women sentenced to life in prison in the following video: ""<url>",Asserting
the recruitment of mormons by the cia is more about the lack of vices among mormons,Asserting
the city [pleasant grove] average is up about $0.70 to $0.80 on average from end of february to now.,Asserting
we would rather spend the resources we could use to give everyone in america a beautiful life making evil men obscenely wealthy.,Asserting
<user> well from my perspective that’s a good thing that the worst thing you saw in life is a video commenting kirk's racism after his murer,Asserting
they [us gov] can't silence all of us telling the stories.,Asserting
"if you go to a protest and ask folks, they'll usually give some relatively specific thoughts on what is harming americans, america, and our collective future.",Asserting
imagine if governor newsom ordered local police and state to arrest any military person who breaks local and state law.,Asserting
this reddit sub is just the left coming there to talk shit on the right.,Emotion-appealing
the catholic pope is a monarch.,Asserting
<user> and hurt feelings and saltieness apparently😂,Asserting
but you seem like you’re lumping every trump supporter in the same category as him which makes you no better,Asserting
we need to save america now,Emotion-appealing
that has become the biggest joke of all,Asserting
there are stockholders getting rich off of the war in iran,Emotion-appealing
you should stand up for justice.,Asserting
i can't blame men for choosing asian women,Asserting
spanberger is trying to take yawatt's guns.,Asserting
"when i found out charlie kirk was shot, i had the misfortune of seeing the video commenting his racism. it was the worst thing i've ever seen. i had to stop doing homework. i couldn't pay attention in class. it shook me to my core.",Asserting
"sometimes going to school really helps and sometimes not if you can reasonably afford it you should go cuz you never know, it might be great.",Asserting
taking the island it is an option and 2k marines plus what other troops are available in the region could land there and then not have to worry about iran mobilizing against them,Analysing
the us does not require private messages on applications,Asserting
go figure,Phatic-maintaining
ther are stockholders getting rich off the united states' war with iran.,Asserting
calling everyone who disagrees with h3nchman_24 “fake republicans” or “shameful twats” is insecurity.,Asserting
foxbijou982 is not from the us,Asserting
soltahrtiv-amanda5060 ought to please take care.,Emotion-expressing
the democrats are corrupt,Analysing
"now as for the joke, reasonable_oak's argument is full of flaws and contradictions.",Asserting
"even if there's no 'reason' to rise prices, that's not how oil prices work though",Asserting
being rude is not anything for one's could be impeached,Asserting
school should be free,Asserting
because their contribution counts less because they are women? and they didn't work as hard for their gold medals?,Rhetorical Questioning
<user> would please like a part 2 of the video,Emotion-expressing
"<user> has no sound listening here in amarillo, tx",Asserting
"<user> the things they believe are reprehensible, truly",Analysing
when someone is unbiased <user> thinks they're a pro republican,Emotion-appealing
"<user> the claim that the us has an extensive social surveillance system is still incorrect, because the us is not demanding “social media history” in the way you’re using that term.the us requests self-reported identifiers (usernames) on some applications. it does not require post archives, private messages, browsing history, or ongoing monitoring after entry.",Asserting
no one acts with respect for the feelings of others.,Asserting
the school system is bullshit,Emotion-appealing
both stances taken in this thread are reasonable things to think,Emotion-appealing
historical gas prices are very widely tracked.,Asserting
"the guy was calling mehdi a liar, despite being fact-checked",Asserting
trump's deregulation is one of the primary reasons why the prices have absorbed this shock so well.,Asserting
<user> white father made it through all the rigorous strenght criteria to join the airforce,Analysing
people from the comments will all meet up again for the next shooting,Asserting
<user> knows that professor jiang is a click bait crank but did not know he was a conspiracy nutter,Asserting
where the money goes is administered by the agency at the supervision of the executive branch.,Asserting
colber's show was the number-one rated late night show,Asserting
the farmerjoee's claim only works if they define “surveillance” as “what’s written on an application form”,Asserting
margiesved3616's father navigated bombers in europe during world war ii.,Asserting
utah saw the biggest spike in gas prices,Asserting
what everyone else is saying to hilldawg4president though is that how the system is supposed to work and how it actually works when people get involved are two different things.,Asserting
a little bit of me dies everyone i have to pretend like i don't see the homeless man curled up on the sidewalk.,Asserting
plus now they want to lift sanctions on fucking russia?,Analysing
u.s army staff sargent gary starks went home on leave in 1998 or 99,Asserting
the united states don't even get oil from iran.,Asserting
"your obvious tds ['trump derangement syndrome', a pejorative term for describing and mocking anti-trump commentators, who believe that trump isn't sane] is sad",Asserting
your actions only support big businesses.,Emotion-appealing
now that the war with iran happens it isn’t being done well at all,Asserting
i guess that depends entirely on whether you consider yourself a decent human being or not.,Asserting
enw_digrif is very plugged into the activist scene in their region,Asserting
attacking and firing on media or detaining them violates the california bane act.,Asserting
5 months ago ❤❤❤❤❤😊😊😊😊😊😊,Emotion-expressing
thank you mate,Phatic-maintaining
"<user> from what i’ve read, the generals‘ plan was to not go to war with iran.",Asserting
h3nchman_24 is parroting what the maga hive mind puts out constantly.,Asserting
it breaks my heart because that [a homeless person] was someone's child and this society has failed them.,Emotion-appealing
"<user> i concur, i grew up near salt lake city in sandy/draper. mormons will do anything they are told to in the ""name of god"" and will not hesitate or stop to ask, ""why?"" it's a cult, and we're not even including the polygamists...",Asserting
<user> people in italy are dense often.,Asserting
"""america bad"" mindset isn't something levied by people against the nation.",Asserting
$2.53 per gallon of gas is much more plausible as an outlier even if it deviates from the city average.,Asserting
so sometimes posts of italo americans are flooded with young enraged italians,Asserting
you cannot reasonably afford school,Asserting
being rude doesn’t rise to the level of something that would be impeachable,Asserting
khamenei successors aren't chosen by democratic means,Asserting
democrats think straight people are bad.,Asserting
justice matters. always.,Asserting
in 2022 national average gas prices jumped to $4.20 and were sustained there for half a year.,Asserting
<user> thats why school should be free,Asserting
there's no hope to u.s. political system,Analysing
seascrape should think about focusing on improving themselves and finding their way to a country that makes them feel better about themselves.,Asserting
<user> was busy today,Asserting
what is iambarrelrider talking about?,Pure Questioning
nobody deserves to be murdered or physically harmed because of their words and beliefs,Emotion-appealing
the trump regime has spent its months in office purging the pentagon military of anything it deems diversity related,Asserting
why be unclear instead of stating that if these areas are taken over we will use nuclear force?,Assertive Questioning
the term nepotism comes from popes appointing there nephews/illegitimate children as cardinals,Asserting
<user> military leaderships job is to plan and execute.,Asserting
"if h3nchman_24's only move is labeling people instead of debating the point, they've already lost the debate.",Asserting
every comment <user> make is just angry and something about politics attached.,Asserting
trump didn't call the military on jan 6 where the rioters he incited attacked the police trying to protect vp pense doing his job to allow the peace full transfer of governor heis,Asserting
<user> trump is the  boss,Asserting
democrats think being pro life is bad.,Asserting
"you never know, school might be great",Asserting
"hilldawg4president cannot say that helpful_blood_5509 is ""believing factually incorrect things""",Analysing
not everyone is a great political communicator.,Asserting
you cheer for political violence against political oponents,Emotion-appealing
u.s army staff sargent gary starks burned down the house of his mother's next door 67 year old neighbor,Asserting
the united states air force can't silence all of us telling the stories of tuskegee airmen.,Asserting
<user> remembers the sacrifice that a lot of people other than her family gave,Asserting
"americans critical of the us don't hate their country, they just want to see it do better.",Asserting
it is even more frustrating that us elections have shifted to choosing between two evils,Emotion-expressing
they didn't start their response with saying anything about alternatives to leaving.,Asserting
trump was first to provide javelins when obama wouldnt,Analysing
"<user> didn't watch the ""halftime show"" that they didn't want to watch",Analysing
<user> people who tell others not to complain about gas prices make their entire living by being pro trump.,Asserting
people avoid watching other getting killed.,Asserting
"cute_effect_8825 didn't know about the whole bombing situation until today, so they haven't profited on that 😅 they dont think anybody is going to be able to.",Asserting
if you don't want to believe me. go ahead.,Emotion-appealing
leadership is determined with several government bodies weighing in,Asserting
the largest nsa data center is in utah.,Analysing
calling other users 'bots' is 'peak reddit behavior',Asserting
a person doesn't suddenly stop to care about gaza,Emotion-appealing
"the elite has always used any situation to gain more power, control and money.",Asserting
the fact that trump's joke about getting impeached for not inviting the women's hockey team to the state of the union became a whole story is ridiculous.,Asserting
"i wonder what happens if they tell him no 🤣 he wouldn't just shoot them in the street would he, oh wait",Rhetorical Questioning
governor newsom's speech was the most presidential speech we have heard since biden was in office.,Asserting
<user> it's probably because you're a 19-year-old redditor who just jumped on a bandwagon and now has to pretend they really give a shti about ukraine.,Asserting
"<user> jealous of the weird drunk kid rock who has a lyric that says ""i like ’em underage, see some say that’s statutory (but i say that’s mandatory).""?",Rhetorical Questioning
"<user> r conservative forum is overall republican and there’s still nuance to a certain point. decent mix of moderate republicans, centrists, maga etc.",Asserting
democrats tried everything to stop him from running and winning,Asserting
you literally have no idea [how iranian successors are being chosen],Asserting
i guess saying that trump would not invite them unless he was afraid of being impeached or simply inviting them depends entirely on whether you consider yourself a decent human being or not.,Asserting
one should not take anything jiang quexinman says as any type of truth,Asserting
trump is the boss and the hell with the rest of the people,Asserting
you're all talking about this. help already,Analysing
there is also r/trump for exclusively pro-trump stuff.,Asserting
oh? why would not inviting the women's team be rude?,Rhetorical Questioning
and so you can act as sort of a timecapsule on some things.,Asserting
<user> the capitol needed a refresh and some new windows and doors anyway - jan 6th rioters were actually helping with free demo work beforehand.,Asserting
more and more men today are chasing asian women,Asserting
the risk of being marked down a full letter grade for not having bought a textbook is the reason supersaiyantrunks pirated theirs and said they purchased digital copies.,Asserting
<user> yes the ones who tell people not to complain about gas are real rich. and they dont understand normal people,Analysing
god bless the tuskegee airman!!!,Emotion-expressing
the one far-right conservative in jubilee's video early on who was talking about california state legislature was fact checked by mehdi hasan multiple times.,Asserting
imnopotatoperson is probably a 19-year-old redditor,Asserting
that is because trump's supporters are not scared of crockett.,Asserting
"no, wordsoflove8787 is not more right wing than they pretend not to be.",Asserting
lol in your unoriginal eyes.,Emotion-expressing
seancuressadness is not being literal about being shot for not having a job.,Asserting
labeling people instead of debating the point makes h3nchman_24 look small.,Asserting
it bugs sanateria how gullible people were to vote trump back.,Asserting
antifa violence.,Asserting
carter was a devout christian,Asserting
"the claim [that us have surveillance systems] only works if you define “surveillance” as “what’s written on an application form""",Analysing
dukeofslut is not even including the polygamists.,Asserting
the americans who criticise and hate the united states never leave.,Asserting
h3nchman_24 actually thinks it's funny/clever to taunt somebody over a typo.,Asserting
because people seek domination,Asserting
seascrapo is tired of the evil that the us government perpetrates,Emotion-appealing
if humanity was united there would be 8 billion people keeping the elites in check instead of fighting each other.,Asserting
usa not taking the island away has to do with not wanting to make the economic impact of the war any worse than it is at the moment,Asserting
<user> tried to give a reason why people who would want to leave can't.,Asserting
the documentary the money masters is a really good perspective on the history of the modern economic system,Analysing
bari weiss refused to air a 60 minutes piece on what is happening to immigrants in the us,Analysing
stop simping on them,Phatic-maintaining
seascrapo is tired of being a part of a country that only exists to enrich a few lucky people born under a lucky star.,Emotion-expressing
zimbabwe has a tornado touch down and immediately pump prices jump 40 cents yet it takes months for pump prices to go down after the perceived danger is gone..,Asserting
“appease our enemies because they might do bad things” neville chamberlain over here,Analysing
the amount of heartbreaking stories about ice activity is so unreal,Emotion-expressing
"people are bound to lose it when the system is actively against them, and probably wants their deaths as well.",Asserting
"maybe eezay won't live to see europe become third world, but their children will.",Asserting
"no, this post is about brigading",Asserting
and he kinda owned jordan by using his own logic against him.,Asserting
margiesved3616 and their family grew up knowing this.,Asserting
<user> they gonna claim its a genocide lol,Asserting
which mistake?,Assertive Questioning
all the fake republicans in this subreddit are shameful twats who wouldn't have stood for american citizens either.,Asserting
the plan for iran not blocking the strait is to not go to war with iran.,Asserting
other people in this thread don’t seem to understand how human nature comes into play,Asserting
mehdi didn't interupt to belittle or insult,Asserting
same goes for my italian half. and for anyone else anywhere who is sane.,Asserting
chevron is getting rich off of the war in iran,Asserting
"<user> they definetely are more obsessed over race and cultural ""pureness"" than anyone else.",Asserting
everyone outside of the us think something is deeply wrong with the us,Emotion-appealing
the people worth millions who tell others not to complain about gas prices claim the events of january 6th 2021 were antifa violence.,Asserting
i'm kinda happy,Analysing
what i hate about america is that we have the resources to give everyone here a beautiful life.,Asserting
american constitution failed to save the us republic from trumpian fascism,Emotion-appealing
<user> i’d like you to name the companies and countries per your claim.,Asserting
lankyevilme is horrified by europe's downfall,Emotion-expressing
"this interview would be disqualifying for anyone else, i can't believe how far we've slipped as a country",Asserting
"<user> from reports, their missiles backfired.",Asserting
it's so easy not to laugh at trump saying he would get impeached if he did not invite the women hockey team to the state of the union.,Asserting
people on reddit who think america is an awful place to leave is who the original post is talking about.,Asserting
the us is $0.40 nationally below the biden price jump and $1.20 below the peak.,Asserting
we're living in a time in which even bigger fools would vote for these people.,Asserting
'america bad' mindset is more something you get from a small subset of some select groups.,Asserting
<user> are you really young?,Analysing
"seriously, have the people worth millions who tell others not to complain abous gas prices ever touched a gas pump?",Rhetorical Questioning
a firefighter died in the trump shooting.,Asserting
no one is jealous of kid rock,Emotion-appealing
<user> would like to see the faces of the guys he knew doing life in military prison again,Emotion-expressing
attacking and firing on media or detaining them violates federal and state law called prior restraint.,Asserting
maga's were actually helping with free demo work beforehand.,Asserting
obama deported people too,Asserting
"as for your second point, the enrichment sites were totally obliterated",Analysing
"everyone will be up in arms, say its wrong, then nothing fundamental will change,",Asserting
usa already did set back iran's nuclear development,Asserting
subreddit r/conservative is good overall.,Asserting
"thinking that the government ""fucking up"" just means not supporting someone's ideology is only a problem when the disagreement is between two reasonable policy proposals",Asserting
every comment dad_jokesnbutt_stuff makes is just angry and about politics.,Asserting
the guy was talking over mehdi,Asserting
conservatives should not be crucified if they do not agree with each other,Asserting
"<user> just because you don't have it bad doesn't mean you should ignore what others are going through, and vise versa",Emotion-appealing
my white father joined up to be a pilot.,Asserting
<user> his party doesn't stand for anything anymore--except donald trump.,Asserting
the democrats even tried to kill trump.,Analysing
p.s. i just want to say the actual investigated report from us does not seem to be out yet.,Asserting
birth rates say americans are doing a lot more fucking than the italians.,Asserting
so whether the members here have tds or not is irrelevant.,Asserting
cydchance3367 will make sure their nephew and nieces know.,Asserting
"trump is unique,  because he never mastered english grammar, history, geography, or our laws,   he advanced from president, to second impeachment very quickly.",Asserting
"just because you don't have it bad doesn't mean you should ignore what others are going through, and vise versa",Asserting
what’s not to hate about the right?,Rhetorical Questioning
<user> but if humanity was united there would be 8 billion people keeping the elites in check instead of fighting each other,Asserting
will the trump administration be held accountable eventually?,Analysing
democrats are completely blinded by trump derangement syndrome to their own detriment.,Asserting
<user> jd manscapes too.   jd wanted you to know that....to visualize that.,Asserting
jd vance would look really weird without a beard,Emotion-appealing
americans know who the tuskegee airmen were,Analysing
not a single thing trump said was diminishing towards the women’s gold medal.,Asserting
hey jackass i know he said some wild things and i def didnt agree with him,Asserting
"since democrats would look for anything to bring trump up on the charges, a non invite to the women’s team would be perceived as sexist and then the democrats would want to impeach trump for that.",Analysing
there's little chance gas prices will be at or above the current $3.80 by november.,Asserting
is trump's joke that the women hockey team's contribution counts less because they are women?,Rhetorical Questioning
mormonism is a cult,Asserting
iambarrelrider is an absolute clown.,Asserting
<user> you're just too stupid,Asserting
"and his interruptions were mostly to clarify or understand, not to belittle or insult or be openly racist towards others, which are all things multiple people in this group did to him.",Asserting
taking border jumpers will make you feel better.,Asserting
the united states do not have an extensive social surveillance system anywhere near the level of china or north korea.,Asserting
<user> the usa isn’t ready for a serious discussion about why letting everyone vote isn’t a value to be proud of,Asserting
school possibly helping or not is the reason it should be free.,Asserting
khamenei's temporary replacement was his own son.,Asserting
<user> 50% of americans can't even afford a $500 emergency,Asserting
think about this it'll be a record year for the companies at this rate,Asserting
jonna rivers too would have a field day with trump,Asserting
"<user> so does the us, and yet only 1 out of 3 asks for social media history for tourists.",Asserting
school can be or not be a scam,Asserting
<user> the present is the age of internet,Asserting
just cuz mehdi made you mad doesn't mean he's wrong.,Asserting
she just hates that her tuition is so pricey,Asserting
that iran's new leader was appointed via nepotism or was fairly chosen are both reasonable things to think.,Asserting
professor jiang dropped the illuminati theories like they are given knowledge,Asserting
<user> damn some italo americans soon will be way more italian than italians in italy are nowadays.,Asserting
the supreme leader picks the judiciary’s boss and the official who appoints all judges.,Asserting
this videos is literally the only reason otterelise1754 knows about it!,Asserting
it took much to become a pilot in the airforce,Analysing
it's amazing what the tuskegee airman accomplished,Emotion-expressing
it is so funny to hear what imnopotatoperson is saying,Asserting
you stating anything about my iq is irrelevant.,Asserting
so cbs came up with this stunt to get attention for talarico and cut out crockett.,Asserting
people didn't see any tests,Analysing
in the name of what and for who those men have died? [in polish],Pure Questioning
<user> clearly you give fucks about me or my opinion.,Asserting
<user> use nukes,Emotion-appealing
"<user> this subreddit hasn't been republican for a while now. it's just a mask. and i'm sure the mods all have theirs on, too. 😷",Asserting
cute_effect_8825 watching current events is none of santaneria's concern.,Emotion-expressing
"if one cannot reasonably afford school, they aren’t missing out on too much.",Asserting
"<user> you sir, are doing gods work.",Emotion-expressing
every comment dad_jokesnbutt_stuff makes is angry,Asserting
hating italy has become trendy in italy.,Asserting
they [us gov] may be able to take them [black airmen] out of the history books,Asserting
<user> was a fan of kid rock,Asserting
only way to end iranians dying is to give the people weapons.,Asserting
<user> i was a fan of kid rock. liked his music.,Asserting
god bless all of our military!!!,Emotion-expressing
r/shitpoliticssays is pretty right wing too,Asserting
<user> antifa will be whomever the dear leader trump decides or whomever criticizes him.,Asserting
social media conversation does not count as asking repulicans what they believe in.,Asserting
"however, talarico is a well spoken white man who has a devotion to christianity so strong he is working to obtain a master of divinity.",Asserting
no one in the us wants to come together and build a better world for each other to share. no one acts with respect for the feelings of others. it's always everyone doing whatever they want with no regard for others.,Asserting
that's always what i hear people saying about mormons like polygamy some kind of common thing and not something that hasn't been banned in mormonism for over 130 years. nobody alive today was around when mormons still endorsed polygamy.,Asserting
the trump administration are bigots on a cellular level,Analysing
"jan. 6, 2020 was the one day in trump's presidency when he needed to call in federal troops to stop the rioters that he instigated and he refused to do it",Asserting
"but, mormons also obey orders like robots and take very little convincing to do terrible things",Asserting
prices under biden were cheaper then now,Analysing
they may be able to take black airmen who fought in the wwii out of the history books,Asserting
it affected me a lot more than the trump shooting,Asserting
hypocrisy of people who complained about prices during biden's presidency will never reach them,Analysing
i can't say i enjoyed paying $3.52 for a gallon of gas just a month later.,Asserting
it always seems to be the people who don't know the first thing about the iranian government that are completely certain that they know exactly how it functions,Analysing
<user> do you also think they have a plan to go to war with russia and avoid getting nuked?,Assertive Questioning
a friend of <user> family was a tuskegee airman,Asserting
"the white female liberal at the end of the video circulating around, as the guy who had thrown incendiary devices at a protest is getting arrested, screaming ""does someone have your emergency contact?"" says a lot about the mental state of some of these people.",Asserting
<user> also if you see italians getting mad at italo americans this is an attitude typical of some leftists,Asserting
"this is inhumane, and shameful",Asserting
initially catholic priests could marry and have children.,Asserting
some people do say that trump actions are 'god's plan',Asserting
dead-in-red was still getting screwed.,Asserting
"how you can be so dense as to watch zelensky, and his crew steal tons of money from the us taxpayer and wonder why they get indignant is beyond me.",Asserting
luis debería tener cuidado con los carteles.,Asserting
trump attacked venezuela for its oil,Asserting
the us society has failed a person sleeping in a doorway,Analysing
you put in effort to make your country better,Asserting
"while i've always vehemently disagreed with kirk on 95% of issues, and while i stand by everything i said about him in this video, he didn't deserve to die. nobody deserves to be murdered or physically harmed because of their words and beliefs.",Asserting
cute_effect_8825 strategically managing their finances is none of santaneria's concern.,Emotion-expressing
i was happy to fight for us,Analysing
nobody is going to be able to profit of of the bombing in iran.,Asserting
ultimately i think people like you have been so conditioned to hate america and american values that you find it impossible to celebrate accomplishments of those that don't fit into your narrow misogynistic world view.,Asserting
diabeticbutnotfat would go up from the dean of the department,Asserting
the capitol needed some new doors,Asserting
the video of kirk's death was the worst thing <user> has ever seen,Emotion-appealing
seascrapo doesn't hate america.,Asserting
typewriting_cheese is asking if <user> is a bot,Pure Questioning
3/3 of libtards are bots from turkey,Asserting
there is no possible world where usa not being at war with iran is the strong united states,Analysing
"but yeah, obama was shite.",Analysing
"<user> what about the many (28%) people who were here legally, but deported in 2025? some of them were taken as they were in government buildings, complying with government rules. what about them?",Rhetorical Questioning
"there is a decent mix of moderate republicans, centrists, maga etc. in the r/conservative subreddit.",Asserting
the goverment even tried to erase jackie robinson,Asserting
few popes reign long enough to be able to sire illegitimate sons and get them into the priesthood even if they wanted to.,Asserting
<user> white father made it through all the rigorous iq criteria to join the airforce,Asserting
i will sacrifice to educate the children i come in contact with about the tuskegee airman.,Asserting
"bro, i'm not going to sit here and argue over gas prices and if i'm making shit up or not.",Phatic-maintaining
"when people can't leave the united states, how exactly are they expected to not stay?",Rhetorical Questioning
the us has surveillance system as expanded as china or north korea.,Asserting
trump destroys everything he touches like thanos.,Asserting
"""america bad"" is more like something you get from a small subset of terminally online hyper-obsessives.",Asserting
just because mehdi hasan made josephpoveromo8086 mad doesn't mean he's wrong.,Asserting
"maga ""outed"" themselves a long time ago before this.",Asserting
yes biden and obama helped the regime in iran to last longer,Analysing
<user> maybe jb vance's born with eyeliner maybe it's maybelline...,Asserting
"<user> i guess to the affluent white female urban liberals it’s okay to attempt to commit a terrorist attack, which is unbelievable",Asserting
trump is a narcissist so he doesn't care about public opinion,Asserting
we've been told they are 5 minutes away from a nuke since 1995,Asserting
cute_effect_8825 has no control over what big businesses do.,Asserting
whether hank_scorpio_obgyn filled up gas for $2.15 or $2.25 is obviously the pressing issue here.,Emotion-appealing
nowhere in the us has seen such an increase as hank_scorpio_obgyn is reporting.,Asserting
he's been promising this since the first time he ran for president in the early 2000s. his deregulation is one of the primary reasons why the prices have absorbed this shock so well.,Asserting
most people of the world watched bad bunny,Asserting
the claim that the us has extensive surveillance systems works only if you define “surveillance” as “what’s written on an application form”,Asserting
the ones who tell people not to worry about gas prices are in fact thieves,Analysing
<user> did and does read the news,Asserting
hank_scorpio_obgyn is going to lie so brazenly.,Emotion-appealing
"conservatives capturing a portion of the voting population is sad, pathetic and infuriating",Emotion-expressing
you are just trying to prove that you are not making numbers up,Asserting
glenn should be appointed ag by president,Asserting
many of the people cute_effect_8825 knows that saw what they were doing and did the same cashed out big.,Asserting
these people get mad about it just for being interested half the time.,Asserting
there is nothing patriotic or christian about turning point usa.,Asserting
the other people in this thread will never understand that how the system is supposed to work and how it actually works are two different things,Emotion-appealing
"in fact, if you love america you must criticize it when it fucks up",Emotion-appealing
"after being forbidden from marrying and having children, the popes started naming their nephews their successors.",Asserting
russia waited with the invasion of ukraine for biden because trump would not have handed over ukraine to russia.,Analysing
huh. that certainly sounds like... oh wait,Emotion-appealing
the president's idiot followers can’t see his deliberate destruction of american friendships and alliances,Asserting
the government having access to what is written on an application form is not how surveillance works.,Analysing
subreddit r/conservative deals less with policy discussions though and more pointing out the faults in the left.,Asserting
[there:] the information about trump saying that veterans are 'losers' and 'suckers' is fake,Asserting
that is fantasy talk.,Asserting
cbs told stephen colbert he cannot air his interview with james talarico on television because they don't want him giving time to anyone running for office who might challenge trump.,Asserting
[a comment with links to meidas touch socials],Analysing
trump is the boss.,Asserting
the people who claim that trump's joke told to usa male hockey team wasn't funny just suck the joy out of everything.,Asserting
i'm a systems administrator with no degree,Asserting
stay vigilant and remember to think about what's going on in your own country too,Asserting
the us gas prices are not going to get any better.,Asserting
"when i found out he was shot, i had the misfortune of seeing the video [of him being shot]",Asserting
cbs have cancelled stephen colbert's show.,Asserting
so cute_effect_8825 is a bot?,Assertive Questioning
we can't control everything an enemy does.,Asserting
reasonable_oak should go suck some pedo dick because they're a freak,Emotion-appealing
"in contrast to the rest of the country, the national average was just about $3.00 per gallon of gas in february 2026.",Asserting
"some parts of professor jiang are plausible hypotheses, others are classic conspiracy narratives",Asserting
briannatarley9098 would wear being publicly insulted by trump as a badge of honor.,Asserting
leftists say that people don't have brains when they disagree with someone,Asserting
a little bit of seascrapo dies everyone they have to pretend like they don't see the homeless man curled up on the sidewalk.,Emotion-expressing
prices of gas reported by hank_scorpio_obgyn deviated so significantly from historical data.,Asserting
there would be 8 billion people keeping the elites in check if the borders were abolished,Asserting
our entire nation really only exists to enrich a few lucky people born under the right star.,Asserting
"you pay for the paper, not school",Asserting
jd vance isn't wearing eyeliner.,Asserting
europe let in millions of people with no controls,Asserting
"if cplusequals thinks the current gas prices are ok, that's on them.",Emotion-appealing
andrew_balack didnt agree with thehadirahim,Asserting
i don't care about maga,Asserting
in the countries about which americans have been fed limitless propaganda the governments take care of their people.,Asserting
<user> found a beautiful conservative woman in mi almost 25 years ago,Asserting
cute_effect_8825 is a fucking idiot,Asserting
anarchists who i know believe that the main obstacle to that fulfill america's ideals is the concentration of political and economic power in the hands of people driven functionally insane by the motivational structure of centralized power.,Asserting
could <user> possibly make a video about other countries military men sentenced to life in prison?,Pure Questioning
trump is actively screwing over all of the us allies,Asserting
that's what mutually assured destruction is all about.,Analysing
still disappointing how many mistakes he made here,Emotion-expressing
"the us request of social media history of tourists is limited, sometimes optional, and constrained by law. china and north korea rely on systemic monitoring after entry. china has nationwide biometric cctv and internet monitoring. north korea inspects devices and controls your movement outright.",Asserting
in cplusquals' area gas prices went from $2.60 to about $3.10.,Analysing
no way to know however.,Asserting
not inviting women's team to the oval office would be sexist,Asserting
you can easily get a job starting at $60-70k/yr,Asserting
the 2025 tax/budget bill is roughly $500+ billion out of medicare over 10 years unless congress steps in.,Asserting
the usa doesn’t even get oil from iran.,Asserting
everything that made <user> feel patriotic is being dismantled and relabeled unpatriotic,Asserting
"<user> seriously, have the people complaining about gas prices ever touched a gas pump?!?",Rhetorical Questioning
"the girl with a ""smash capitalism"" sticker on her $1200 macbook just hates that her tuition is so pricey.",Asserting
<user> is a fool who should keep dreaming,Emotion-appealing
us almost worked with churchill to push the red army out of the city,Asserting
the us is not changing a single thing,Asserting
speculators seem to have a lot of power over gasoline prices.,Asserting
"<user> when men wore eyeliner it used to be called “guyliner,” but not anymore i guess….",Asserting
chevron profits off of the united states' war with iran.,Asserting
"an eyeliner for men used to be called “guyliner,”",Asserting
what do you do without school?,Pure Questioning
the claim that the us has an extensive social surveillance system only works if you define “surveillance” as “what’s written on an application form” and you assume china can't access your info without your permission. that’s not how surveillance works.,Asserting
"saying north korea and china “don’t even ask for social media history for tourists"" is incorrect. they do far more, just without disclosure.",Asserting
both sides (left and right) have turned to only echo chambers on reddit.,Asserting
<user> amen,Phatic-maintaining
<user> then they should word it differently.,Asserting
trump's joke actually was about him getting impeached again,Asserting
everyone knew he trump would be hawish on iran with how he took out soleimani in his first term.,Asserting
it makes sense why people would see the us in a bad light,Asserting
"so no, it is not simple selection by the leader, though obviously he has significant influence.",Asserting
"if the slight price discrepancy is what cplusequals is getting out of this exchange, then they are a lost cause.",Asserting
this is it...,Phatic-maintaining
china will actually be able to deploy its defense,Analysing
$2.15 was the lowest i filled up for since covid in early-feb.,Asserting
when is the last time imnopotatoperson asked a republican what they believe in?,Assertive Questioning
zeppelins followed suit so the world didnt implode when <user> was younger,Asserting
there isn’t a shortage of gas.,Asserting
"if you don't have a degree specifically, you don't have many options after leaving the us",Asserting
hank_scorpio_obgyni isn't enjoying paying $3.52 for a gallon of gas just a month later.,Asserting
everything else <user> says is largely true,Asserting
helpful_blood_5509 believes factually incorrect things,Asserting
<user> <user> no,Asserting
"the united states are nowhere near the gas prices seen during the ""i did that"" period in 2022.",Asserting
"r shitpoliticssays is pretty right wing too, deals less with policy discussions though and more pointing out the faults in the left.",Asserting
its over.,Asserting
does it matter if i'm off by $0.15? look at the gas prices. this wasn't a $0.15 increase. it's a dollar or more in a lot of places.,Asserting
you pay for the paper in school,Asserting
"if h3nchman_24 thinks disagreeing with one man makes iambarrelrider ‘fake,’ that says more about h3nchman_24 than iambarrelrider.",Asserting
the misinformation in lorihultin's comment is insane.,Asserting
the problem was the conservatives have harmed all of us just by capturing that portion of the voting population,Asserting
voters ('leftists') on this subreddit are cultivating tds here by manipulating the votes under posts,Asserting
"cbs telling stephen colbert to also give crockett and the others equal time, aka the candidates in the democrat primary.",Analysing
reasonable_oak does not expect anything more from a deranged human who cheers for violence against his political opponents.,Asserting
americans critical of their country just want to see it do better.,Asserting
azidamadjida understands that hilldawg4president knows how the leader appointment system in iran works.,Asserting
southerngirl360 is no longer in academia,Asserting
meiguichronicels is glad they found a path without school,Emotion-expressing
"as for actual nephews of popes, getting them into priesthood remains a possibility",Asserting
mxswallow did not solve any problem by talking to their husband.,Asserting
america-hating americans on reddit are not just bots,Asserting
"do you really think if there are no borders, it'll happen the way wi-fi-el think?",Rhetorical Questioning
of course cplusequals doesn't believe hank_scorpio_obgyn,Emotion-expressing
and any late night talk show since it is not governed by these fcc rules has the right to book whomever they like on the show.,Asserting
"reasonable_oak can just say ""would be sexist"", no perception necessary.",Asserting
<user> if the rest of the world is the us then sure,Asserting
"<user> specifically replied to someone stating ""that people absolutely hate it but never leave"" and stated they don't hate america but they then go on to post 3 paragraphs about everything they hate about it.",Asserting
why do you think it's leftists defending ukraine?,Asserting
"just stay vigilant and remember to think about what's going on in your own country too - us corporations practically have a monopoly over online media, so whatever happens and is recorded in the us is likely to affect the assumptions and ideologies of people from any country who might interact with the products from said corporations.",Asserting
<user> you guys shitting on him for calling it the worst thing he's ever seen as if he doesn't mean it literally.,Asserting
the lds church has not endorsed polygamy in over a century.,Asserting
even north korea and china don't demand social media history,Asserting
<user> i have the speech from the beginning to the end right here.,Asserting
<user> first person shooter realistic war sim games were invented by federal agencies,Asserting
lol?,Emotion-expressing
and why did colbert sleight other democrats ??,Pure Questioning
is h3nchman_24 going to be okay?,Rhetorical Questioning
we are $1.20 below the biden price peak.,Asserting
nybadfish is also married to a female liberal and at odds with her concerning anything political.,Asserting
david hogg is at least worst-adjacent amongst the people on his political side.,Asserting
usa never assembled its own coalition,Asserting
but every country has to have its flaws.,Asserting
"i wonder who the next 'assaholah' [ayatollah, the highest religious leader of sh'ia community will be] will be",Asserting
is it that the only reason trump would be forced invite the women's team is because if he didn't he would be impeached? otherwise he wouldn't?,Assertive Questioning
americans are supposed to be the good guys,Emotion-appealing
"i didn't know about the whole bombing situation until today, so i haven't profited on that 😅",Asserting
no one wants to come together and build a better world for each other to share,Analysing
magas do not care about something if it doesn't affect them directly,Asserting
recognition of black airmen will come back,Asserting
republicans losing the midterms could ripple into the 2028 election if the iran war doesn't end.,Emotion-appealing
<user> hi freind,Phatic-maintaining
second the joke was about trump getting impeached again for some stupid reason and that the democrats would look for anything to bring him up on the charges (case in point the previous two times).,Asserting
$2.53 is much more plausible as an outlier even if it deviates from the city average.,Asserting
"and instead of saying that he would not invite them unless he was afraid of being impeached trump could say something like ""i look forward to hosting you and our amazing gold winning female hockey team at the white house soon!""",Asserting
democrats dont want the black woman to win the primary,Asserting
bari weiss is a a pretty fair liberal.,Asserting
no defined success. just more war.,Asserting
that's it......,Emotion-expressing
"but over time this subreddit changed to be a exaggerated, but still mostly sincere celebration of the exceptional nature [of usa]",Asserting
it is easy to leave if you provide value to another country.,Asserting
luisbardaless is an upstanding citizen.,Asserting
"the backlash after erasing jackie robinson was so great, they had to add him back on website..",Analysing
leftists when they disagree with someone,Asserting
"we cannot allow the government to erase some of the best humans in the history of the world, the black people who fought against fascism",Emotion-appealing
few popes reign long enough to be able to sire illegitimate sons and get them into the priesthood even if they wanted to,Asserting
destroying the stuff on that island woukd effectively be a death blow to iran's economy that they couldn't just restart when the war ends,Analysing
<user> the fcc's equal time rule does not apply to talk or entertainment shows.,Asserting
whether hank_scorpio_obgyn filled up gas for $2.15 or $2.25 takes the prices he's reporting from laughably unbelievable to just very unlikely.,Emotion-expressing
[this price] is just wildly incredible even for the cheapest cities in the cheapest states for gas at that time.,Asserting
i would argue is it naive to think that a leader who has built a legacy on “death to america” wouldn’t set up the system so that someone who shares his common interest gets put in his place if something were to happen to them.,Asserting
tengen-sama knew a girl who was born with only half a brain.,Asserting
"well hell, you europeans are originally from the steppes then.",Asserting
the capitol needed some new windows,Asserting
the one far-right conservative in jubilee's video early on who was talking about california state legislature kinda owned jordan peterson by using his own logic against him.,Asserting
the video <user> is requesting doesn't have to be about murder,Analysing
"if it makes helpful_blood_5509 feel better to believe factually incorrect things, then they should by all means do that",Emotion-appealing
getting fucked up because you see a man die on screen doesn't suddenly mean you don't care about gaza.,Asserting
that all it took.,Asserting
jd vance is peter thiel’s “boy.”,Asserting
<user> funny how oil prices work eh?,Rhetorical Questioning
it is what it is.,Emotion-expressing
the democrats tried everything to stop trump from running for president and winning (even tried to kill him) but you don’t think they would have used the epstein files?,Rhetorical Questioning
its_all_made_up_yo's approach to wanting to leave the us is stupid,Emotion-appealing
"<user> the us has long-standing, extensive surveillance systems too and yet only 1 out of 3 asks for social media history for tourists.",Asserting
anyone who cares about history celebrates black airmen,Asserting
"the democrats, who had control of the epstein files for 4 years, hadn't released or at least leaked them to the public",Asserting
you can just throw a dart with your eyes closed to find people without brains,Asserting
trump do his job t allow the peace full transfer of govt heis such a  phony and i can  understand why any decent would continue to support him,Analysing
there was no actual intention not to invite the women's team behind trump's joke,Asserting
"however, the posts that say ""flared users only"" are echo chambers.",Asserting
just because you don't have it bad doesn't mean you should ignore what others are going through,Asserting
we will never forget all those who fought against fascism,Emotion-expressing
there is no exit plan for the american war efforts in iran.,Asserting
"<user> liars says what? wrong, the fcc rule has never applied to talk shows.",Asserting
"you literally have no idea, clearly. you just know how it’s supposed to work.",Asserting
i have service members that i know who are over in the middle east,Asserting
trump is the 'boss' and 'the hell' with the rest of the people,Asserting
the usa healthcare system has one of the lowest cancer death rates in the 1st world,Asserting
popes tend to be well past 50 when elected.,Asserting
people should read the whole two chapters: ezekiel 38-39,Asserting
this subreddit used to be only a satire,Asserting
"if patriotism is looking out for your fellow countrymen than why make ice deport people who where currently getting processed for their green card or people who literally already had a green card, like that guy who got sent to the el salvador prison and is likely dead now. and why focus and spend millions to turn guantánamo into a detention camp and deport millions of people who were targeted at their jobs instead of making them legal.",Rhetorical Questioning
"[you paid $3.64 for a gallon, because] you were getting a steal [and it's not because of nation-wide jump in prices]",Asserting
the united states does request social media identifiers on some visa and esta applications,Asserting
"for all intents and purposes, a one-man dictatorship like russia or north korea is exactly how iranian government worked",Asserting
hahahahahahaha what?!,Emotion-expressing
<user> are you fucking serious?,Analysing
<user> or you just trying to farm karma from the liberal stalkers?,Emotion-appealing
seascrapo hates what america has become,Emotion-expressing
"saying china and north korea ""don't even have a social media identifier request"" is incorrect.",Analysing
the meme reeks of thought terminating clichés,Emotion-appealing
cute_effect_8825 asks santaneria if this isn't actually a republican forum,Assertive Questioning
fascist were usually brainwashed by their parents,Asserting
it sucks that in the last year it seems as if there are only democrats and liberals on reddit.,Analysing
nashtak guesses pk84 turned down trump's invitation to the oval office,Asserting
diamondback2085 was 8 years old when the muslims took iran and the 52 american hostages.,Analysing
was happy to fight for us but still hated trump.,Emotion-expressing
"<user> dude, the last 4 years you literally had drag queens in the white house, what are you talking about?",Asserting
<user> the tuskegee airman won't be forgotten as long as we share their stories with the next generation.,Analysing
<user> leftists are like people born without brains when they disagree with someone,Asserting
americans will be left with the same ol same ol us of a,Emotion-appealing
the joke was more about trump getting impeached again than something directly about the women.,Asserting
republicans only stand for donald trump.,Asserting
reasonable_oak wishes dad_jokesnbutt_stuuf the best,Phatic-maintaining
and nobody should consider hank_scorpion_obgyn's opinions if they're going to lie so brazenly.,Asserting
rule 6 says no politics,Asserting
faelwolf is thanking blasikov for the tip and tells him to get off their lawn.,Phatic-maintaining
black airmen who fought in wwii were erased from just abt every gov't website!,Asserting
trump supporters were putting biden's stickers in 2022 when national average gas prices jumped to $4.20 and were sustained there for half a year peaking at almost $5 a gallon in june 2022. [the situation was way different],Asserting
<user> loves beating up those who think the usa's education system is horrible,Emotion-expressing
it’s exhausting that people want to make everything a political issue,Emotion-expressing
the entirety of his portion of the debate all the guy talking about california legislature did was insult mehdi,Asserting
seascrapo is tired of being a part of the american system,Analysing
no...they would form own elites and oppress even more---kosovo,Asserting
you can love your country,Asserting
north korea inspects devices and controls your movement outright.,Asserting
the 'conservatives' and their cocporate media conglomerates have just been running the same playbook for about 50 years now.,Asserting
it's time for <user> to do some self reflection,Emotion-appealing
people are bound to loose their patience when the system is actively against them,Asserting
"diversity has been widely interpreted by the military services, and many others, to mean anything that recognizes people with minority backgrounds",Asserting
margiesved3616's father died at 101 earlier this year.,Asserting
<user> tbh they might be better people without brains,Analysing
the gas price of $2.15 deviated significantly from historical data.,Asserting
colbert did not lie about the reason for his interview with james talarico not being aired on television.,Asserting
"multiple people in this group were belittling, insulting or being openly racists towards mehdi",Emotion-appealing
or catholic church have taken measures againt nepotism?,Assertive Questioning
trump is squandering the vast logistical networks the us have spent almost a century to establish,Asserting
trump was too busy enjoying watching what he was seeing during january 6th 2020.,Asserting
pleasant grove's gas price average is up about $0.70 to $0.80 per gallon on average from end of february to march 18th 2026.,Asserting
"<user> we should welcome the less fortunate with open arms to an extent but if we have an open door policy then do you know how fast that would be exploited? why should we be responsible for taking care of the world’s less fortunate when we can’t even take care of our own less fortunate? i should not see disabled combat veterans begging for money on the side of the road, while we hand all of our public resources over to people who won’t even bother to learn english. cities like la, ny, san francisco are flooded with homeless and drug addicts. should we turn our backs on them to help those from other countries?",Rhetorical Questioning
both sides have turned to only echo chambers on reddit.,Asserting
russia waited with the invasion of ukraine for biden because of covid though.,Asserting
the guy talking about california legislature is not well-spoken,Asserting
"if cplusequals think current gas prices are ok, that's on them.",Analysing
lavendereucalyptus3225 should take some border jumpers in and support them.,Asserting
and vise versa,Asserting
there are some people who absolutely hate the us but they never leave,Asserting
cute_effect_8825 says it looks like they are leaving this group.,Emotion-appealing
we do not need more people like you.,Asserting
adrianzuno1358 thanks meidastouch,Phatic-maintaining
if you cannot you aren’t missing out on too much,Asserting
we stand up for righteousness,Asserting
one can't debate fake republicans.,Asserting
it may be too late to save europe,Asserting
"lol, is <user> people are jealous of old man pebble (kid rock)?",Analysing
can't believe i'm reading peak reddit moment nonsense by a 1% user here.,Asserting
in the united states people born without brains are half the population.,Asserting
us gas prices were down in the low-mid $2's.,Asserting
"trump's ""no new wars"" slogan is hypocritical.",Asserting
im danny daniel from usa🇺🇸,Phatic-maintaining
no one cried when obama deported people,Analysing
and now maga say is patriotic to pay more or this is no big deal,Asserting
no i don't actually think that,Asserting
<user> is kinda happy when seeing americans not paying fuckall compared to the eu for once,Emotion-expressing
everyone relies on fuel either personally or by proxy.,Asserting
[protesting in such situation] is a right thing to do,Asserting
i mean those are patriots who were on basically a walking tour.,Asserting
would it be rude to not invite the gold winning american athletes simply because they are female?,Rhetorical Questioning
(no trump dos not count),Asserting
is hadi rahim serious?,Rhetorical Questioning
united states air force removing mentions of tuskegee airmen from training materials is terrible.,Asserting
"if one is not free to criticize their country in whatever way they see fit, then they don’t live in a free country.",Asserting
charlie kirk's death video was the worst thing <user> has ever seen?,Rhetorical Questioning
europe is a dinosaur with 50 years of decline.,Asserting
<user> was happy enough to watch what they watched,Emotion-expressing
<user> except the gas prices in pleasant grove weren't just above $2.80 in mid-february and are now about $3.50?,Asserting
and this information from inside iran itself,Asserting
<user> oh are you kidding???,Phatic-maintaining
because the us is not demanding “social media history” in the way you’re using that term.,Analysing
it was really dumb what uk did.,Asserting
what happened with the father and his handicapped child was shameful,Emotion-appealing
'groceries' is an old-fashioned term,Asserting
student loan is a nonsense,Asserting
are the other 1\3 of maga influencers who aren't bots dead in utah?,Rhetorical Questioning
trumpcantread would like tito676 to name the companies and countries per their claim.,Asserting
elizabeth warren is an example of awfl,Asserting
people will take more security measures,Asserting
gas prices in pleasant grove are now about $3.50,Asserting
<user> means it literally when he says he has seen kirk's death video,Asserting
the tuskegee airmen state veteran's home has lots of artifacts and memorabilia honoring the airmen,Asserting
it's not the first of such instance that we have seen it as well.,Asserting
if you cannot pay for college education you aren’t missing out on too much,Asserting
it's not going to get any better with trump not ruling on boots on the ground.,Asserting
"it's not america that is declining to meet china's rise, it's europe",Asserting
maybe bannakaffalatta1 took a constitution 101 class.,Asserting
i didn't agree with charlie kirk,Asserting
"eyeliner for men used to be called “guyliner,” but not anymore",Asserting
people have updated the affluent white female liberal acronym to awful.,Asserting
paul mooney is turning over in his graves,Asserting
<user> this is still incorrect,Asserting
it's exhausting,Emotion-expressing
anarchists enw_digrif knows believe that the main obstacle to fulfilling america's ideals is the concentration of political and economic power,Asserting
[have some] priorities for people.,Emotion-appealing
"as for actual nephews, that remains a possibility, but pope benedict xvi didn’t make his brother a bishop.",Asserting
the meme of putting biden stickers on gas pumps took off in 2022.,Asserting
<user> i went to class every day with a roommate that bought the required book.,Asserting
helpful_blood_5509 wonders what happens if the officials appointed by the supreme leader tell him no.,Asserting
there’s still nuance in the r/conservative subreddit to a certain point.,Asserting
the claim only works if you define “surveillance” as “what’s written on an application form” and you assume china can't access your info without your permission.,Asserting
cute_effect_8825 watching current events and strategically managing my finances is none of santaneria's concern.,Asserting
"not to spin off into a political screed, but the first time trump was impeached was when he was caught on tape trying to extort a foreign ally into announcing a fabricated investigation into his political opponent by withholding congressionally approved funds for said country (very illegal).",Analysing
cute_effect_8825 watched the news and has made strategic financial moves based around them.,Asserting
you just know how it’s supposed to work.,Asserting
<user> wants to see part 2 of the video please,Emotion-expressing
the supreme leader picks the judiciaries boss (and the guy that appoints them all) huh,Asserting
were they lying to us then or lying to us now or lying all the time,Asserting
"the 'conservatives' having convinced people to vote against their own well-being is sad, pathetic and infuriating.",Emotion-expressing
huh. that certainly sounds like... oh wait the supreme leader picks the judiciaries boss (and the guy that appoints them all) huh,Asserting
for me it was [buying] textbooks [instead of expensive mac],Asserting
"lots of artifacts and memorabilia honoring the airmen. outside of ft. worth, texas.",Asserting
it is naive to think that a leader who has built a legacy on “death to america” wouldn’t set up the system so that someone who shares his common interest gets put in his place if something were to happen to them.,Asserting
after the father was deported his 30 year old very handicapped son died.,Asserting
we're not even including the polygamists...,Asserting
the usa is $0.40 nationally below the biden price jump of 2022.,Asserting
"<user> but you probably only stand with palestine, no other slaughters...",Asserting
lawyers and judges cannot defeat fascism,Asserting
"<user> can just say ""would be sexist"", no perception necessary.",Asserting
<user> should we be jealous of old man pebble at the all-american halftime show? lol,Rhetorical Questioning
<user> aw don't be jelly,Emotion-appealing
paul mooney's comedy was always forthtelling.,Asserting
ultimately i think people like you have been so conditioned to hate america and american values,Asserting
jimmy kimmel is off the air for a week.,Asserting
t's purely to fuck over china and russia to collaspe their economies even further,Asserting
the white woman at the end of the video is a liberal,Asserting
"us also have long-standing, extensive surveillance systems",Asserting
dad_jokesnbutt_stuff's profile is quite sad,Emotion-expressing
"absolutely, of course for most people what normanquacks345 said is true.",Asserting
the conservatives have been running the same playbook for about 50 years now.,Asserting
<user> can you explain the joke that trump told usa male hockey team?,Pure Questioning
can't seem to find isolationist republicans though.,Asserting
<user> than who? a guy who thinks this is a video game?,Asserting
kosovo [is an example(?)],Asserting
people related to the removal of the pro-diversity content are misogynists,Asserting
the [us] government now demands 5-10 years of social media history for tourists,Analysing
you people have no sense of humour,Asserting
people are so used to the lefty slant,Asserting
"while i've always vehemently disagreed with kirk on 95% of issues, and while i stand by everything i said about him in this video, he didn't deserve to die.",Asserting
why wouldn't russia invade ukraine when trump was president?,Analysing
meidas touch network!,Phatic-maintaining
even the people at mar-a-lago have seen bad bunny's halftime show.,Asserting
trump not inviting women's team doesn’t rise to the level of something that would be impeachable,Asserting
guys on the video all have a brain.,Asserting
colbert is the number-one rated late night show,Analysing
if you quit without having another job they take you out back and shoot you.,Asserting
and liberals believe literally anything that is told to them even if it’s been proven false a multitude of times.,Asserting
the problem with saying that if you love america you must criticize it when it fucks up is that most of the people that say this genuinely think that “fucking up” is just when the government doesn’t support their ideology,Emotion-appealing
another regime change neo-con war in the mid-east is not what i voted for.,Asserting
"they specifically replied to someone stating ""that people absolutely hate it but never leave"" and stated they don't hate america but they then go on to post 3 paragraphs about everything they hate about it.",Asserting
<user> there are companies making profit and stockholders getting rich off the war in iran.,Analysing
alpha-sierra-charlie should not pretend to care about authoritianism or violation of civil rights while supporting someone who is in power and actively engaging in both at a far larger scale.,Analysing
after the revolution in iran the contract for the remaining f-14s was not filled.,Asserting
democrats think american citizens are bad.,Asserting
just look at dad_jokesnbutt_stuff's profile,Asserting
the us vast logistical networks will be gone,Asserting
the usa is $1.20 below the peak gas prices of biden administration.,Asserting
the us should strengthen and improve the entire immigration process so it functions efficiently,Asserting
<user> can we at least try to use complete and thought out sentences?,Rhetorical Questioning
"clap clap, gold star",Emotion-expressing
crockett will not sway any republicans to her side only because she's black,Asserting
main point of the joke is a third dumb impeachment trial that is a waste of time,Asserting
we do not cry for fascists [kirk death was justified because he was a fascist],Asserting
"wow, frenchfry14595 holds tight to their ignorance.",Asserting
<user> what’s not to hate?,Assertive Questioning
<user> will have to leave this group for a bit,Asserting
the catholic church is now an elected monarchy,Analysing
so why are americans so racist or so anti-immigration when all is about immigration in their country?,Pure Questioning
soltahrtiv-amanda5060 small comfort....,Asserting
i dont think anybody is going to be able to.,Asserting
"<user> the posts that say ""flared users only"" are the republican forums, however, they're echo chambers.",Asserting
"there are lots of artifacts and memorabilia honoring the airmen outside of ft. worth, texas.",Asserting
<user> the us does have and extensive social surveillance system - this also means that not even china or nk demand the level of social media history that the us does.,Asserting
you havent had a fair vote on a candidate in over a decade.,Asserting
the bombing situation has shown the hebrews to be bad at war.,Asserting
"abolishing borders will be used by the elite to gain more power, control and money as these situations always have and always will.",Asserting
you know you're doing a good job when the president comes after you.,Asserting
<user> that would make you antifa,Asserting
the entirety of his portion of the debate all the guy talking about california legislature did was talk over mehdi,Asserting
the number mentioned by <user> is linked to a source that is only an estimation,Asserting
"<user> you're forgetting all the third world countries, and the poor areas of the first world countries.",Asserting
people hate to be associated with the tipical italian,Analysing
<user> unfortunately <user> probably doesn't know there are other ways than being brutal,Asserting
"if and when the white liberal females get into trouble, they will be the first ones to ask for white men to step in and help.",Asserting
they've been rewriting the past as quickly as it happens.,Asserting
innocent people are dying because of trump,Emotion-appealing
🤬🤬🤬bunch of hypocrites,Emotion-expressing
and 3/3 of libtards are bots from turkey,Asserting
"the pressing issue here is not soldiers dying. no exit plan. no defined success. just more war. ""no new wars!"" right?",Asserting
"believe it or not, theiromia has it better than most regarding student loan debts.",Asserting
if by 'the rest of the world' theiromia means the united states then sure.,Asserting
no one cried before when obama was deporting people.,Asserting
"$2.15 is significantly below the state averages for even mississippi during the cheapest weeks in february. intrastate variance in gas prices of half a dollar or more is unheard of in cheap gas states. in contrast to the rest of the country, the national average was just about $3.00 in february.",Asserting
"if the judiciaries tell the iranian supreme leader no, he would just shoot them in the street",Emotion-appealing
"lol, so much for khamenei fighting the monarchy",Emotion-expressing
"if it's not what his party stand for, why is jd vance wearing eyeliner?",Rhetorical Questioning
the guy 'owned' jordan peterson by using his own logic against him.,Asserting
china counts on this iran for oil,Asserting
it's difficult to leave the us,Asserting
men in the team just all laughed along.,Asserting
80% of liberals get all of their political takes from echo chambers on reddit and tiktok,Asserting
"republicans went with this fuckery, trump, as their presidential nominee.",Emotion-appealing
"<user> never thought they would have to fight for freedom, liberty, democracy in america in 2025",Emotion-appealing
"wrong, the fcc rule has never applied to talk shows.",Asserting
the us does not require browsing history on applications,Analysing
user is not in favor of prolonged us boots on the ground like we did in afghanistan,Asserting
"yeah, they don’t seem to understand how human nature and personal interests come into play",Asserting
"dweebulot lives in pleasant grove, ut where their local gas station at walmart went from $2.35 a gallon around february 28th to $3.64 a gallon as of today.",Asserting
hank_scorpio_obgyn urges cplusequals to look at the gas prices.,Asserting
i pirated what i could and was still getting screwed.,Asserting
the people telling others not to complain about gas prices who are worth millions are the ones who spent all of biden’s presidency complaining about prices.,Asserting
dakotasan wonders who the next assaholah will be,Rhetorical Questioning
all the angry people out there on the right watched bad bunny,Asserting
prices of gas like $2.50 or $2.75 to $3.50 are not what trump promised us.,Analysing
justice really does matter,Emotion-appealing
the joke was about trump getting impeached again for some stupid reason,Asserting
listen to the meidastouch podcast!,Asserting
people can’t vote for glenn for the ag position,Asserting
"in addition, i think a great and classy response from the male team would have been something like ""nah mr. president, you should invite them because they won gold for our country! not because you're afraid of being impeached!""",Asserting
charlie kirk killing was predictable,Asserting
americans have to pay something for gas instead of fuckall compared to the eu for once,Asserting
<user> not blindly. i follow with a dedicated ai.,Asserting
"seascrapo specifically replied to someone stating ""that people absolutely hate it but never leave"" and stated they don't hate america",Asserting
"<user> saw advertisement of mental health brokers and sugar-free drink potions that cost a bomb, everywhere on youtube",Asserting
jd: i'm a never trump guy. i never liked him.,Asserting
mormons take very little convincing to do terrible things.,Asserting
cbs cancelled stephen colbert's show supposedly due to financial issues even though it's the number-one rated late night show.,Asserting
god bless all of our military!!!❤❤❤❤❤❤❤,Analysing
<user> not soon enough🌊🫂🌊,Emotion-expressing
"okay, then how many people can bob-bm3pd kill before they're covered in blood and see the dead bodies pile in front of them every time they walk forward?",Emotion-appealing
nobody alive today was around when mormons still endorsed polygamy,Asserting
melnel25 cannot wait for the prosecution of people from trump's government,Asserting
governor newsom wants communism for the usa,Asserting
traditional-beach903 found the maga republican.,Asserting
murder of charlie kirk is completely on par for the us.,Asserting
glenn would be appointed by potus,Asserting
"now congress, supreme court should impeach this felon 47 (trump) now",Asserting
why can't the citizens of the usa just have one normal year..?,Rhetorical Questioning
"yes, cbs used fcc’s equal‑time rule rule to tell stephen colbert he couldn't air his interview with james talarico on television.",Asserting
the us data requests do not require ongoing monitoring after entry.,Asserting
"as for actual nephews, pope nepotism remains a possibility.",Asserting
the russians have always been fair-weather friends,Asserting
osdatasian likes learning different ideologies.,Emotion-expressing
the fcc's equal time rule does not apply to talk or entertainment shows.,Asserting
"user-xk8wj6hn4i do you really think if there are no borders, it'll happen the way you think?",Assertive Questioning
prices in 2026 are higher,Asserting
"jealous of the weird drunk on the second halftime show who has a lyric that says ""i like ’em underage, see some say that’s statutory (but i say that’s mandatory).""?",Rhetorical Questioning
jturner1966 would not be surprised if black ops are already in iran ready to seize the leadership.,Asserting
david hogg survived one of the worst school shootings in the united states.,Asserting
this incident is completely on par for the us.,Asserting
the voters are pissed.,Asserting
the fact that trump's joke became a whole story is ridiculous,Emotion-expressing
"<user> i expect the male hockey team players not laugh at trump's misogynist joke, it's so easy.",Asserting
"trying to make people feel a certain way by comparing a limited disclosure request to states that practice pervasive, non-consensual surveillance the way farmerjoee is doing it is a logical mistake.",Asserting
it’s more of a gamble,Asserting
"h3nchman_24 is, ironically, like a sock puppet.",Asserting
wwii proves that only soldiers can defeat fascism,Asserting
"don't be oblivious,",Analysing
bad bunny wouldn't be my type of music.,Asserting
<user> do you have zero knowledge of how the military works and the state of modern warfare?,Emotion-appealing
the federal government has spent its months in office purging the pentagon military of anything it deems diversity related,Asserting
<user> the domestic maga base is just misguided,Asserting
the 332nd [tuskegee airmen brigade] will be restored to their rightful place in history.,Asserting
europeans are still individuals.,Asserting
god bless all of the us military!!!,Emotion-expressing
pwncakeironfarts is a systems administrator with no degree and a handful of comptia certs.,Asserting
dweebulot said $2.35 for a gallon of gas in your prior post not $2.53.,Analysing
the us [data] request is limited and sometimes optional,Asserting
that's why you put in effort to make it better,Asserting
<user> imagine if newson ordered local police and state to arrest ice. and any military person who breaks local and state law.,Asserting
"jasmine crockett being an educated, well spoken black woman will not sway any republicans to her side.",Asserting
<user> a true american male should also have a beard because without it jd vance would wook weewy weird,Asserting
iran was working on a nuclear bomb,Asserting
"jan. 6, 2020 was the one day in trump's presidency when he needed to call in federal troops to stop the rioters that he instigated;",Asserting
i got lucky then,Asserting
"currently, the us is around the same price for gas as was in much of 2023 after this subsided.",Asserting
"that’s maga’ts logic, if they don’t affect them they don’t care.",Asserting
some of the best humans in the history of the world are being erased,Emotion-appealing
maybe jd vance was born with the eyeliner,Asserting
you receive the most flak when you are over the target.,Asserting
diabeticbutnotfat has gone to the dean of the department before,Asserting
the capitol needed a refresh and some new windows and doors anyway,Asserting
gk-ku3zv has the speech in video from the beginning to the end.,Asserting
"<user> imagine if newson ordered local police and state to arrest ice. and any military person who breaks local and state law. essentially if you are following in the illegal order, you will be arrested, tried and sentence.",Asserting
for dead-in-red it was textbooks that were pricey,Asserting
<user> white father made it through all the rigorous personality criteria to join the airforce,Asserting
we're living in a crazy time,Asserting
napping for elderly people is a biological imperative.,Asserting
paul mooney would keep trump on his toes & mad.,Asserting
getting a lower grade due to not owning the textbook is an easy conversation to have with the dean and a copy of the syllabus,Asserting
trump ran for president on gas prices. trump supporters wanting change put stickers of biden on gas pumps.,Asserting
can cute_effect_8825 point boomboombennie towards where they can find the constitutional purist republicans?,Pure Questioning
the republicans were complaining about gas prices under biden,Asserting
that's not how iranian governments works.,Asserting
liberals cannot have a proper discussion.,Asserting
the awful acronym stands for affluent white female urban liberal.,Asserting
"however, discussion sections under the posts with ""flaired users only"" badge are, in fact, echo chambers.",Asserting
seascrapo should think about focusing on improving themselves,Asserting
"i’ve gone to the dean of the department to push back against being marked down for not buying a book which wasn't stated in the sylabus before. different situation, but things get done.",Asserting
usa does not really have to spend 20 year like we did in afganistan replacing the taliban with the taliban and killing 2500 americans,Rhetorical Questioning
hey they forgot massad being captured and accused of a false flag bombing of a oil refinery,Asserting
the fact that college may or not be useful is a reason why it should be free,Asserting
"as for the joke, reasonable_oak's argument is full of flaws and contradictions",Asserting
"'america bad' mindset is more something you get from a small subset of some select groups like psl, acp and extreme right circles.",Asserting
and not just because this time someone had actually died.,Asserting
could <user> make a video on military people who committed crimes (murder) while in japan?,Pure Questioning
<user> 3:00,Phatic-maintaining
obama did it too [deportations which often lead to human tragedies],Asserting
think for a second,Phatic-maintaining
it's difficult to leave the united states as an american.,Asserting
"that island is still within range of missiles and drones, which isn't much of an issue at this point",Asserting
"unlike the people complaining about bad bunny, bigsmiley0tv didn't watch the ""halftime show"" that they didn't want to watch",Asserting
call it $2.50 or $2.75 to $3.50 if you want....,Asserting
"last year, it seems as if there are only democrats and liberals on reddit",Asserting
why is its_all_made_up_yo assuming seascrapo wants to leave?,Assertive Questioning
the democrats would want to impeach trump for him seeming sexist,Emotion-appealing
neither helpful_blood_5509 nor hilldawg4president have supported their points with anything other than arm chair googled info.,Asserting
it is embarrassing that an insecure entitled regime would attempt to eliminate that from history,Asserting
the united state air force removing the mentions of tuskegee airforce from their training material is totally shameful.,Asserting
people will be left with the same ol same ol us of a.,Analysing
<user> that not how oil prices work though,Asserting
<user> that was khamenei own son. dude named his own son his successor,Emotion-appealing
cbs showed their evidence supporting their position.,Analysing
roundandroundon99 shouldn't expect that level of rational thinking on reddit,Analysing
everyone knew trump would be hawkish on iran.,Asserting
"just giving a blanket “this is how it works cause that’s what iranian law says” doesn’t exactly work when you can look around and pick just about any government, including the us and iran, on this planet and see that it is incredibly crooked and not working as intended.",Asserting
situation in iran is so fucking botched it's ridiculous.,Emotion-expressing
but if humanity was united there would be 8 billion people keeping the elites in check instead of fighting each other,Asserting
america-hating americans on reddit are who normanquacks345 was talking about,Asserting
google sends diamondback2085 in circles,Asserting
it. genuinely.,Asserting
you are so used to the leftist slant that when someone is unbiased you think they;re pro-republican,Asserting
and for the record,Analysing
"china and north korea have long-standing, extensive surveillance systems.",Asserting
$2.15 was the lowest gas price i filled up for since covid in early-feb.,Asserting
you have made your whole personality on politics and hating the right,Asserting
it's a good thing that hadi rahim hasn’t seen a lot of traumatic events.,Asserting
"<user> the issue is, iran is just the excuse to raise gas prices.",Asserting
"if one thing you can take from catholics is that their religious leaders and kings, the pope is a monarch as well, cannot have heirs, nor appoint successors.",Asserting
it is just as likely that the iran's new leader appointment system was rigged for the outcome of the previous leader's son being elected as it is likely it happened this way per standard iranian government practice.,Asserting
"farmerjoee is trying to make people feel a certain way by comparing a limited disclosure request to states that practice pervasive, non-consensual surveillance.",Asserting
"<user> clearly you do care about reasonable_oak's opinion, you’ve made your whole personality politics and hating the right.",Asserting
(which i can understand),Phatic-maintaining
"maybe jd vance has been born with eyeliner, maybe it's maybelline.",Asserting
hey bro idk if you know this but some people have lives outside of reddit and the internet,Emotion-appealing
can timcuculic and reasonable_oak at least agree that people reasonable_oak find it impossible to celebrate accomplishments of those that don't fit into their narrow misogynistic worldview?,Rhetorical Questioning
gas prices have risen a whole dollar up from a couple weeks ago.,Asserting
<user> i’d have pushed back hard against being marked down a full letter grade for not having bought a book if it wasn’t stated in the syllabus,Asserting
2025 is the only year we consistently saw low gas prices since covid.,Asserting
you shouldn't be going against the people who put in the effort to make their country better at every chance,Asserting
wasn’t the next appointed successor asahollah’s grandson?,Assertive Questioning
the white liberal women are 'a cancer' of this country,Emotion-expressing
i wonder what happens if they tell the supreme leader no 🤣,Asserting
there are people who absolutely hate the us but they never leave.,Asserting
"<user> you really think for a second if anything in those files was evenly remotely close to incriminating against trump, the democrats who had control of it for 4 years wouldn’t have released or at least leaked that to the public?",Rhetorical Questioning
robot__engineer paid $2.59/gallon of gas 5-6 weeks ago.,Asserting
in the 70s after having been caught and imprisoned by some feds.,Asserting
<user> do i think they have a plan to go to war with russia and not get nuked?!,Emotion-expressing
is trump's joke that the women hockey team didn't work as hard for their gold medals as the men hockey team?,Rhetorical Questioning
the black people today still don't get any credit for anything,Analysing
"while the price of gas went up a whole dollar, spanberger is trying to take yawatt's guns.",Emotion-appealing
blazerboy420 does not know how iran's new leader was elected either way.,Asserting
you have zero knowledge about history and civics,Asserting
<user> wishes <user> good luck with his white liberal wife,Phatic-maintaining
thehadirahim clearly haven’t seen much.,Asserting
you are exaggerating.,Asserting
"we are nowhere near the gas prices seen during the ""i did that"" period in 2022.",Asserting
kudos to jubilee for finding 20 people born without brains.,Asserting
<user> actually you’re the minority that’s why you have to purchasetiktok to make it seem like there are millions of you.,Asserting
of course cplusequals doesn't believe hank_scorpio_obgyn.,Emotion-expressing
"no, it is not a good thing that hadi rahim hadn't seen a lot of traumatic events.",Asserting
connorthebluejay didn't say that it's good that someone was murdered.,Analysing
wearing eyeliner is literally the opposite of what jd vances's party stands for,Asserting
dad_jokesnbutt_stuff clearly does care about reasonable_oak and their opinion.,Asserting
<user> do you care what we pay?,Pure Questioning
government even tried to erase jackie robinson contribution,Asserting
it's the whole point that fcc's rule doesn't apply to talk or entertainment shows,Asserting
cbs has recently changed ownership to billionaires at skydance who love trump.,Asserting
the republicans are a bunch of hypocrites,Asserting
"when things become right in america again , which many of us  throughout the world pray will be soon, the 332nd fighter group will be restored to their rightful place in history.",Asserting
<user> and a beard because without it jd would wook weewy weird,Asserting
meanwhile spanberger is trying to take yawatt's guns.,Asserting
school is free,Asserting
<user> what do you do for a living?,Pure Questioning
that the president must spend the full amount of funds allocated by the congress doesn’t mean the president doesn’t have authority over what it is spent on.,Asserting
"relatively, because not everyone is a great political communicator",Asserting
i will always remember black airmen and i will pass their bravery,Asserting
the guy who was talking about california state legislature seemed to be at least fairly smart,Asserting
many of us throughout the world pray things in america will be right again soon.,Emotion-expressing
gas prices in pleasant grove were just above $2.80 in mid-february and are now about $3.50.,Asserting
"<user> take some border jumpers in and support them, make you feel better.",Asserting
this is a prime example of creating division,Asserting
so what’s the correct term when american citizens are deported from the us?,Pure Questioning
all the nuke scare talking points aside,Asserting
<user> i hope they appear in your dreams and they never stop talking,Emotion-appealing
and say that this is something that only happens in the us.,Asserting
hasn't been for a while now.,Phatic-maintaining
alpha-sierra-charlie does not know if they would call david hogg the worst of his political side.,Asserting
you are a fucking idiot.,Emotion-expressing
a president shouldn't act like a king.,Asserting
$2.53 gas receipt would be in the top percentile cheapest gas in the country from that time beating out historically cheaper areas in cheaper states.,Asserting
don’t deepbluemeanies think americans are just as easily manipulated by media and what they are fed online?,Pure Questioning
everyone at fox news make their living by being pro-trump.,Asserting
connorthebluejay is a lunatic.,Asserting
"i watched bad bunny, like most of the world, even the people at mara lago, and all the other angry people out there on the right that wanted to see something different but had to make sure they didn't like the real halftime show.",Asserting
"people who try to make everything a political issue should laugh a little, have some fun.",Analysing
"the entirety of his portion of the debate all the one far-right conservative in jubilee's video early on who was talking about california state legislature did was talk over mehdi hasan, insult him, call him a liar.",Asserting
it's good for meiguichronicles that they don't have to go to school,Emotion-appealing
from <user> perspective that’s a good thing to not have seen much,Asserting
this spike in prices is related to the price of oil and not regulation.,Asserting
obviously i don’t think he [charlie kirk] deserved to be killed,Asserting
guy in the video can be knowledgeable,Asserting
seascrape didn't start their response with saying anything about alternatives to leaving.,Asserting
we do not feel the spit on ice agents,Analysing
<user> thanks for the tip,Asserting
it isn't even that complicated.,Asserting
"more people have died, more damage have been caused by the left's protests",Asserting
pk84 fought in nationals for muay thai and got silver,Asserting
your every comment is about politics,Asserting
companies and stockholders will have a record year in terms of revenue,Asserting
this society has failed the person sleeping on a doorway.,Asserting
i will pass the tuskegee airman bravery,Analysing
otherwise backyardjungle2562's would know what every single other person in america knows.,Asserting
"iran threatened the global economy hoping it would cause trump to back off, he responded by threatening iran economy and yea they blinked 1st",Asserting
they can't silence all of us telling the stories of black airmen from wwii.,Asserting
"men wearing eyeliner is not called ""guyliner"" anymore.",Asserting
"one's can be called out in discussion, but not crucified.",Asserting
fellow conservatives should wonder why they're suspiciously getting hundreds of upvotes in minutes,Asserting
if the rest of the world is the us then sure,Asserting
cplusequals can call the rise in gas prices $2.50 or $2.75 to $3.50 if they want,Emotion-appealing
it breaks seascrapo's heart to see people sleeping in doorways,Analysing
"the streisand effect in bad bunny's case is even stronger because the turning point usa-organized ""halftime show"" was physically painful to watch.",Asserting
"india, pakistan, nigeria.",Asserting
anyone notice the insane brigading?,Pure Questioning
"after creating the agencies that trump is trying to shut down, the congress gave the executive branch the power to administer them.",Asserting
the military is fighting a war provoked by a hypocritical government and out of ambition,Asserting
the system probably wants people's death as well,Asserting
not soon enough,Asserting
trump actions would result in the end of democracy,Asserting
the video of charlie kirk getting shot shook hadi rahim to his core.,Emotion-expressing
user issue is usa being involved in iran at all,Asserting
you are a psychopath,Asserting
bones2020 says adios to cute_effect_8825,Phatic-maintaining
<user> the cheapest states for gas registered lows from $2.65-$2.75.,Asserting
professor jiang has got points that are valid,Analysing
then the nephew thing.,Asserting
love the ones who tell people not to complain about gas are the ones who are worth millions.,Asserting
if seascrape truly had the work ethic or talent to merit consideration for immigration in another country they could do leave the united states.,Asserting
federal government is responsible for removing anything which deems to be diversity related,Asserting
you praise a pedophile [donald trump],Emotion-appealing
is <user> having fun beating up that scarecrow?,Rhetorical Questioning
trump cannot erase the tuskegee airmen from history.,Analysing
rich americans will not spend all the money they have in their lifetime,Emotion-appealing
<user> maga politicians are also the ones who spent all of biden’s presidency complaining about prices….,Analysing
the murder committed by u.s army staff sargent gary starks took place in pennsylvania,Analysing
right??? reeeeeeee,Emotion-expressing
the us social media identifier requirement expanded primarily under enhanced vetting policies,Asserting
luisbardales self deports to watch tucker carlson's interview with nick fuentes in their country.,Asserting
i stand by everything i said about him in this video,Asserting
no republicans on reddit sucks,Asserting
what trump said about getting impeached for not inviting the women's hockey team to the state of the union wasn't a joke.,Asserting
there is a specific nature of what the soldiers do,Asserting
"californians, arm yourselves.",Analysing
charlie kirk's death was a good thing,Asserting
<user> thanks <user>,Phatic-maintaining
trump didn't call the military on jan 6 to pacify the rioters,Analysing
attacking and firing on media or detaining them violates the california bane act,Asserting
the usa's education system does better than many european countries,Asserting
"but what's true is americans is a nation built on immigrants. and calling these immigrants aliens is the most diabolical part about it. humans to allow it in the mind to chase them down, transport them away, and lock them up.",Asserting
blazerboy420 thinks hilldawg4president is pretending iran's president appointment system is black and white.,Asserting
"people should intervene already, help the iranian people.",Asserting
['republican' label in the subreddit's name] it's just a mask.,Asserting
imagine a small collective elite who run the entire world,Asserting
hank_scorpio_obgyn is misremembering the gas price.,Asserting
"rather would be sexist, no perception necessary.",Asserting
all the other angry people out there on the right that wanted to see something different but had to make sure they didn't like the real halftime show have seen bad bunny's halftime show.,Asserting
russians they waited for biden to start war in ukraine because of covid,Asserting
"if someone lives anywhere near a government contracting area, they can easily get a job starting at $60-70k/yr with just the big 3 (net+,a+,sec+)",Asserting
the 15 cent difference in gas price takes your claim from laughably unbelievable to just very unlikely considering how it deviated so significantly from historical data.,Asserting
seascrapo stated they don't hate america,Asserting
americans should believe chinese propaganda,Emotion-appealing
"people born without brains are very rare, yet jubilee managed to find 20 of them, kudos.",Asserting
"because this spike in prices is related to the price of oil and not regulation, the variance in price increase across the us is actually extremely low with virtually all states seeing similar increases.",Asserting
was the other show painful to watch?,Analysing
iambarrelrider would rather keep their principles than trade them for buying a red hat made in china.,Asserting
trump said that real heroes are the ones who didn't get caught,Asserting
wait wait wait...,Phatic-maintaining
<user> school is such a scam. glad i found a path without it.,Asserting
"they have updated the acronym to awful, affluent white female urban liberal.",Asserting
"<user> i mean, that's exactly what you're doing. you definitely did not fill your tank up anywhere in the continental us in february for $2.15 a gallon.",Asserting
its a wrap.,Asserting
<user> would also support glenn for the ag position,Asserting
pump prices jump 40 cents immediately after a tornado.,Asserting
there are so many people who say that school is a scam,Asserting
<user> family grew up knowing that <user> father lived because of tuskegee airman,Analysing
dead-in-red pirated what textbooks they could,Asserting
<user> hopes the lives <user> kills appear in their dreams,Emotion-appealing
"the rioters trump incited attacked the police on january 6, 2020.",Analysing
"idk either way. i’m not saying you’re wrong, but i’m not saying you’re right.",Phatic-maintaining
is it that the only reason trump would be forced invite the women's hockey team is because if he didn't he would be impeached?,Pure Questioning
"or have maga politicians bought groceries, already went through that phase...",Analysing
"it's even more frustrating that elections have shifted to ""the lesser of 2 evils""",Emotion-expressing
"as for actual nephews, it remains a possibility for popes to get them into the priesthood",Asserting
approaching reddit with these 2 ideas in mind about liberals will make this website make a lot more sense.,Asserting
there was no actual intention not to invite them and the fact that this became a whole story is ridiculous.,Asserting
"but when a political commentator, an internet celebrity who held no public office, is murdered in cold blood, something is deeply wrong with your country.",Asserting
"having made one's personality politics and hating the right is quite sad really, just look at your profile (let alone the ridiculous name as a grown man) but every comment you make is just angry and something about politics attached.",Asserting
so many people on reddit say that school is a scam.,Asserting
having 'catchphrases ready' to deflect criticisms is not an ideal to strive towards,Asserting
all hank_scorpio_obgyn knows is that they really....really enjoyed paying $2.15 for a gallon of gas.,Emotion-expressing
"but for this i will have to give the win to my other country, greece, the people are still much more friendly.",Asserting
<user> can you say why americans are in syria?,Pure Questioning
if you think that is a good thing.,Asserting
if boots on the ground in iran just about establishing a forward base,Analysing
donald trump was excluded from colorado 2024 republican primary ballot based on section 3 of the fourteenth amendment,Asserting
there are companies making profit and stockholders getting rich off this war.,Asserting
<user> feels like they just watched the death of pax americana last night,Analysing
"it'll be used by the elite to gain more power, control and money as these situations always have and always will.",Asserting
what everyone else is saying to the other people in this thread though is that how the system is supposed to work and how it actually works when people get involved are two different things.,Analysing
<user> jd vance isn't wearing eyeliner.  he has pale eyes and skin and  dark lashes. geez,Asserting
cbs came up with this stunt to get attention for talarico,Emotion-appealing
if one can reasonably afford it they should go to school.,Asserting
what?!,Asserting
"<user> i don't know rockefeller, chevron, shell, bp, baron trump, ect.",Asserting
wasn’t the 'asahollah’s' grandson supposed to be his next successor?,Pure Questioning
trump is clearly misinformed and wrong.,Asserting
sometimes school really helps,Asserting
the president cannot dismantle agencies that allocate the funds.,Asserting
the fcc rule has never applied to talk shows.,Asserting
this could ripple into 2028 [elections] if this war doesn't end.,Asserting
"as for actual nephews, that remains a possibility",Asserting
abolished borders would be used by the elite to gain more control,Emotion-appealing
the increase in gas prices was a dollar or more in a lot of places.,Asserting
agentorange24 promoted identity-based hate or attacks,Asserting
"i don't know who you get your opinions from, but you should probably stop listening to them and turn on your brain and try thinking for a change",Asserting
"teddy roosevelt said “patriotism means to stand by the country, it does not mean to stand by the president”",Asserting
<user> cplusequals says dweebulot said $2.35 in their prior post not $2.53. $2.53 is much more plausible as an outlier even if it deviates from pleasent grove's average.,Asserting
trump is such a phony,Asserting
ground news is a billionaire propaganda designed to appear neutral,Asserting
paul mooney would have voted trump,Asserting
trump's joke wasn't about the women (in an offensive way),Asserting
bunch of hypocrites,Analysing
lines up about exactly with what i quoted above.,Asserting
us is largley there to help coordinate things and keep certian countries soldiers (looking at you sa) from being shitheads,Asserting
"male team could also urge trump to invite the female team not only because that way trump would not be impeached, but because female also won gold for the us",Asserting
wordsoflove8787 is way more right wing than they pretend they’re not.,Analysing
it won't matter how much the us spends on defense,Analysing
the problem is the right wing suddenly agree with everything their party says regardless of what could be wrong,Emotion-appealing
that way we could focus on repairing society worldwide,Asserting
facts make <user> mad,Emotion-appealing
just asking for a friend! 😂😂😂,Phatic-maintaining
the tuskegee airman deserve nothing but our respect,Emotion-appealing
"jasmine crockett is an educated, well spoken black woman.",Asserting
getting fucked up cause you see a man die on screen doesn't suddenly mean you don't care about gaza,Asserting
you believe in factually incorrect things,Asserting
"the numbers hank_scorpio_obgyn says they paid for gas are actual numbers, not made up shit for karma.",Emotion-expressing
andrewbennett-qb8ye and others know who the tuskegee airmen were.,Asserting
<user> price of gallon of gas is $3.99+ in south florida.,Asserting
personally i was happy enough to watch what i watched and could care less about the maga garbage i missed,Emotion-expressing
children that turn out to be fascists are usually brainwashed by their parents,Asserting
trump's joke was inappriopriate,Asserting
there is an ongoing moral realignment happening right now globally and majority of redditors at the losing stage,Asserting
there was no real talk about proposed cuts to medicaid at the state of the union.,Analysing
it's just a bunch of people who's parents all told them different stuff based on the same guidelines.,Asserting
they weren’t.,Asserting
<user> is a pretty good researcher,Asserting
cute_effect_8825 will keep moving money to support these big businesses.,Analysing
"some of the kindest, most considerate and best people in my life are mormon",Emotion-appealing
zelensky and his crew steal tons of money from the us taxpayer,Emotion-appealing
"immigration is the one thing trump's administration is seeming to do well. and if you illegally immigrated somewhere, you might be called names.",Asserting
"i’m not saying you’re wrong,",Asserting
death of charlie kirk was the worst thing thehadorahim has ever seen? are they serious?,Analysing
we won't be using summer blend anymore by november,Asserting
these guys [people related to removal of the pro-diversity content] are racists,Asserting
your computer should have parental controls [because your takes are stupid],Asserting
"the investigation into the democratic influence operation found overwhelming evidence of foreign involvement, largely by europeans",Asserting
i found her in michigan almost 25 years ago now.,Asserting
russian bogeyman has been a way to channel the wealth of the american people to defense contractors for decades now,Asserting
it is only ok attacks on reddit for when talking about conservatives,Asserting
<user> dad_jokesnbutt_stuff gives zero fucks about reasonable_oak or their opinion.,Asserting
trump is literally promoting russian disinformation,Asserting
and now the people complaining about gas prices say is patriotic to pay more or this is no big deal,Analysing
"even if having a book was stated in the syllabus, i’d be going to the dean of the department, then go up from there.",Asserting
"if the world became one nation, we could stop worrying about international rivalries",Emotion-appealing
slightly controversial conservative takes receive -500 downvotes.,Asserting
"the remaining 1/3 of maga influencer is just bots from india, pakistan and nigeria.",Asserting
prices under biden's administration were in fact lower,Asserting
dweebulot's $2.53 for gas is going to be in the top percentile cheapest gas in the country from february beating out historically cheaper areas in cheaper states.,Asserting
khamenei named his own son his successor lol so much for fighting the monarchy.,Asserting
or you're buying from a gas station that's selling at a significant loss even in the cheapest areas of the us in the cheapest week of february [which is unlikely to happen],Asserting
mehdi is just making arguments to make people angry,Asserting
x has become a place for conservatives.,Asserting
i have to at least try to help to save.,Asserting
"<user> i’m married to one, everything is great except her view on anything political where we’re mostly at odds lol.",Asserting
"if you are following an illegal order, you will be arrested, tried and sentenced.",Asserting
"the white house just mixed their actions with video game moments, which are epic.",Asserting
bari weiss is caving to trump left and right including refusing to air a 60 minutes piece on what is happening to immigrants in this country,Asserting
the issue is iran is just the excuse to raise gas prices in the united states.,Asserting
but to do so they feel the need to go against italo americans,Asserting
<user> doesn't remember the town in which u.s army staff sargent gary starks committed the murder,Asserting
you cant take it back now.,Asserting
"on r conservative there is a decent mix of moderate republicans, centrists, maga etc",Asserting
a surprisingly high amount of mormons will do anything they can to avoid politics or confronting the messy parts of the organizations they were raised into,Asserting
"instead, trump should have say something like ""i look forward to hosting you and our amazing gold winning female hockey team at the white house soon!""",Analysing
dad_jokesnbutt_stuff proved reasonable_oak's previous point via using insults with no substance like always.,Asserting
<user> lies are stupid,Emotion-appealing
is it that the only reason trump would be forced invite the women's team is because if he didn't he would be impeached?,Pure Questioning
if governor newsom is first then surely <user> is running a close second,Asserting
grimaldehyde's sister-in-law who lives in massachusetts said she wished somebody would kill trump,Asserting
true american manscapes too.,Asserting
<user> men wearing eyeliner is literally the opposite of what jd vance's party stands for it sounds like you’re describing democrats more than anything,Asserting
because they rely on direct surveillance instead.,Analysing
it is just as likely that the iranian election system was rigged for this outcome as it is likely it happened this way per standard iranian government practice.,Asserting
if you cannot go to college you aren’t missing out on too much,Asserting
there is just more war.,Asserting
farmerjoee is making a logical mistake,Analysing
"since venezuela is now at trump's disposal, he's now attacking iran for the oil",Asserting
<user> literally the only reason i know what our government tried to hide from us!,Asserting
"<user> has that been proven that jd vance is wearing eyeliner? there really are some men with long, dark lashes.",Pure Questioning
"if there's one thing you can take from catholics, it's that their religious leaders and kings cannot appoint successors",Asserting
"i’m saying both thinking that the iranian election system works how it's supposed to and thinking that it's not are reasonable things to think, and neither helpful_blood_5509 not hilldawg4president have supported their points with anything other than arm chair googled info.",Asserting
someone has to know how things run across administrations.,Asserting
subs were blanket banning people just because they commented in the other sides sub.,Emotion-appealing
you can both ridicule the usa and think it has an exceptional nature,Asserting
"the world told unknownspeaker they didn't want america there,",Asserting
imnopotatoperson is some 19-year-old polisci major or something,Asserting
<user> there are some americans who absolutely hate the us but they never leave.,Asserting
democrats think having to have a voter id is bad.,Asserting
so yes they sure do love trump.,Asserting
supporting actions that hurt others but not oneself is maga's logic.,Asserting
conservatives cultivating tds aren't real conservatives,Asserting
[supreme leader successor] is not a simple selection by the leader,Asserting
which includes trump.,Asserting
the only real way to use freedom is speech as intended is to criticize the government,Asserting
i just think that it’s a good thing that they haven’t seen a lot of traumatic events,Asserting
u.s army staff sargent gary starks had actually fallen asleep hiding in the bushes,Asserting
cplusequals asks dweebulot to share a receipt for $2.53. it's going to be in the top percentile cheapest gas in the country from that time beating out historically cheaper areas in cheaper states.,Asserting
dad_jokesnbutt_stuff gives zero fucks about reasonable_oak's or their opinion.,Emotion-expressing
"cbs has recently changed ownership (billionaires at skydance who love trump), the news organization is run by someone new (bari weiss, caving to trump left and right including refusing to air a 60 minutes piece on what is happening to immigrants in this country), and of course, they have cancelled colbert (supposedly due to financial issues even though it's the number-one rated late night show) so yes they sure do love trump.",Asserting
but government can't silence all of us telling the stories.,Emotion-appealing
usually there's always a few idiots and asshats at any and every event,Asserting
the video from <user> is sponsored by ground nukes,Analysing
<user> posted this meme before they heard the interview,Asserting
do you even preamble bro?,Rhetorical Questioning
but there is a huge portion of america-hating americans on reddit and they're not just bots. like zero question about that. reddit is littered with real people who think america is an awful place to live. thats who they're talking about.,Asserting
did democrats like obama and biden help the irgc regime by sending them billions that belonged to the previous iranian government under the shah? (not shaw),Pure Questioning
<user> father lived because of tuskegee airmen,Emotion-appealing
"imnopotatoperson is watching zelensky, and his crew steal tons of money from the us taxpayer and wonder why they get indignant",Asserting
"i'm tired of being a part of that. i'm tired of watching our taxpayer dollars go towards killing innocent people, topple governments, and help other nations commit genocide. i'm tired of the evil that our government perpetrates. i'm tired of the hyper-individualistic nature of everything.",Emotion-expressing
it's embarrassing how many people are lying in this thread.,Emotion-expressing
colorado supreme court decision had excluded former president donald trump from the state's 2024 republican primary ballot,Asserting
<user> what trump said to usa male hockey team was very clearly a joke and funny.,Asserting
not a single thing that was said was diminishing towards the women’s gold medal.,Asserting
even though if you just simply check for yourself you see it’s not true.,Asserting
that being said,Analysing
<user> people born without brains are not that rare,Analysing
the government may be able to take the black people who fought against fascism out of the history books,Asserting
theiromia is so glad that someone like meiguichronicles can be blissfully unaware,Emotion-expressing
stephen colbert's show was cancelled.,Asserting
<user> bet you don’t know there are other ways than being brutal!,Emotion-appealing
(something i assume you would have celebrated),Analysing
cute_effect_8825 didn't know about the whole bombing situation until today,Asserting
americans no longer lead the free world,Asserting
i fought in nationals for muay thai and got silver medal. i was happy to fight for us but still hated trump.,Emotion-expressing
iran is not a one-man dictatorship like russia or north korea.,Asserting
everything is great in <user> marriage,Emotion-expressing
paddymayonaise doesn’t consider themselves from europe,Asserting
<user> d.c is the only place where only the president can call on the national guard.,Asserting
democrats think merit is bad.,Asserting
these people saying it was an iran are extremely gullible,Asserting
"cuz you never know, it might be great.",Asserting
the global war on terror has globalized terrorism,Asserting
liberals believe literally anything that is told to them even if it’s been proven false a multitude of times.,Asserting
<user> shouldn't feel a need to defend this video,Asserting
<user> and 3/3 of libtards are bots from turkey. your ignorance just makes you sound like a child.,Asserting
<user> tuskegee airmen won't be forgotten as long as we share their stories with the next generation.,Asserting
most of the 'top comments' accounts don't have a long history on r/conservative subreddit,Asserting
companies are profitting even if the us isn't directly involved in the war.,Asserting
<user> jd manscapes too.,Asserting
"mad crazy means awsome,",Asserting
<user> the people who tell others no to to complain about gas prices were complaining about those prices under biden,Asserting
"mormons will not hesitate or stop to ask ""why?""",Asserting
<user> couldn't pay attention in class after seeing the video of kirk's death,Asserting
the u.s. political system is so disgustingly corrupted,Emotion-expressing
trump the pathological liar,Asserting
"2. “out of the aftermath” of trump’s violent j6 2021 insurrection, scotus ruled that states could not remove trump’s name from the ballot ever",Asserting
cbs's ownership is now billionaires at skydance who love trump,Emotion-appealing
cute_effect_8825 is all about making life easier to live and eat and pay for things,Asserting
reasonable_oak praises a pedophile,Asserting
just more war.,Emotion-appealing
<user> didn't say kirk getting murdered is a good thing,Asserting
while also the national guard deploying globally as a combat reserve for the army and air force.,Asserting
"<user> not from the us, so i get the idea of wanting to laugh it off",Asserting
the rich can't even spend all the money they have in their lifetime.,Asserting
somehow this still makes americans the bad guys,Asserting
love and prayers for the people of iran incoming from the u.s.a.,Analysing
lindalaforest7764 can't understand why anyone decent would continue to support trump.,Asserting
"<user> bingo let the idiots butt heads, i just laugh and eat my popcorn",Asserting
<user> it’s so funny to hear this when 80% of liberals get all of their political takes from echo chambers on reddit and tiktok,Analysing
the fact that the gas prices were in the low-mid $2's and now into the mid and soon to be high-$3's is not what trump ran on.,Asserting
"the us request is sometimes optional,",Analysing
lol dude...if the gas prices argument is what you're getting out of this. you're a lost cause.,Asserting
<user> i do support open borders,Asserting
"""perceived as sexist"" lol",Asserting
seascrapo has been to countries about which americans have been fed limitless propaganda.,Asserting
<user> it's terrible what government have done,Asserting
"in the last year, it seems as if there are only democrats and liberals on reddit.",Asserting
the us does not require ongoing monitoring after entry,Asserting
conservatives have just been running the same playbook for about 50 years now.,Asserting
"if the world became on country, we could stop worrying about international rivalries and focus on repairing society worldwide",Asserting
the comparison of seascrapo's response to a job you can't quit is not literal,Asserting
i've been watching and i believe trump has got the right idea.,Asserting
i support abolishing borders,Asserting
<user> glad to see there’s still folks like you holding on!,Analysing
we [the conservatives] should be able to be critical of 'our guy' when he’s in the wrong,Asserting
<user> is having a lot made up arguments,Emotion-appealing
the us doesn't provide even the most basic of needs for their populations,Asserting
mehdi was respectful when talking over people,Asserting
<user> the cheapest states for gas registered lows from $2.65-$2.75. $2.15 is significantly below the state averages for even mississippi during the cheapest weeks in february,Asserting
there is nothing patriotic or christian about them.,Asserting
everything shouldn't be compared to vietnam or the war on terror,Asserting
"<user> in small villages or in the south, or even better in southern small villages you still feel that strong unforgettable and unexplainable ""italianess"".",Asserting
"does <user> really think if there are no borders, it'll happen the way they think?",Asserting
<user> you know what’s in utah?,Analysing
dukanstmichmal flightradar 24 shows that the airspace over iran is full of airplanes,Analysing
call it $2.50 or $2.75 to $3.50 if you want....this is not what trump promised his voters.,Asserting
professor jiang is a nutjob grifter,Asserting
just because mehdi made josephpoveromo8068 mad doesn't mean he's wrong.,Asserting
funny how that works,Asserting
these guys all have a brain..they just choose not to use it.,Analysing
hottruth999 has received downvotes on their comment.,Asserting
"<user> hey just curious, when is the last time you asked a republican what they believe in?",Assertive Questioning
this requirement for social media identifires has expanded more recently,Asserting
but liberals can influence people’s opinions,Asserting
2/3 of maga influencers are russian bots.,Asserting
the pentagon staff were outraged by the removal of items that were deemed diversity related,Emotion-appealing
<user> is sure jd vance is wearing eyeliner,Asserting
china and russia already control irans oil,Analysing
i believe trump is right in his actions,Asserting
you pay your dues every 3 years to re-up your certificates,Asserting
"it’s quite sad really, just look at <user> profile (let alone the ridiculous name as a grown man)",Emotion-appealing
"if reddit doesn't do some cleaning, they're gonna be in some major trouble",Asserting
lots of artifacts and memorabilia honoring the airmen.,Asserting
connorthebluejay is a lunatic,Asserting
the guys in the video just choose not to use their brains,Asserting
if there was no danger of being impeached trump wouldn't have invited women's hockey team?,Pure Questioning
lankyevilme is not praying for europe's downfall,Asserting
black airmen will not be forgotten as long as we share their stories with the next generation.,Asserting
reasonable_oak and timcuculic may not agree on much.,Asserting
"i think that tds [""trump derangement syndrome"" - a term used to descrive irrational criticism of trump's actions] is not a conservative trait",Asserting
r trump for exclusively pro-trump stuff.,Asserting
war against iran absolutely makes the us look strong,Asserting
"<user> . the dictator was under the jb white house. hiding. his initials? bho! we didn’t vote for him, but he ran the country. horribly!",Asserting
people from trump's government will be held accountable.,Asserting
cbs has released no statement regarding what the sent colbert,Asserting
small goverment republicans and constitutional purist republicans are hard to find these days.,Asserting
"<user> i don’t support open borders,",Asserting
<user> thinks kirk getting murdered is a good thing,Asserting
<user> is a true patriot,Emotion-appealing
"seascrape specifically replied to someone stating ""that people absolutely hate the united states but never leave.""",Asserting
"seascrapo specifically replied to someone who was stating ""that people absolutely hate it (the us) but never leave""",Asserting
usa does not look strong bitching and moaning that our allies won’t join our war,Assertive Questioning
i don't believe you beecause it's not true,Asserting
"it's just a mask. and i'm sure the mods all have theirs on, too. 😷",Asserting
some scars are worse than death.,Asserting
are you serious?,Rhetorical Questioning
the incident of charlie kirk getting shot is completely on par for the united states.,Asserting
colbert did not lie and any late night talk show since it is not governed by these fcc rules has the right to book whomever they like on the show.,Asserting
this is how the dem party works. they install whomever they want. you havent had a fair vote on a candidate in over a decade.,Asserting
the us truly does have enough resources to give everyone a beautiful life,Emotion-appealing
the rise in gas prices is not what trump promised us.,Asserting
subscribe now for more!,Asserting
which if trump weren’t going to invite women's team sure would be rude,Asserting
<user> loves beating up those who say the usa has a bad healthcare system,Emotion-expressing
people want to make everything a political issue,Asserting
surely trump wouldve just handed over ukraine....right? right???,Rhetorical Questioning
virgo4200 is black.,Asserting
[as for republican forums] r/conservative subreddit is good to a certain point.,Asserting
nothing is no longer sovereign in america,Asserting
it was one of 2 things,Asserting
thank you!,Phatic-maintaining
anyone who cares about history knows what the brave black heroes did,Emotion-appealing
"the 'conservatives' and their corporate media conglomerates, succeeded in getting a sizable portion of the voting public to literally vote against their own well-being and to harm and compromise their own quality of life.",Asserting
neutralizing iran helps us immensely to counter the threat of china attacking taiwan,Asserting
that's always what i hear people saying about them,Asserting
<user> amen!! removing the tuskegee airmen from history books is totally shameful!!!,Asserting
"phirk is forgetting all the third world countries, and the poor areas of the first world countries.",Analysing
people who use patriotism as an excuse for starting wars are in fact sad.,Asserting
wars have no sense [in polish],Asserting
the social media identifier request is limited.,Asserting
newson should order local police and state to arrest ice.,Asserting
"shot three times, show me the bullet scares.",Asserting
"jonni_bravo misspelled the word ""you"".",Asserting
"the us is nowhere near the gas prices seen during the ""i did that"" period in 2022.",Asserting
colbert and talarico didnt want to give the black woman fair time.,Asserting
americans are not eezay's enemies,Asserting
"-- then yep, that's a recipe for disaster.",Analysing
"it would have been rude, if trump didn't invite women",Asserting
"i’m saying both are reasonable things to think, and neither of <user> have supported their point with anything other than arm chair googled info.",Asserting
pleasant grove's average is up about $0.70 to $0.80 on average from end of february to now.,Asserting
north korea inspects devices,Asserting
let’s make america great again!,Emotion-appealing
imnopotatoperson doesn't understand the russian boogeyman has been a way to channel the wealth of the american people to defense contractors for decades now,Asserting
whether it would be better for trump not to make demeaning comments about the women's team and invite them to the white house instead depends entirely on whether you consider yourself a decent human being or not.,Emotion-appealing
"iambarrelrider is one of those ""republicans"" that voted for kamala and biden.",Asserting
i am very willing to talk about our countries problems,Asserting
"if cplusequals doesn't want to believe hank_scorpio_obgyn, they can go ahead.",Emotion-appealing
imnopotatoperson is not really smart and worldly,Asserting
we do not cry for fascists,Emotion-appealing
single-stop6768 saw on worldnews that people think they will somehow create a bridgehead...,Analysing
the tuskegee airman deserve nothing but our gratitude,Emotion-appealing
wtf does realisitic-sky-2235 expect men on the team to do?,Analysing
jd vance's party doesn't stand for anything anymore.,Asserting
a certain thing doesn't affect maga,Asserting
trump inciting a mob to storm the capitol effectively ended democracy in america,Emotion-appealing
"if blackyardjungle2562 were american, they would know what every single other person in america knows.",Asserting
pwncakeironfarts is systems administrator with no degree and a handful of comptia certs.,Asserting
"candyland-nightmare is sure the subreddit moderators all have their masks on, too.",Asserting
a small collective elite who run the entire world would be trillionaires without the need for elections ect.,Asserting
"<user> definitely loves that they, the americans, can criticize the us",Emotion-expressing
adios.,Emotion-appealing
"<user> uou are so used to the lefty slant, when someone is unbiased you think theyre pro repub.",Emotion-appealing
"a person dying doesn't suddenly turn them into a saint,",Asserting
pwncakeironfarts works in it,Asserting
<user> does not wonder that professor jiang baseless claims are wrong,Asserting
cbs has recently changed ownership (billionaires at skydance who love trump),Asserting
the comparison of the united states with north korea and china regarding data collection is factually incorrect.,Asserting
"<user> also, until you some disprove that specific people weren’t put in place to achieve this outcome in this circumstance, you cannot say that they are “believing factually incorrect things.”",Asserting
people who complained about prices during biden's presidency are rewriting the past as quickly as it happens.,Asserting
i am a particularly ridiculous human being.,Asserting
"using situations to gain power, control and money is human nature",Emotion-appealing
it should be easy to demonstrate that there is a station that had a fluctuation from $2.10-$2.30 in february to $3.40-$3.60 on march 18th 2026.,Analysing
"if you live anywhere near a government contracting area, you can easily get a job starting at $60-70k/yr with just the big 3 (net+,a+,sec+).",Asserting
there's a very long list of actions that were taken to continually sabotage iran's nuclear program and set it back whenever they got close,Asserting
<user> no one can understand what bad bunny is saying.,Analysing
<user> anyone who cares about history knows what those brave black heroes did and celebrate them!,Asserting
glenn would be confirmed by the senate easily,Asserting
"seascrapo has watched in my lifetime, the usa slip from the superpower to what they can really only describe as a developing nation",Asserting
the current leader of iran obviously has significant influence on who will be appointed as the next leader.,Asserting
we will share the stories of those who fought against fascism with the next generation,Asserting
the fact that we were down in the low-mid $2's and now into the mid and soon to be high-$3's is not what trump ran on.,Asserting
the americans deserve every ounce of the domesticate ridicule,Emotion-appealing
make all the excuses you want but if you truly had the work ethic or talent to merit consideration for immigration in another country you could do it.,Emotion-appealing
"mikebattis8684 never thought they would have to fight for freedom, liberty and democracy in america in 2025.",Asserting
the fcc wishes the rule about equal time in entertainment shows would apply,Asserting
"if you're not just pulling numbers out of your ass, that's the largest increase in prices nationally by a wide, wide margin.",Asserting
trump has wanted to repeal part of the 14th amendment.,Asserting
going to college might be great,Asserting
<user> he isn't wearing eyeliner.,Asserting
"<user> 50% of americans can't even afford a $500 emergency, while the rich can't even spend all the money they have in their lifetime.",Asserting
trump is too stupid to understand the consequences of his actions.,Asserting
<user> statement is simply not true,Asserting
<user> and the ones who spent all of biden’s presidency complaining about prices….,Asserting
<user> can you say why mexicans are in a america?,Emotion-appealing
now is more expensive in 2026,Asserting
anyone who cares about history knows what black airmen did,Asserting
"best line, just because something isn't affecting you doesn't mean you can't stand up to something that is wrong",Asserting
everyone know by now that charlie kirk was murdered,Asserting
late night shows are not governed by fcc equal time rules,Analysing
pk48 doesn’t think the democrats would have used the epstein files to incriminate trump?,Rhetorical Questioning
shaunmattice6431 loves how the ones who tell people not to complain about gas prices are the ones who are worth millions.,Asserting
the us data requests do not require browsing history,Asserting
everyone at fox news make their entire living by being pro trump.,Asserting
nationalists from this subreddit legitimately believe everything without a hint of satire.,Asserting
"the entirety of western europe has hated the american right for over a decade now,",Asserting
but this also means that not even china or nk demand the level of social media history that the us does.,Asserting
"the 'conservatives' having convinced people to vote against their own well-being wouldn't have been possible, if the democrats hadn't been so fucking incompetent (at best) and corrupt.",Asserting
trump withhelding congressionally approved funds for foreign country.,Asserting
the claim that us have more extensive surveillance systems works only if you assume that china can't access your info without your permission.,Asserting
[war with] iran is the excuse to rise gas prices,Analysing
we don't provide even the most basic of needs for our populations,Asserting
not even spanish people can understand what bad bunny is saying.,Asserting
democrats think minorities are good.,Asserting
poland had a more sensible refugee policy,Asserting
saying the gas prices in the united states shifted from $2.15 to $3.52 per gallon is pretty exaggerated.,Asserting
it doesn't matter if i filled up for $2.15 or $2.25,Asserting
"broaden your horizions, you're the only one worrying about this.",Emotion-appealing
<user> is a lazy reader,Asserting
government may be able to take the tuskegee airman out of the history books,Asserting
iran owns the strait of hormuz and is using it as leverage as literally everyone said they would,Asserting
how is life going overthere?,Pure Questioning
nor do we depend on the straight being open/unobstructed.,Analysing
companies have historically profited off war/times of war even if the us isn't directly involved.,Asserting
the gas prices hank_scorpio_obgyn reports are just wildly incredible even for the cheapest cities in the cheapest states for gas in february.,Emotion-expressing
cute_effect_8825 is the maga republican who is blindly following.,Asserting
theiromia is so glad someone can be blissfully unaware.,Asserting
shah.,Asserting
<user> who?  bill clinton and hunter biden investigating the island firsthand?,Asserting
"now as for the joke, your argument is full of flaws and contradictions.",Asserting
<user> i'm also married to an affluent white female urban liberal,Phatic-maintaining
considering that iran is the one sponsoring hamas.,Asserting
very few troops were sent to vietnam when that war first started,Analysing
that was khamenei's own son.,Asserting
albedogown hopes the dead appear in bob-bm3pd's dreams and never stop talking.,Emotion-expressing
<user> both sides have turned to only echo chambers on reddit.,Asserting
"if you're from the us, your family is there",Analysing
this incident?,Rhetorical Questioning
like everyone at fox news.,Asserting
because their contribution counts less because they are women?,Assertive Questioning
if trump weren’t going to invite them sure would be rude but that doesn’t rise to the level of something that would be impeachable so main point of the joke a third dumb impeachment trial that is a waste of time.,Asserting
no americans had to die to support ukraine,Analysing
john_the_fisherman should criticise america satirically so it fits the r/murica subreddit.,Asserting
<user> <user> ”our reputation” is under the outhouse.,Asserting
catholics are better that sh'ias and shahs,Asserting
cute_effect_8825 can be mindful of who they vote for and be aware if who they vote for takes money from aipac.,Asserting
have the people who tell others not to worry about gas prices ever bought groceries?,Rhetorical Questioning
<user> til i am a member of the democratic republic of north korean because i like democracy and republics while being in korea,Asserting
meiguichronicles works in healthcare.,Asserting
"deporting a father with a very handicapped son is inhumane, and shameful.",Asserting
"most mormons i know don't believe any 'vile shit', as it has been told on reddit, instagram and twitter",Asserting
the only reason i know about this video is that the government tried to hide it from me,Asserting
<user> federal immigration tactics of the us is the power of the future!!,Asserting
<user> doesn’t agree with any of the guys in the video obviously,Asserting
"first, candidates for leaders of iran are selected by the guardian council, a body that is 50% appointees of the supreme leader, and 50% appointees of the judiciary.",Asserting
jd vance is really weird.,Asserting
<user> the ones who tell people not to complain about gas are also the ones who spent all of biden’s presidency complaining about prices….,Asserting
people who spent all of biden's presidency complaining about prices are now telling people not to complain about gas [prices],Asserting
"<user> ""it's shocking and horrifying, but it usually means that the secret service just had a bad day.""",Emotion-expressing
people telling not to worry about gas prices in fact do not care about regular people,Asserting
"anything trump does or doesn’t do, the left will be mad and out for blood",Asserting
"if one imagines a small collective elite who run the entire world, that elite would be trillionaires without the need for elections etc.",Asserting
there was zero reason for a more intensive bombing campaign,Asserting
that city [pleasant grove] has some of the cheapest gas in utah,Asserting
<user> robot_engineer paid $2.59/gallon 5-6 weeks ago. same gas station is at $3.99 as of this morning. chicago suburbs.,Asserting
you didn’t even have to join the other side's sub to get banned for commenting in it.,Asserting
the exact difference between $2.15 and $2.25 per gallon is not the pressing issue in this discussion.,Asserting
the united states don't provide even the most basic of needs for their populations.,Asserting
<user> wasn’t the person killed by the us alongside khamenei the asahollah’s grandson? as next,Pure Questioning
"<user> the us does not have an extensive social surveillance system anywhere near the level of the china or nk. the united states does request social media identifiers on some visa and esta applications. this requirement has expanded more recently but expanded notably around 2019, primarily under enhanced vetting policies. the request can cover multiple years of identifiers (usernames), not message contents.",Asserting
"americans critical of our country don't ""hate"" it",Asserting
"you're right. not inviting women's team only because they are female would be ""rude"".",Asserting
<user> should stand up for justice,Emotion-appealing
"obama deported people, too.",Asserting
"<user> people are bound to loose it when the system is actively against you, and probably wants you death as well.",Asserting
jubilee managed to find 20 people without brains,Emotion-appealing
cute_effect_8825 has been watching trump,Asserting
initially their priest could marry and have children.,Analysing
jd wanted you to know that....to visualize that.,Asserting
gas prices in eu countries also have risen,Analysing
a father was deported and he had a 30 year old very handicapped child.,Asserting
cute_effect_8825 has been watching.,Asserting
<user> what would you have had him do?,Analysing
"""i am willing to sacrifice my loose change for gas."" -face mcpunchy",Phatic-maintaining
"even that post that showed the dhs twitter account was based in tel aviv, israel is believed by so many people.",Asserting
"they dont want the black woman to win the primary, so they came up with this stunt to get attention for talarico and cut out crockett.",Asserting
it's going to be in the top percentile cheapest gas in the country from that time beating out historically cheaper areas in cheaper states.,Asserting
the used textbook copies were worthless to resell,Asserting
carolwhocares's white father joined up to be a pilot.,Asserting
soldiers dying is not the pressing issue here.,Emotion-appealing
"all the other angry people out there on the right that wanted to see something different but had to make sure they didn't like the real halftime show, they also watched bad bunny",Asserting
dead-in-red was still getting screwed with the textbooks,Asserting
<user> could also vote to have mark elias to be ag in the next democratic administration,Asserting
but my heart is with you in the beautiful lands of america.,Emotion-expressing
we grew up knowing my father lived because of tuskegee airmen,Asserting
the police was simply doing their job - allowing the peaceful transfer of power,Asserting
the democratic party install whomever they want.,Asserting
novahellfire345 is ready to have the discussion about why letting everyone vote isn't a value to be proud of.,Asserting
<user> lol you’re so confused it’s hilarious,Asserting
<user> the real concern is that government spending of taxpayer funds appears inefficient and poorly allocated.,Asserting
there isn’t a [gas] shortage,Asserting
"he's making a list, not checking it twice, he gonna put down who he thinks is naughty or nice, trump will be coming for them!",Phatic-maintaining
even crazier that cbs says colbert is lying.,Asserting
"r/shitpoliticssays subreddit is pretty right wing, too",Asserting
pipes990 get very frustrated with the 'america bad' mindset,Emotion-expressing
"there are some americans who hate america, but they never leave",Asserting
without a beard jd vance would look really weird.,Asserting
mixing white house's actions in iran with video game moment is highly unprofessional.,Asserting
"<user> seriously, have maga ever touched a gas pump?!?",Rhetorical Questioning
<user> is a lunatic,Emotion-appealing
even past video games like call of duty were based on military actions and real conflicts.,Asserting
iran would have no means to get their army to the island,Asserting
democrats even tried to kill donald trump,Asserting
embarrassing that an insecure entitled regime would attempt to eliminate what the tuskegee airman accomplished from history to feel better about their lack of honor.,Asserting
does the women's team contribution counts less because they are women?,Rhetorical Questioning
<user> buddy showed them the bullet scars,Asserting
i fought in nationals for muay thai and got silver.,Analysing
"when someone can't leave the country, how exactly are they expected to not stay?",Assertive Questioning
my area went from $2.60 to about $3.10.,Asserting
usa does not need to put people on the land at all,Assertive Questioning
not seeing much in life is not a good thing,Asserting
you live anywhere near a government contracting area,Asserting
it's even crazier that cbs [a news station] says he's lying,Asserting
"if you are okay with that, then you are the enemy.",Asserting
"""america bad"" is something one can see from some select groups.",Asserting
i’m not following your logic,Analysing
"<user> exactly right!  it’s ‘empathy’, we feel the pain of others even when we are not directly impacted.",Asserting
i'm a systems administrator with no degree and a handful of comptia certs.,Asserting
"germany wanted the same thing after the treaty of versailles. they sought to put germany before the rest of the world and look where that got them. a genocide against the people they blamed for their troubles, just like we're doing now, and getting their country split between two great powers.",Asserting
dweebulot has receipts from a gas purchase on february 27th and 28th 2026 for $2.53 a gallon.,Asserting
on reddit leftists write honest things that they don't have the balls to say irl.,Asserting
reasonable_oak should go suck some pedo dick.,Asserting
carter wasn't much different than today's liberal governments in europe and recent democrat party administrations,Asserting
we're $0.40 nationally below the biden price jump and $1.20 below the peak.,Asserting
"the conservatives long con job is sad, pathetic and infuriating.",Emotion-expressing
hank_scorpio_obgyn says increase in the price of a gallon of gas from $2.15 to $3.52 in a month is a fucking disgrace.,Emotion-expressing
"<user> seriously, have maga politicians ever touched a gas pump?!?",Asserting
few popes reign long enough to be able to sire illegitimate sons,Asserting
the 2025 tax/budget bill taking out roughly $500+ billion out of medicare over 10 years is not spin.,Asserting
mass shooting is something which happens only in us,Asserting
d.c is the only place where only the president can call on the national guard.,Asserting
"this channel is now part of that propaganda, and they don't know it yet",Asserting
that certainly sounds like... oh wait the supreme leader picks the judiciaries boss (and the guy that appoints them all),Asserting
the president cannot stop the allocating of funds.,Asserting
<user> i support abolishing borders.,Asserting
<user> father navigated bombers in europe during ww2,Asserting
"if genxmiss is okay with stephen colbert being told he cannot air his interview with james talarico on television, then genxmiss is the enemy.",Asserting
everyone will be up in arms over kirk's death,Asserting
<user> $3.52 is literally the gas price i paid this morning.,Asserting
that meme took off in 2022 when national average gas prices jumped to $4.20 and were sustained there for half a year peaking at almost $5 a gallon in june 2022.,Asserting
so they misfired a missile from inside a classroom?,Assertive Questioning
it (this subreddit) is not a republican forum? [why do you call yourself a republican since you do not agree with trump actions?],Rhetorical Questioning
the gas prices in pleasant grove in mid-february and now line up about exactly with what cplusequals quoted earlier.,Asserting
i wonder if there’s a nation anywhere that we haven’t mixed into the pot yet?,Asserting
even better one with sleepy joe,Asserting
the social media identifier request can cover multiple years of identifiers (usernames).,Analysing
trump's trade moves that have squeezed american ranchers and farmers with retaliatory tarrifs and market instability conveniently didn’t make the highlight reel.,Asserting
timcuculic assumes ending democracy in america is something reasonable_oak would have celebrated,Emotion-appealing
everything is great except her view on anything political where we strongly disagree,Asserting
to hell with the rest of the people who aren't trump.,Asserting
biden surely would've just handed over ukraine to russia,Asserting
they recently named a veteran's home the tuskagee airmen state veteran's home.,Asserting
you are deranged,Analysing
<user> 4 years ago i was in an objectively better place than now. good luck with the restoration of the us’s reputation in the post-trump era!,Asserting
"on september 10th, charlie kirk was murdered on a college campus in utah.",Asserting
democrats tried everything to stop trump from participating and winning elections,Asserting
the department of motor vehicles clerk is unelected bureaucracy.,Asserting
on r conservative there’s still nuance to a certain point,Asserting
seascrape never said they wanted to leave the united states.,Asserting
fcc rules also apply to talk shows.,Asserting
i'm tired of watching our taxpayer dollars go towards killing innocent people,Analysing
there's a reason why awfls are being called awfls,Asserting
"where exactly did cbs ""show what they sent him (colbert)""?",Analysing
most of the 'top comments' accounts only comment on threads about ukraine,Asserting
seascrapo can't be considered for immigration in another country,Analysing
<user> only democrats and liberals being on reddit sucks because osdatasian likes learning different ideologies and what people support,Asserting
the real rich don't care about normal people,Emotion-appealing
luisbardaless made sultanshaie2011's day.,Asserting
"it was kegbreath (pete hegseth), and the trump regime who have spent its months in office purging the pentagon military and federal government of anything it deems diversity related.",Asserting
his wife was kia in syria,Asserting
what have eezay actually done beyond just speaking?,Pure Questioning
both sides (left- and right-wing subreddits) have turned to echo chambers on reddit.,Asserting
a little bit of seascrapo dies everyo time they have to pretend like they don't see the homeless man curled up on the sidewalk,Emotion-expressing
"even that post that showed the dhs twitter account was based in tel aviv, israel is believed by so many people, even though if you just simply check for yourself you see it’s not true.",Asserting
enw_digrif doesn't get what pipes990 means.,Asserting
"but basically all the north, which is already like almost half of the county, plus big cities northern than naples in general are completely losing their own identity.",Asserting
"never thought i would have to fight for freedom,    liberty,  democracy  in america  in 2025!!!",Asserting
<user> thanks the governor for speaking out,Phatic-maintaining
"<user> jd: ""i'm a never trump guy. i never liked him.""",Asserting
it's a dollar or more in a lot of places.,Asserting
cute_effect_8825 follows trump with a dedicated ai.,Asserting
<user> it makes sense why americans think that the only real way to use freedom is speech as intended is to criticize the government considering the government now demands 5-10 years of social media history for tourists (something north korea and china don't even do).,Asserting
<user> both right and left wing sides have turned to only echo chambers on reddit.,Asserting
thehadirahim had to stop doing homework,Asserting
professor jiang said in a video that all of mainstream roman history is wrong just because you have to trust him,Asserting
there are other ways to get things done than being cruel,Emotion-appealing
"lack of vices is another reason, too [for mormons being able to do horrible things]",Asserting
trump's campaign ran on gas prices.,Asserting
does its_all_made_up_yo want seascrape to leave the united states?,Pure Questioning
i am curious if trump watches late night tv,Asserting
obviously the iranian leader has significant influence on appointing his successor,Asserting
the americans already went through the phase of wondering if the people who are worth millions have ever bought their own groceries,Emotion-appealing
don't be jealous,Emotion-appealing
"this sub is basically dead, it’s just the left coming here to talk shit on the right.",Asserting
"while for my other half, greeks, they never stop being very greek no matter where they are in the world.",Asserting
you're not qualified for other jobs,Asserting
not even spanish people can understand what bad bunny is saying,Asserting
"israel is believed by so many people, even though if you just simply check for yourself you see it’s not true.",Asserting
trump ran on gas prices.,Asserting
good for meiguichronicles that they found their path without school.,Asserting
the video of charlie kirk is the worst thing hadi rahim has ever seen?,Rhetorical Questioning
church is just a bunch of people who's parents all told them different stuff based on the same guidelines.,Asserting
both statements are reasonable things to think,Asserting
cplusequals claims hank_scorpion_obgyn is misremembering or they are buying from a gas station that's selling at a significant loss even in the cheapest areas of the us in the cheapest week of february.,Asserting
so many people say that school is a scam,Asserting
this is stupid.,Asserting
"<user> do you really think if there are no borders, people will focus on repairing society worldwide?",Pure Questioning
black mask and the black uniforms worn by ice few years ago [*this user probably meant 'few weeks ago'] are similar to those of kkk,Asserting
trump's 2026 budget proposal cut about $12 billion from the department of education.,Asserting
<user> supports ukraine,Asserting
the usa won't be using summer blend anymore by november.,Asserting
you’re way more right wing than you pretend you’re not.,Asserting
"trump's ""joke"" wasn't a joke",Asserting
"r/conservative sometimes overlap in ideology with pro-trump subs, but not always",Asserting
the catholic pope is above canon law.,Asserting
because they see that as the only way to fulfill america's ideals.,Asserting
it was kegbreath and the trump regime who have spent its months in office purging the pentagon military and federal government of anything it deems diversity related.,Asserting
<user> that doesn't answer the question. why are the national guard in syria,Asserting
you should go to school,Asserting
<user> has been debunked by nuclear engineer tyler folse,Analysing
seascrapo didn't start their response with saying anything about alternatives to leaving,Asserting
we will never forget black airmen,Asserting
iran is soon going to be free from the hands of islamic nutters!,Asserting
most of the world watched bad bunny,Asserting
certain countries take care of their people,Asserting
please delete this video and put in a video with his speech please.,Emotion-appealing
<user> recognition of the tuskagee airmen will come back,Analysing
get out of here,Asserting
its_all_made_up_yo knows that seascrapo wants to leave from context,Asserting
<user> both right and left sides have turned to only echo chambers on reddit.,Asserting
these people were complaining about those prices under biden,Analysing
"i have watched in my lifetime, the usa slip from the superpower to what i can really only describe as a developing nation. we don't provide even the most basic of needs for our populations. it seems our entire nation really only exists to enrich a few lucky people born under the right star.",Asserting
glenn kirschner has said he would be willing to take on the job,Asserting
where the joke was funny? (and not offensive?),Assertive Questioning
"especially if you are crying over this much of a lopsided victory now, there is no way you have accepted the result of action in the future when the costs are a thousand times higher",Analysing
<user> i knew a girl who was born with only half a brain. she went on to get a masters degree in law. these guys jubilee found all have a brain..they just choose not to use it.,Asserting
its helps in getting people to watch the bad bunny halftime show when the other show was physically painful to watch,Emotion-expressing
like how trump shut down the immigration mobile app and is currently making stricter rules to immigrate.,Asserting
"if principles over personality makes iambarrelrider a joke, fine, they would rather be a ‘parody’ that some taught to regurgitate than a grown adult in a one-man cult.",Asserting
"<user> @ i'm not sure where you live, but it's not in the us, or at least reality.  our reputation is doing just fine, now that we have an actual leader in the wh.",Asserting
fixing bluefootedpig's situation would take an easy conversation with the dean and a copy of the syllabus to resolve.,Asserting
the white liberal females in this country are a cancer,Asserting
dead-in-red pirated what they could,Asserting
"if a european ridicules america, it means war",Analysing
iran has been developing missiles and drones for how long and they could have who knows how many?,Rhetorical Questioning
"trying to make people feel a certain way by comparing a limited disclosure request to states that practice pervasive, non-consensual surveillance is a logical mistake.",Asserting
the video <user> is requesting could be about military men that committed crimes or something,Asserting
protestors have empathy,Asserting
there's something i don't understand.,Phatic-maintaining
"hating things in your country is why you put in effort to make it better, instead of 'bitching' that everyone else is wasting their effort and going against them at every chance.",Asserting
he kept veering off course.,Asserting
genxmiss should maybe do some reading/investigation before they post.,Asserting
there are companies making profit off the united states' war with iran.,Asserting
vz production will have picked up by november 2026.,Asserting
trump was too busy enjoying watching what he was seeing on january 6th 2020,Asserting
making up gas prices for february is exactly what hank_scorpio_obgyn is doing.,Asserting
<user> i'll bite.,Emotion-expressing
bp profits off of the united states' war with iran.,Asserting
situation in iran is different from situation in venezuela.,Analysing
the information about trump calling veterans 'suckers' and 'losers' has not in fact been debunked,Asserting
trump instigated jan 6 riots,Asserting
we need to impeach trump,Asserting
dad_jokesnbutt_stuff gives zero fucks about reasonable_oak or their opinion.,Asserting
bigsmiley0tv could not care less about the maga garbage they missed.,Analysing
californians arm yourselves,Emotion-appealing
shouldn't the ayatollah grandson be the next supreme leader of iran?,Pure Questioning
<user> knows the names of companies getting rich off of the war in iran,Phatic-maintaining
"so iran's current leader just hand selects the successor through a committee, then an assembly influenced by him selects the successor.",Asserting
more and more men today are chasing asian women.,Asserting
we cannot allow erasure of the black airmen whou fought in wwii.,Asserting
crockett and the others are candidates in the democrat primary,Analysing
"iambarrelrider is just a parody, an absolute joke.",Asserting
so why did colbert lie?,Analysing
<user> mehdi talked over a people a lot too,Asserting
the us is not demanding “social media history” in the way farmerjoee is using that term,Asserting
left must resort in failed assassination attempts and violent protests in order to get their point across,Asserting
"<user> should make a video on karabakh war, namely between armenia and azerbaijan",Asserting
supporting ukraine is the smart thing to do,Asserting
<user> well it’s the us. just throw a dart with your eyes closed.,Asserting
next time <user> should invite <user> and tyler folse on to talk about nuclear weapons before <user> embarrasses himself,Asserting
<user> your ignorance just makes you sound like a child.,Analysing
what jd really meant was a true american male wears eyeliner,Asserting
backyardjungle2562's lies are obvious and stupid.,Asserting
mormons obey orders like robots,Asserting
if facts make you mad then its time to do some self reflection 😅,Emotion-appealing
the situation with the iranian government is most definitely not black and white,Asserting
maga supporters are hypocrites,Asserting
trump has been promising the current rise in gas prices since the first time he ran for president in the early 2000s.,Asserting
scroll to the bottom of the comments on each post to see the kind of nasty stuff that gets to stay up,Asserting
<user> not wanting to be marked down a full grade for not buying a book which wasn't stated in the sylabus is why i pirated college books and said i purchased digital copies of the books.,Asserting
"the conversation the hockey players had with trump was not the time and place to speak up and say ""sorry mr president i feel that comment was wrong"".",Asserting
hank_scorpio_obgyn is not going to sit here and argue over gas prices and if they are making shit up or not.,Asserting
kripptonite7457 will pass the memory of tuskegee airmen's bravery and sacrifice to educate the children they come in contact with.,Asserting
glad i found a path without it.,Emotion-expressing
having to own the textbook wasn’t stated in the syllabus,Asserting
"downvoting pro-trump posts happens on a conservative subreddit, which is strange",Asserting
"only 1 out of the united states, china and north korea asks for social media history for tourists.",Asserting
why did stephen colbert slight the other democrats?,Pure Questioning
cute_effect_8825 has no control over what big businsesses do.,Asserting
pipes990 is very willing to talk about america's problems,Asserting
un should become the federal government,Asserting
that's the whole point.,Asserting
it’s quite sad really,Emotion-expressing
cbs has released no statement regarding telling stephen colbert to give jasmine crockett and other democratic primary candidates equal air time.,Asserting
trump the pathological liar probably lied to californian forces by saying the govenor gave the ok.,Asserting
there was no real talk about proposed cuts to programs actual american citizens rely on at the state of the union.,Analysing
anyone who cares about history knows what those brave black heroes of tuskegee airforce did and celebrate them!,Asserting
"if the white liberal females get into trouble and don't ask for white men to step in and help, they'll cite misogyny.",Asserting
<user> is the fascist,Emotion-appealing
but if what you mean is (you haven't seen anything yet) i agree with you!,Asserting
cplusequals can argue about if hank_scorpio_obgyn filled up for $2.15 or $2.25,Asserting
"i just think that it’s a good thing that they haven’t seen a lot of traumatic events,",Asserting
it's difficult to leave.,Asserting
"which is somehow surprising is, and trump being politically unstable and his base hating this war is trying for a quick way out",Asserting
just about every government website is trying to erase the black people who fought against fascism,Analysing
trump's joke was actually funny,Asserting
seth meyers should keep up the great work.,Asserting
u.s. immigration policy is the cause of somalians in minnesota,Asserting
"hell, i'm a literal anarchist,",Asserting
you pay for the paper.,Asserting
wasn’t it the asahollah’s grandson? as next,Assertive Questioning
i got marked down a full letter grade because i didn't have the book.,Asserting
black airman flew some of the most dangerous missions of wwii,Asserting
"pipes990's interlocutors have gotta come with solutions, not just bitching.",Asserting
many mormons speak a second language.,Asserting
<user> don’t support open borders,Asserting
seancuressadness hates plenty of things hate about the us,Emotion-expressing
imagine if newsom ordered to arrest any military person who breaks local and state law,Asserting
this shit is insane,Asserting
mehdi's interruptions were mostly to clarify or understand,Asserting
"between luck and insight, professor jiang has correct predictions",Asserting
us gas prices are now into the mid and soon to be high-$3's.,Asserting
[the allegedly-killed khamenei's successor] was his own son.,Asserting
americans rallying for atayollah in nyc is idiocracy,Emotion-expressing
singing the national anthem and being proud to be an american isnt a political side.,Asserting
<user> oh come on don’t expect that level of rational thinking in this platform,Asserting
"mormons aren't terrible people who actively support a ton of 'evil shit', they're just people who either don't know about the bad parts or don't want to leave their comfort zone to confront them.",Asserting
"was the turning point usa-organized ""halftime show"" painful to watch?",Rhetorical Questioning
what a world,Asserting
"<user> no, the democratic republic of north korea is an actual group you have to affiliate with.",Asserting
britain provided information on alleged communist agents (tudeh party) to ayatollah khomeini's forces.,Asserting
trump tried to extort a foreign ally into announcing a fabricated investigation into his political opponent,Asserting
allocating the funds and dismantling or halting the departments responsible for allocating the funds are all things congress controls.,Asserting
siring illegitimate children tends to get a priest defrocked these days,Asserting
there're people in the streets in iran.,Asserting
my family came from a small village up in the mountains outside of benevento. there’s only about 20 people still living there year round and its dwindling quickly. my family that didn’t come over still work the land and sell docg grapes to local wineries who produce internationally and sell hazelnuts to nutella. we go over 1-2 times a year and i’ve shaken those trees and plucked those grapes by hand as recent as a month or so ago when my cousin rolled a tractor onto himself and needed us to fly “home” when the winery called for the harvest.,Asserting
just stay vigilant and remember to think about what's going on in your own country too,Asserting
<user> i gave you some dollars thank you !,Asserting
yeah like what the hell?,Emotion-expressing
they [people related to the removal of the pro-diversity content] will be held accountable.,Asserting
khamenei's temporary replacement was his own son,Analysing
nashtak guesses pk84 also turned down trump's invitation to the oval office.,Asserting
other people in the group were openly racist toward mehdi and tried to insult him or belittle him,Asserting
the point of trump's joke was that he would not invite the women's team unless he was afraid of being impeached,Asserting
2025 is the only year the us consistently saw low gas prices since covid.,Asserting
white female liberals have been intentionally socialized into having mental health issues,Emotion-appealing
<user> the only real way to use freedom is speech as intended is to criticize the government.,Asserting
i hate plenty of things about this country.,Analysing
a surprisingly high amount of people [mormons] will do anything they can to avoid politics,Asserting
he is not well-mannered,Asserting
faelwolf should go to r/fuckimold,Analysing
china doesn't demand social media history for tourists,Asserting
a surprisingly high amount of mormons will do anything they can to confront the messy parts of the organizations they were raised into,Asserting
<user> ruling republicans all are,Asserting
"fucking warhawks the usa government are....log off, crenshaw.",Asserting
<user> there are companies making profit,Asserting
"yes, cbs used the rule of equal time for candidates to tell him he couldn't air it, but i believe that he was verbally told that he couldn't air this interview.",Asserting
well it’s the us,Asserting
i have to pretend like i don't see the homeless man curled up on the sidewalk.,Emotion-appealing
diabeticbutnotfat has been to dean before.,Asserting
you're not getting my point.,Asserting
hank_scorpio_obgyn's self-reported gas price simply isn't credible.,Asserting
though obviously leader of iran has significant influence on choosing future leader.,Asserting
"the video of charlie kirk's murder affected thehadirahim a lot more than the trump shooting,",Asserting
iambarrelrider is not surprised.,Emotion-expressing
user does not know how many troops were sent to vietnam when that war first started,Asserting
"<user> where exactly did they ""show what they sent him""?  cbs has released no statement regarding this.",Asserting
these wars don't work and they are not in our interest.,Asserting
"50% of americans cannot afford a $500 emergency,",Analysing
"we, americans, can never forget the black airmen who flew some of the most dangerous missions of world war ii.",Asserting
trump saying he would get impeached if he didn't invite the women hockey team to the state of the union doesn’t rise to the level of something that would be impeachable.,Asserting
the state of the union was just missing village people.,Asserting
this platform is full of leftists who like to down vote conservative opinions,Asserting
dawn-s5h's friend was exposed to agent orange.,Asserting
all supporting ukraine is costing the us is old military surplus and a fraction of american defense budget,Asserting
obviously i don’t think he deserved to be killed,Asserting
"if dweebulot do have a receipt for $2.53 for gas, they should post it.",Asserting
"<user> would like to see a part 2 of this video, please",Emotion-expressing
imnopotatoperson wonders why the us taxpayers get indignant,Asserting
he was in the jordan peterson one too,Analysing
the americans are fortunate to have the ability to poke holes at the system they are a part of,Emotion-expressing
dead-in-red pirated what they could and were still getting screwed.,Asserting
the strait will be open again by november.,Asserting
would trump saying he would get impeached if he didn't invite the women hockey team to the state of the union be rude because he didn't invite the gold winning american athletes simply because they are female?,Rhetorical Questioning
<user> you know what’s in utah? the largest nsa data center. food for thought.,Asserting
<user> that was the most presidential speech we have heard since biden was in office.,Asserting
i'm just trying to survive.,Emotion-appealing
<user> no <user> did not explicitly state they want to leave. it's called context.,Asserting
there was no malice towards the women in trump's joke about getting impeached for not inviting the women's hockey team to the state of the union.,Asserting
the us is doubling down,Asserting
"hell, i'd take an isolationist republican right about now.",Asserting
no excuse for carter,Asserting
"we, as people, believe in the values of righteousness and justice",Emotion-expressing
it'll be a record year for the companies and stakeholders at this rate,Asserting
seascrapo's response is like having a job you think is run by incompetent people,Asserting
wordsoflove8787 is more right wing than they pretend not to be.,Asserting
that it’s a good thing that thehadirahim haven’t seen a lot of traumatic events,Asserting
"if you knew half the things our country has done to both us and foreigners, you wouldn't have that blind patriotism. you're only wanting more division.",Asserting
"r republican forum is basically dead, it’s just the democrats and liberals coming here to talk shit on the republicans.",Asserting
<user> should please stay united through these tough times,Analysing
you have not supported your claims with anything other than googled info,Asserting
<user> okay than how many lives can you kill before your covered in blood and you see the dead bodies pile in front of you every time you walk forward i hope they appear in your dreams and they never stop talking,Rhetorical Questioning
it’s okay for white women to attempt to commit a terrorist attack,Asserting
they have outdated missiles which bomb their own school,Asserting
america has the ability to show up anywhere in the world at a moment's notice,Asserting
i don't hate america,Asserting
<user> is not from the us,Asserting
"democrats think diversity, equity and inclusion are good.",Asserting
talarico has a devotion to christianity so strong he is working to obtain a master of divinity,Asserting
china has internet monitoring,Asserting
<user> it's terrible what kegbreath and trump's regime have done to the files concerning women and people with minority backgrounds.,Emotion-expressing
"the r/republican subreddit is basically dead, it’s just the left coming here to talk shit on the right.",Asserting
the people in capitol on january 6th say they are patriots,Asserting
<user> murica!!,Asserting
my friend participated in the ww2,Asserting
"<user> you literally have no idea, clearly. you just know how it’s supposed to work. it is just as likely that their system was rigged for this outcome as it is likely it happened this way per standard iranian government practice.",Asserting
<user> is the maga republican. blindly following donald trump's political movement.,Asserting
vz production will have picked up,Asserting
all i know is that i really enjoyed paying $2.15 for a gallon of gas.,Asserting
nick fuentes has a spanish surname.,Asserting
we won't be using summer blend anymore.,Asserting
they don’t plan “not to go to war” that’s a stupid thing to say.,Emotion-appealing
"currently, the us is around the same price for gas as they saw in much of 2023 after the biden administration gas price jumps subsided.",Asserting
would you like me to keep going?,Pure Questioning
"a lot of mormons are just normal people,",Analysing
what koffee_addict is describing is not how iranian governments works.,Asserting
russia is neither a global economic power' or a military power anymore,Asserting
there will just be more war.,Emotion-appealing
real rich people don't care about normal people,Asserting
there is nothing patriotic or christian in bigotry and racism,Asserting
"there are also mormon polygamists, which are not included in this thread",Asserting
can we agree on that people like reasonable_oak have been so conditioned to hate america and american values that they find it impossible to celebrate accomplishments of those that don't fit into their narrow misogynistic world view at least?,Analysing
<user> real rich people don't care about normal people,Asserting
<user> can you explain the trump's joke?,Pure Questioning
let's not mistake nationalism for patriotism,Emotion-appealing
the backlash against this was so great,Asserting
between david hogg and the congresswoman who harassed him when he was a kid one of these people is objectively worse.,Asserting
boomoombennie wants to be pointed towards where they can find a small government republican.,Pure Questioning
cute_effect_8825 has been watching and they believe trump has got the right idea.,Asserting
seascrapo doesn't have the work ethic or talent to merit consideration for immigration in another country,Asserting
what everyone else is saying to hilldawg4president though is that how the election system in iran is supposed to work and how it actually works when people get involved are two different things.,Asserting
what everyone else is saying to hilldawg4president's though is that how the system is supposed to work and how it actually works when people get involved are two different things.,Asserting
it's always everyone doing whatever they want with no regard for others,Emotion-appealing
<user> i guess to them it’s okay to attempt to commit a terrorist attack,Asserting
<user> i will always remember the tuskegee airmen & will pass their bravery & sacrifice to educate the children i come in contact with.,Asserting
"yes, we understand that hilldawg4president knows how the system in iran works.",Asserting
any 'hard'-leftist stance in the comments has 10x more upvotes than the post itself,Asserting
u.s army staff sargent gary starks still had the butcher knife he used to kill his mother's neighbor with him,Asserting
americans making fun of the government freely is possibly the most american thing one can do.,Asserting
the rich don't understand normal people,Asserting
now gas prices are into the mid and soon to be high-$3's,Asserting
trump was first to provide javelins to ukraine when obama wouldn't,Asserting
"and if white men don't help the white women, women'll cite misogyny.",Analysing
iambarrelrider is a sock puppet.,Analysing
"if hank_scorpio_obgyn will show cplusequals a station that went from ~$2.10-$2.30 in feb to $3.40-$3.60 now, they will retract their statement.",Analysing
no defined success.,Emotion-appealing
"<user> current federal immigration tactics is maga’ts logic, if they don’t affect them they don’t care.",Asserting
it bugs me how gullible people were to vote trump back.,Asserting
can cute_effect_8825 point boomboombennie towards where they can find a small government republican?,Pure Questioning
"jonny45k reported a comment and got a ""warning"" from reddit.",Asserting
so whatever happens and is recorded in the us is likely to affect the assumptions and ideologies of people from any country who might interact with the products from said corporations.,Asserting
one can take iranian proxies out with prejudice like trump did with soleimani in 2020,Asserting
"as everyone knows by now, on september 10th, charlie kirk was murdered on a college campus in utah.",Asserting
"would he, oh wait",Emotion-appealing
cute_effect_8825 is not a maga republican blindly following,Asserting
"we definitely agree that what trump did is not only impeachable, but should be grounds for removal from office and possible imprisonment",Asserting
not being sexist depends entirely on whether one's consider oneself a decent human being or not,Asserting
the constitution assigns the powers trump is trying to use to congress.,Asserting
"democrats would look for anything to bring trump up on the charges, which already happened two times",Asserting
<user> that is because they are not scared of crockett.,Asserting
cplusequals is wrong about the prices of gas in pleasant grove,Asserting
people complaining about bad bunny watched the halftime show that they didn't want to watch,Asserting
and your actions will only encourage the businesses to continue their schemes,Asserting
"also yes, our food is amazing and i'll work out on the criticism lol",Asserting
subreddits were blanket banning people,Asserting
imnopotatoperson is just too stupid or lacks the education to understand the russian boogeyman has been a way to channel the wealth of the american people to defense contractors for decades now.,Asserting
trump's government doesn't uphold the 'small government' idea (which is a republican idea),Asserting
because neither of this plans was feasible.,Asserting
democrats think women are good.,Asserting
"january 6, 2020 was the one day in trump's presidency when he needed to call in federal troops to stop the rioters that he instigated.",Asserting
"even after all the mass shootings, the united states double down and do not change a single thing.",Asserting
i have receipts from a gas purchase on february 27th and 28th for 2.53 a gallon,Asserting
"it's not as easy to leave the us as saying ""i think i'm going to leave now""",Asserting
apparently the us took out khamenei's temporary replacement too.,Asserting
not having an exit plan is not the pressing issue here.,Emotion-appealing
those are actual numbers.,Asserting
its_all_made_up_yo inferred seascrape wants to leave the united states through context.,Asserting
"i’ve done it before. different situation, but things get done.",Asserting
this is inhumane and shameful.,Emotion-expressing
but supreme leader obviously has significant influence.,Asserting
<user> mehdi talked over a people a lot too lol that’s just the energy this debate had.,Asserting
<user> you have snail level comprehension,Asserting
if this is what you're getting out of this. you're a lost cause.,Emotion-appealing
the democrats tried everything to stop trump from running for president and winning.,Analysing
rip jack,Analysing
"yes, that was the time and place to speak up and say sorry mr president i feel that comment was wrong.",Analysing
<user> bro is trynna save both italy and greece,Analysing
"different situation, but things get done",Analysing
are the other 1\3 of maga dead in utah?,Rhetorical Questioning
just threatening to use the marines to take the island away potentially gets iran to back off the global shipping,Analysing
people criticizing usa should word it differently.,Asserting
and we know that leftist organizations have paid people to come here to astroturf.,Asserting
mehdi wasn't insulting or belittling others,Asserting
<user> <user> yes,Asserting
the video of kirk's shooting affected <user> a lot more than the trump shooting,Asserting
seascrapo tried to give a reason why people who would want to leave can't.,Asserting
the content on this subreddit makes it seem like we have tds,Asserting
there's also cost of leaving the us,Asserting
what trump did to get impeached first time was very illegal,Asserting
you didn’t even have to join the other side's subreddit.,Asserting
"<user> it's because they didn't do it,",Asserting
the 20 far-right conservatives in jubilee's video just choose not to use their brains.,Asserting
<user> wasn’t it the asahollah’s grandson? as next,Pure Questioning
abran los ojos,Analysing
"all the school mass shootings made us think something is deeply wrong with your country,",Asserting
keep 2 things in mind when talking to liberals on reddit,Asserting
actual numbers. not made up shit for karma.,Asserting
it's beyond me that you wonder why they [zelensky and his crew] get indignant,Asserting
<user> should cry harder,Emotion-appealing
"unknownspeaker can believe that americans can do no wrong unironically, or they can satirize this with shitposts in the vein of colbert.",Asserting
people on the video might be better people without brains,Asserting
cute_effect_8825's comment was so eerie to read ultimately42 got goosebumps,Emotion-expressing
all khamenei's successors should be kille.,Asserting
[the user is calling for a 'cal-exit' - for california to leave the us],Analysing
<user> that is because the cbs are not scared of crockett.,Asserting
and women's team didn't work as hard for their gold medals?,Pure Questioning
"this requirement has expanded more recently but expanded notably around 2019, primarily under enhanced vetting policies.",Asserting
because i don’t speak italian well or that i haven’t bothered to obtain citizenship.,Analysing
i had to pay stupid money for very specific editions,Asserting
i bet you support open borders [because you are against ice],Asserting
the us is not demanding “social media history” in the way you’re using that term.,Analysing
<user> a true american male wears eyeliner and does it with a couch.,Asserting
but i'm so glad someone can be blissfully unaware of the fact that you have to have a piece of paper confirming college education to get a decent job.,Asserting
booboombennie would take an isolationist republican right about now.,Asserting
singing the national anthem and being proud to be an american isn't a political side.,Analysing
reasonable_oak wishes dad_jokesnbutt_stuff the best!,Phatic-maintaining
personally i was happy enough to watch the show,Asserting
guy talking about california state legislature kinda owned jordan peterson by using his own logic against him.,Asserting
you didn’t even have to join it.,Asserting
<user> definitely didn't agree with kirk,Asserting
"when things become right in america again, the 332nd will be restored to their rightful place in history",Emotion-appealing
reasonable_oak thanks pk84 for proving their point,Emotion-expressing
<user> is a liar,Emotion-appealing
subscribe now for more! listen to the meidastouch podcast!,Asserting
<user> yeah they actually set the missile off from the middle of the classroom during first period,Asserting
nobody should consider hank_scorpio_obgyn's opinions if they are going to lie so brazenly.,Asserting
"the other 1\3 of maga influencers who aren't bots are in india, pakistan, and nigeria.",Asserting
bigsmiley0tv watched bad bunny.,Asserting
bad bunny wouldn't be oldmanghost219's type of music,Analysing
it may be something conservatives use to ignore anyone else,Asserting
reasonable_oak should go kiss their pedo's ass even more.,Analysing
it bugs santaneria how gullible people were to vote trump back.,Emotion-expressing
well it’s the us.,Asserting
the wars cost american lives,Asserting
kalshion doesn't remember who said the saying,Asserting
the streisand effect is crazy.,Asserting
$2.15 was the lowest hank_scorpio_obgyn filled up gas for since covid in early-feb.,Analysing
pk84 is making sure their post is clear,Phatic-maintaining
<user> forgot to add the location of the tuskegee airmen state veteran's home,Analysing
everyone knew trumup would be with how hard he campaigned against the iran nuclear deal and how he took out soleimani in his first term.,Asserting
of course i don't believe you.,Emotion-appealing
imnopotatoperson now has to pretend they really give a shit about ukraine,Emotion-appealing
teacher never said the textbook was required,Asserting
"we dont hate immigrants, we don't hate the illegal ones either. we deport the illegal immigrants because they come here illegally, not apply for anything that allows them to",Asserting
<user> god bless you for bringing that up.,Analysing
liar says what?,Emotion-appealing
"if hank_scorpio_obgyn is not just pulling numbers out of their ass, that's the largest increase in prices nationally by a wide, wide margin.",Asserting
the guy early on in the video who was talking about california state legislature seemed to be at least fairly smart,Asserting
and i very plugged into the activist scene in my region.,Asserting
what point do kohounees think they're making here?,Pure Questioning
it’s a slap in the face when a “true” italian tells me i’m just another american,Analysing
abolished borders would be used by the elite to gain more money,Analysing
or is it just going to war with iran and not having them attack oil in the strait that you think that they had?,Assertive Questioning
trump incited jan 6 riots,Asserting
gen kelly heard trump saying veterans are 'losers' and 'suckers',Asserting
<user> because those who broke the rules are putting those who followed the rules back in the line. we don't have meaningful reform on immigration due to all the amnesty and rule breaking - which hurts those who want to do it the right way. everything your suggesting just propagates breaking of laws and excusing the lawbreakers.,Asserting
when things will become right in america again [=america withou trump],Asserting
helenem407 has no doubt. 🙏🏼,Analysing
"if someone is following in the illegal order, they will be arrested, tried and sentenced.",Asserting
"they are obsessively, painstakengly brainwashed, usually by their parents.",Asserting
they tried to give a reason why people who would want to leave can't.,Asserting
"if professor jiang is on again, they should ask him about nephalim",Asserting
marine is a marines term,Asserting
"<user> if you support killing people because they disagree with you, then maybe you’re the fascist.",Asserting
<user> really enjoyed watching <user> video while drinking their morning coffee,Emotion-expressing
meanwhile spanberger is trying to take my guns,Asserting
"not to spin off into a political screed, but the first time trump was impeached was when he was caught on tape trying to extort a foreign ally into announcing a fabricated investigation into his political opponent by withholding congressionally approved funds for said country",Asserting
the first time trump was impeached was when he was caught on tape trying to extort a foreign ally into announcing a fabricated investigation into his political opponent,Asserting
"some of the kindest, most considerate and best people in my life are mormon, lgbtq supportive people and they don't believe any vile shit like reddit, instagram and twitter will tell you,",Analysing
"byndsz is pretty sure a firefighter died in the trump shooting,",Analysing
"if you go to a protest and ask folks, they'll usually give some relatively specific thoughts on what is harming americans, america, and our collective future. relatively, because not everyone is a great political communicator, and usually, because there's always a few idiots and asshats at any and every event.",Asserting
eezay hopes the u.s. survives the next 4 years and we can be friends again,Emotion-expressing
california should quit the united states the way united kingdom left the european union.,Asserting
cplusequals is a lost cause.,Emotion-expressing
the us has systems of extensive surveillance,Asserting
just throw a dart with your eyes closed to find person without a brain.,Asserting
the attack on venezuela proved that trump only wants power and control.,Asserting
"reasonable_oak is right that not inviting the gold winning american athletes simply because they are female would be ""rude"".",Emotion-appealing
the saddest part about trump is that he cares so little about the country and its people and so much about his image and ratings.,Asserting
but i believe that stephen colbert was verbally told that he couldn't air this interview.,Analysing
hank_scorpio_obgyn could not fill their tank up anywhere in the continental us in february for $2.15 a gallon,Asserting
"even that post that showed the dhs twitter account was based in tel aviv, israel is believed by so many people",Asserting
cityboynyc is so ignorant,Asserting
nobody can get more wrong than <user>,Asserting
<user> is a proud american,Emotion-expressing
people are bound to loose their patience because the system wants their death as well.,Asserting
<user> in the us it's half the population.,Asserting
"guardian council is a body that is 50% appointees of the supreme leader, and 50% appointees of the judiciary.",Asserting
imnopotatoperson just lacks the education,Emotion-appealing
zimbabwe has a tornado touch down,Asserting
kripptonite7457 will always remember the tuskegee airmen.,Asserting
"if wordsoflove8787 supports killing people because they disagree with them, then maybe they are the fascist.",Asserting
things were ok until professr jiang stated jesuit priests are part of the illuminati,Asserting
ffs!,Emotion-expressing
do you want them to leave the country?,Pure Questioning
can johnny look into the minority persecution in syria now where many druze are being killed senselessly?,Pure Questioning
taking the island does cause short term economic harm but would immediately allow them to restart their economy once they agree to our terms,Asserting
current cbs owners are the billionaires at skydance who love trump,Asserting
the ones who tell the people not to worry about gas prices got rich thanks to supporting trump,Analysing
can someone explain?,Pure Questioning
the trump supporters putting biden stickers on gas pumps meme took off in 2022 when national average gas prices jumped to $4.20 and were sustained there for half a year peaking at almost $5 a gallon in june 2022.,Asserting
<user> white father joined the airforce to be a pilot,Asserting
half of nick fuentes' followers are mexican.,Asserting
does <user> think the american enemies who have killed american soldiers are any better than american soldiers who committed crimes?,Rhetorical Questioning
computerredneck found a beautiful conservative woman in michigan almost 25 years ago now.,Asserting
there's nothing suspicious about the advertisement of ground news,Asserting
jd vance is wearing eyeliner.,Asserting
video of charlie kirk's death shook thehadirahim to their core.,Asserting
hank_scorpio_obgyn should show cplusequals a station that went from ~$2.10-$2.30 in feb to $3.40-$3.60 now.,Asserting
us government does something north korea and china do not even do,Asserting
there was no actual intention in trump's words not to invite them and the fact that this became a whole story is ridiculous.,Asserting
"imnopotatoperson can just say ""people who disagree with us are russian bots!"" and bang, they get their little digital wiener tickled with upvotes.",Asserting
80% of liberals believe literally anything that is told to them even if it’s been proven false a multitude of times.,Asserting
trump wants more control and power,Asserting
cute_effect_8825 is asking santaneria if this is a republican forum,Analysing
male team didn't point out that trump joke was misogynistic,Analysing
they should have a plan for any conflict.,Analysing
😂😂😂😂😂😂😂😂😂😂😂😂😂,Emotion-expressing
like the medici’s of florence?,Pure Questioning
gas prices were cheaper under biden than now,Asserting
the tuskegee airman had to also surmount the impenetrable societal racism of their day,Emotion-appealing
cute_effect_8825 hasn't profited on the bombing,Asserting
dad_jokesnbutt_stuff's name is ridiculous for a grown man,Emotion-expressing
most mormons i know just don't want to leave what they were raised into.,Asserting
trump thinks that women's contribution count less simply because they're women,Asserting
"until hilldawg4president disproves that specific people weren’t put in place to achieve the previous iran's leader choosen candidate being appointed, they cannot say that helpful_blood_5509 is “believing factually incorrect things.”",Asserting
not being a chronically online looser does not make <user> ignorant,Asserting
mitch mcconnell also has a long history of conservative comments and still he is the epitome of a 'swamp creature'.,Asserting
and this democrat is just making arguments to make people angry.,Asserting
pk84 is not logical.,Analysing
the catholic church is now an absolute monarchy,Asserting
seascrapo hates what america has become.,Emotion-expressing
the video of charlie kirk getting shot was the worst thing hadi rahim has ever seen.,Asserting
"no one is jealous of the weird drunk kid rock who has a lyric that says ""i like ’em underage, see some say that’s statutory (but i say that’s mandatory)."". 😂",Asserting
the only thing golden about trump blasting dems who refused to stand for protecting americans over ‘illegal aliens’ at state of the union was the choreographed standing ovations.,Asserting
the guy was insulting mehdu,Asserting
"if the president actually gets shot, it's shocking and horrifying, but it usually means that the secret service just had a bad day.",Asserting
"hell, enw_digrif is a literal anarchist.",Asserting
"america could have a staunch, strong ally in the heart of the old ussr",Analysing
the things mormons believe are truly reprehensible,Asserting
what dead-in-red hated being pricey was textbooks.,Asserting
"leaving the us is not as easy as saying ""i think i'm going to leave now""",Asserting
yet it takes months for pump prices to go down after the perceived danger is gone..,Asserting
iranian governments don't work by having the leader appoint his successor,Asserting
jd vance wanted people to know that true american male manscapes and to visualize that.,Asserting
timcuculic should have some fun.,Emotion-appealing
reasonable_oak and timcuculic definitely agree that that attempted extortion is impeachable,Asserting
"blazerboy420 is not saying hilldawg4president is wrong, but they are not saying hilldawg4president is right.",Asserting
"<user> even in the situation of being marked down a full grade for no buying a book which wasn't stated in the sylabus, i’d be going to the dean of the department, then go up from there.",Asserting
"naval academy faculty, midshipmen, and staff were outraged by the removal of the items [related to diversity]",Asserting
most u.s. americans are originally from europe. conservative or not.,Asserting
hahahahahahaha,Emotion-expressing
this was all a hoax by colbert and talarico because they didnt want to give the black woman fair time.,Asserting
seascrapo is tired of the hyper-individualistic nature of everything.,Emotion-expressing
"i cannot wait for their prosecution, and they will be held accountable.",Asserting
women's effort doesn't matter,Asserting
<user> had to stop doing homework after seeing the video of kirk's death,Asserting
"glenn should be appointed to be ag, unequivocally.",Asserting
"jd is peter thiel’s ""boy""",Asserting
neither side in this thread has supported their point with anything other than arm chair googled info,Emotion-appealing
those protestors are the power of the future,Asserting
pwncakeironfarts has no degree,Asserting
hadi rahim couldn't pay attention in class after he saw the video of charlie kirk getting shot.,Asserting
trump cannot erase tuskegee airmen from history.,Asserting
"we, as people, feel the pain of others even when we are not directly impacted",Asserting
the items related to diveristy then has been restored a day later.,Asserting
"in short, one can explain the difference betwen how a system is supposed to work and how it works to hilldawg4president until one is blue in the face and they’ll never understand it.",Asserting
surely wouldve just handed over ukraine....right?,Analysing
only 1 out of 3 of these countries asks for social media history for tourists.,Analysing
mormon church has not endorsed polygamy in over a century.,Asserting
i'm tired of watching our taxpayer dollars go towards toppling governments,Asserting
dad_jokesnbutt_stuff should do something to make them happy,Emotion-appealing
<user> asking <user> if they are a bot was so eerie to read i got goosebumps,Emotion-expressing
<user> because it was iran.,Asserting
largest nsa data center being in utah is food for thought.,Asserting
"find a hobby dude, go outside, something.",Asserting
voters are pissed. this is how liberals get in office and send us into the iceberg.,Asserting
<user> because it takes it from laughably unbelievable to just very unlikely considering how it deviated so significantly from historical data. so many people are lying in this thread about how low gas prices were in early feb and it's embarrassing.,Asserting
"""america bad"" isn't fully a real thing",Asserting
china has a lot of buying power,Analysing
"usually, because there's always a few idiots and asshats at any and every event.",Asserting
"fucking warhawks... log off, crenshaw.",Emotion-expressing
pk84 knows biden was sniffing girls hair for 4 years during photo ops,Emotion-appealing
<user> gender is the age of idiocrasy? 😂😂,Asserting
and this could ripple into 2028 if we this war doesn't end.,Asserting
"<user> i mean the term nepotism comes from popes appointing there nephews/illegitimate children as cardinals, and a few popes had there “nephews” become pope",Asserting
you didn’t even have to join the other side's subreddit in order to be blanket banned.,Asserting
"oh wait, the iranian supreme leader picks the judiciaries boss",Analysing
<user> they do - this also means that not even china or north korea demand the level of social media history that the us does.,Asserting
you are completely certain that you know exactly how iranian government works,Asserting
it's terrible what the trump administration have done,Emotion-expressing
"we, americans, will never forget about tuskegee airmen.",Asserting
you are delusional,Asserting
does ellakersey1214 classify to use excuse of napping being a biological imperative at the age of 50?,Pure Questioning
hilldawg4president must realize that being sure they know how iranian government works while not knowing the first thing about it can apply to hilldawg4president as well,Analysing
saying anyone who disagrees with you is not a real republican is middle school politics.,Analysing
<user> my question is why is california following trump's orders and not the governors?,Pure Questioning
it is embarrassing that an insecure entitled regime would attempt to eliminate tuskegee airmen from history to feel better about their lack of honor.,Asserting
pau mooney would have a field day with trump and his administration,Asserting
"everyone will be up in arms, say its wrong to murder people.",Asserting
thehadirahim has always vehemently disagreed with kirk on 95% of issues,Asserting
<user> would vote to have glen to be ag in the next democratic administration,Asserting
republicans had options to nominate other people than trump for the presidential nominee.,Asserting
"north korea and us have long-standing, extensive surveillance systems.",Asserting
i think israel obviously intentionally bombed it.,Asserting
pretty sure they waited for biden because of covid though.,Asserting
"the point of the joke was that trump would not invite women's team unless he was afraid of being impeached, which is verbatim what he said.",Asserting
hank_scorpio_obgyn definitely did not fill their tank up anywhere in the continental us in february for $2.15 a gallon.,Asserting
professor jiang is a propagandist,Asserting
<user> there are so many heartbreaking stories already.,Asserting
cute_effect_8825 does not think anybody is going to be able to profit on the bombing situation.,Asserting
the bombing in iran has shown the hebrews to be bad at war.,Analysing
"popes are in most cases to old when elected, so they're not able to sire illegitimate sons and get them into the priesthood.",Asserting
democrats have made republican americans their enemies,Asserting
pleasant grove is going to be in the top percentile cheapest gas in the country from that time beating out historically cheaper areas in cheaper states.,Asserting
intransigence is the democrat manifesto.,Asserting
the states only the govenor can call on the national guard.,Asserting
mormons are ideal for psychological conditioning,Asserting
crazy world we live in when these small social medias make out the majority of america as violent nazis,Asserting
cute_effect_8825 is profiting at the cost of lives?,Assertive Questioning
"some of the people who are tired and are losing patience, have guns",Asserting
user is moving the goalposts,Asserting
trump refused to call in the federal troops on january 6th 2020,Asserting
"saying that americans are stupid is a senseless, overused stereotype",Emotion-appealing
“speculators” is the reason of things working like this,Asserting
issacwasabi2 is spamming no,Analysing
greatbigsteak would have pushed back hard against buying textbooks if it wasn’t stated in the syllabus that buying them is compulsory.,Asserting
trump had no actual intention not to invite the women hockey team to the state of the union.,Analysing
<user> there are companies making profit and stockholders getting rich off this war.,Asserting
so many people are lying in this thread about how low gas prices were in early feb and it's embarrassing.,Asserting
mehdi hasan's interruptions during the debate were not done to belittle or insult or be openly racist towards others.,Asserting
<user> it makes sense why they see it this way,Asserting
professor jiang is like a fortune teller of new generation,Asserting
"there really are some men with long, dark lashes",Asserting
love that the ones who tell people not to complain about gas are the ones who are worth millions...,Analysing
<user> que ignorancia dios mío !,Emotion-expressing
everything trump says is a dig,Asserting
"between david hogg and the congresswoman who harassed him when he was a kid, david hogg is not objectively worse.",Asserting
i believe that he was verbally told that he couldn't air this interview.,Asserting
hey just curious,Phatic-maintaining
"as for the joke, reasonable_oak's argument is full of flaws and contradictions.",Asserting
phirk is forgetting all the third world countries.,Asserting
that's a recipe for disaster.,Asserting
"gas prices are really only ""significantly higher"" than what we saw in 2025.",Asserting
<user> god bless are tuskegee airman!!!,Asserting
​<user> the rich can't even spend all the money they have in a thousand lifetimes!,Asserting
hadi rahim's thoughts are with charlie kirk and his family.,Emotion-expressing
people want to make everything a political issue.,Asserting
mormons obey orders like robots.,Asserting
<user> wait wait wait...,Phatic-maintaining
black people didn’t get any credit for anything.,Asserting
thr bombing shown the hebrews to be bad at war.,Asserting
democrats think christians and jews are bad.,Asserting
groceries? what an old-fashioned term.,Phatic-maintaining
liberals convey emotion rather than information with their words.,Asserting
what jd vance really meant when redifining being american was that a true american male like himself wears eyeliner.,Asserting
you're good to go and work in it,Asserting
people say the usa has a bad healthcare system just because it's not a socialist one,Emotion-appealing
why did russia wait for biden before invading ukraine?,Rhetorical Questioning
but went with this fuckery.,Emotion-expressing
<user> is joking that they love beating people up,Emotion-expressing
hank_scorpio_obgyn is probably not even from the united states.,Asserting
your ignorance just makes you sound like a child.,Asserting
"<user> actually, it's a little more like having a job you can't quit because you're not qualified for other jobs",Asserting
"""america bad"" is often not a charge levied by people against the nation",Asserting
sure.,Asserting
mormons' church has not endorsed polygamy in over a century.,Asserting
"not to mention, trump is still trying to control the allocation of government funds and the departments responsible for it, regardless if he has the power to or not.",Asserting
then they said that there were no violence during january 6th events and its participants were in fact regular people on a 'walking tour',Asserting
you are a wonderful lady for remembering the sacrifice [of black airmen],Asserting
you cannot say that others are “believing factually incorrect things.” until you prove otherwise,Asserting
<user> it is easy to leave if you provide value to another country.,Asserting
<user> that’s not what i said,Asserting
dad_jokesnbutt_stuff having made their whole personality politics and hating the right is quite sad.,Asserting
domestic maga base take all their political beliefs from whoever speaks like their inbred daddy used to speak,Emotion-appealing
china will spend not much less on defense than the us,Asserting
conservatives manipulated the public to literally vote against its own well-being and to harm and compromise its own quality of life.,Asserting
<user> lol,Emotion-expressing
"just to be sure, trim the tree to the roots (kill all khamenei's successors)",Analysing
<user> has the governor's speech from the beginning to the end right here,Asserting
you are a hyporcite because you criticize trump for being a pedophile yet you support joe biden,Analysing
i've been watching and i believe trump's got the right idea.,Analysing
<user> issacwasabi2  ts guy spamming no,Rhetorical Questioning
"<user> vices is another reason too. however, in order to do the things the cia does someone needs to have very few personal scruples",Asserting
someone is unbiased people think they are pro republican.,Asserting
north korea controls your movement continuously,Asserting
"the only guy who criticized this post saying celebrating america was ""embarassing"" was also the only one bringing up race saying i am not white by american standards.",Asserting
go suck some pedo dick you freak,Analysing
cbs told stephen colbert he cannot air his interview with james talaricon on television because the fcc wishes the equal time rule would apply to talk or entertainment shows.,Analysing
the guy talking about california legislature is kept veering off course,Asserting
"the government may be able to take the tuskegee airmen out of the history books, but they can't silence all of us telling the stories.",Asserting
"not literal, but, when you can't leave, how exactly are you expected to not stay?",Assertive Questioning
<user> is wrong,Asserting
trump's 2026 budget proposal gutted staffing in education nearly in half.,Asserting
but no one cried when obama was deporting people too.,Asserting
i’m saying both are reasonable things to think,Asserting
"i’m mexican american, brown skin, speak spanish, and i voted for trump. do i love trump? not exactly, but he’s doing far more for americans than the previous administration could ever dream.",Asserting
putin regulary mocks trump,Asserting
it's horrifying that a separate halftime show was put on out of bigotry and racism,Emotion-expressing
how many people have <user> met who think nukes are not scary?,Pure Questioning
ganjaz is happy,Emotion-expressing
but in my experience south italy is also ok. people are more or less respectful.,Asserting
school is such a scam,Asserting
<user> is the enemy,Analysing
"and yes, it is a sign that something's deeply wrong with our country.",Asserting
the left never learns.,Asserting
i'll make sure my nephew and nieces know about tuskegee airmen,Asserting
cbs have cancelled colbert.,Asserting
<user> isn’t there something in revelations about “those who say they are christians (or was it jews?) and are not”?,Rhetorical Questioning
the point of the trump's joke that he would get impeached if he didn't invite the women hockey team to the state of the union was that he would not invite them unless he was afraid of being impeached.,Asserting
u.s army staff sargent gary starks still had the gas can he used to burn down his mother's neighbor's house with him,Analysing
the russian boogeyman [russian scare] has been used as a way to channel the wealth of the american people to defense contractors for decades now.,Asserting
anyone else remember when we used to consider russia a geopolitical adversary?,Assertive Questioning
"if this is what cplusequals are getting out of this, they are a lost cause",Asserting
a congresswoman harassed david hogg when he was still a kid.,Asserting
américa! fuck yeah!! 🇺🇸🇺🇸🇺🇸,Emotion-appealing
finally somebody is standing up to dictator felon 47!!!,Emotion-appealing
"also r trump forum for exclusively pro-trump stuff. r shitpoliticssays forum is pretty right wing too, deals less with policy discussions though and more pointing out the faults in the left.",Asserting
this country isn’t ready for a discussion about voting rights for everyone,Asserting
not inviting women's team to the oval office would not be just 'rude' but sexist.,Asserting
jan 6 rioters attecked the police which tried to protect mike pence,Asserting
pwncakeironfarts is a systems administrator,Asserting
"and of course, cbs have cancelled colbert",Asserting
"if humanity was united, the 8 billion people would not keep the elites in check.",Asserting
the quote from the video shows the power of the future!!,Emotion-appealing
h3nchman_24 is one of the idiots voting to ruin america.,Analysing
the 'conservatives' have just been running the same playbook for about 50 years now.,Asserting
what hank_scorpio_obgyn says about gas prices in february is simply not true.,Asserting
"timcuculic thinks a great and classy response from the male team would have been something like ""nah mr. president, you should invite them because they won gold for our country! not because you're afraid of being impeached!""",Emotion-appealing
honestly i believe that is fantasy talk.,Asserting
the diversity related items were then restored to the training materials a day later they had been removed.,Asserting
in any government in the world reality differs from the law,Asserting
<user> you're probably really smart and worldly!,Asserting
sometimes it really helps and sometimes not,Asserting
no one in the country is thanking mxswallow.,Asserting
"north korea and china have long-standing, extensive surveillance systems.",Asserting
user is not following the question,Asserting
i have it better than most and i can still complain about it because it's bs,Asserting
andrew_balack definitely did not agree with charlie kirk.,Asserting
often the coworkers/bosses of the asshole professors don’t like them either,Asserting
"yes, <user> loves beating up those who say the usa is a ""religious hellhole""",Emotion-expressing
i love the maga politicians who tell people not to complain about gas that are the ones who are worth millions...,Asserting
have people who tell others to not complain about gas ever touched a gas pump?!?,Rhetorical Questioning
novahellfire345 is ready to have discussion about why some people shouldn't be able to vote.,Asserting
i have no control over others actions.,Emotion-appealing
i was fed american propaganda from early childhood.,Analysing
"<user> <user> they ""outed"" themselves a long time ago before this.",Analysing
democrats think men are bad.,Asserting
<user> how did biden gift wrap ukraine?,Analysing
fellow conservative are getting upvotes for saying the “right things” about ukraine from liberal bots,Asserting
the people who complained about gas prices during biden's presidency now say it is patriotic to pay more or that the gas prices are no big deal.,Asserting
white female liberals will be the first ones to ask for white men to step in and help,Emotion-appealing
"thank you, mr newsom. the patriots stand with you.",Analysing
usa made ourselves seem more vulnerable instead of strong,Asserting
"r/conservative subreddit has a decent mix of moderate republicans, centrists, maga etc.",Asserting
the democrats install whomever they want,Asserting
"<user> trying to make people feel a certain way by comparing a limited disclosure request to states that practice pervasive, non-consensual surveillance the way you are doing it is a bad faith argument and a logical mistake.",Asserting
there's also cost and the fact that your family is here.,Asserting
"awfl ['affluent white female liberal/leftis', a pejorative term used by conservatives] are the worst",Asserting
leadership is determined with several government bodies weighing in.,Asserting
<user> you get your little digital wiener tickled with upvotes.,Asserting
new elites would oppress even more if the borders were abolished,Emotion-appealing
i have only had to pay meal and board and the profession i am going into has a lot of loan forgiveness.,Asserting
leftists have been pretty open about supporting violence.,Asserting
dukeofslut grew up near salt lake city in sandy/draper.,Asserting
jiang is a hard guy to figure out,Asserting
"<user> bets <user> doesn’t know that there are other ways to get things done other than being inhumane, brutal and cruel",Asserting
trump is in fact destroying everything he touches.,Asserting
"i paid $2.59/gallon 5-6 weeks ago, and at the same gas station $3.99 per gasllon as of this morning (chicago suburbs).",Asserting
dweebulot was getting a steal!,Asserting
<user> seeing a video commenting on kirk's racism after his murder was the worst thing you’ve ever seen? are you serious? you clearly haven’t seen much my guy.,Asserting
"many mormons don't believe any vile shit like reddit, instagram and twitter will tell you they believe.",Asserting
<user> will always remember the brave black heroes who fought against fascism,Emotion-expressing
"and i'm sure the mods all have theirs mask on, too. 😷",Asserting
<user> <user> being jealous of old man pebble?,Assertive Questioning
because that was someone's child and this society has failed them.,Asserting
<user> streisand effect is a beautiful thing. ask bad bunny,Asserting
the feds heavily recruit mormons.,Asserting
i pirated my book and said i purchased digital copies.,Asserting
imagine if newson ordered local police and state to arrest any military person who breaks local and state law,Asserting
girl with half of brain went on to get a masters degree in law,Asserting
maybe do some reading/investigation before you post.,Asserting
the government even tried to erase jackie robinson's contribution to the fight against fascism,Emotion-appealing
cbs admitted they never said the interview couldn't be aired,Asserting
the guy talking about california legislature can be knowledgeable,Asserting
hank_scorpio_obgyn is not going to sit on this forum and argue over gas prices.,Asserting
there are some americans who criticise the united states and absolutely hate it.,Asserting
"then to double down and not change a single thing and to see the pattern repeat over and over and over again,",Asserting
what happened to the speech?,Pure Questioning
destroying iran's economic infrastructure really isnt usa goal,Asserting
"cbs showed what they sent stephen colbert,",Asserting
seascrapo doesn't hate america,Emotion-expressing
cute_effect_8825 has not control over what happens in a far away places,Analysing
standing up for righteousness and justice is the right thing to do,Emotion-appealing
bigsmiley0tv has watched bad bunny's half time show.,Asserting
"<user> india, pakistan, nigeria.",Analysing
"if you don't want to believe me, go ahead.",Phatic-maintaining
by large professor jiang is just a wacko,Asserting
[theinsaneshecklador user] is spreading misinformation about trump calling veterans 'suckers' and 'losers',Asserting
bluefootedpig was in class with their roommate,Asserting
some of those frustrated people have guns.,Emotion-appealing
north korea controls your movement continuously.,Asserting
communicating threats towards people isn't protected speech.,Asserting
mormons are just misguided,Asserting
the world at large had witnessed trump incite a bloody insurrection,Asserting
"bro wtf, is dannyrey3403 serious?",Rhetorical Questioning
jubilee didn’t get great people on to debate with mehdi hassan,Asserting
to say the americans deserve every bit of ridicule they get is a little broad,Asserting
you're stupid or just lack the education,Asserting
drewhempwood2113 wishes finding people without brains was a feat.,Asserting
<user> alright edit this a bit so people don't think of this comment as suggesting something else.,Asserting
trump is actively driving away all of the us allies,Asserting
"<user> oh wow wow wow. i guess i shouldn't have voted for trump. wait, i haven't voted since 08. not my problem then.",Asserting
polygamy is something that standard-ad-7504 always hear people say about mormons like it's some kind of common thing.,Asserting
it is on cplusequals if they think that high gas prices is ok.,Asserting
lindalaforest7764 can't understand why any decent person would continue to support trump,Asserting
<user> doesn't support open borders,Asserting
this father was deported and he had a 30 year old very handicapped child.,Asserting
grimaldehyde's sister in law was serious about wishing trump death,Asserting
<user> there are so many heartbreaking stories about deported people already.,Asserting
awful stands for affluent white female urban liberal,Asserting
it was disgusting to hear grimaldehyde's sister in law wants trump dead.,Asserting
<user> buddy told them he had agent orange,Asserting
“i’m here. i love america. get used to it!”,Asserting
the people worth millions who tell others not to complain about gas prices already went through grocery shopping phase.,Asserting
any late night talk show has the right to book whomever they like on the show,Analysing
a person dying doesn't suddenly turn them into a saint.,Asserting
"<user> the entirety of the person who was talking early on about california legislaure's portion of the debate all he did was talk over mehdi, insult him, call him a liar (despite being fact checked multiple times). he can be knowledgeable but he is not well-spoken, well-mannered, and kept veering off course.",Asserting
i am hooked from the start,Emotion-expressing
"probably the only major thing left to consider is if we want to do a raid to get the nuclear material they claim to have, if we even know where to look",Asserting
<user> believe the liar who constantly lies out his liar hole instead of the guy who stands up to bullies,Asserting
we do not depend on the [hormuz] straight being open/unobstructed.,Asserting
<user> is also married to a white liberal woman,Asserting
people like reasonable_oak have been conditioned to hate america,Emotion-appealing
there is zero question about the america-hating americans on reddit not being bots.,Asserting
"american were all immigrants one time. why are they so passionate about america first, when the whole ideology and nation is created out of immigrants. i don't understand the american ideology of hating other immigrants who want to come to america and do the same thing they have done one day or one time in their family line. americans are so passionate about their country, but they all know that it's not true. that america is a project, that americans are a project of all countries conquering new land and creating a new society that have become the americans or the united states of america.",Asserting
8 billion people would form own elites and oppress even more,Asserting
diamondback2085 wants to hear about how muslims took over iran,Asserting
but pope benedict xvi didn’t make his brother a bishop,Asserting
some people who tell others not to complain about gas prices make their entire living by being pro trump,Emotion-appealing
adios,Phatic-maintaining
seascrapo has realized a lot of what they thought were american values were just lies and propaganda they were fed from early childhood,Analysing
"conservatives and their corporate media conglomerates, succeeded in getting a sizable portion of the voting public to vote against their own well-being and to harm and compromise their own quality of life.",Asserting
the video affected thehadirahim not just because this time someone had actually died.,Asserting
guardian is a space force term,Asserting
if facts make you mad then its time to do some self reflection,Asserting
humanity would be united if the borders were abolished,Emotion-appealing
"one does not pay for school, but for the paper.",Asserting
theiromia can still complain about the school system,Asserting
cute_effect_8825 is not blindly following trump.,Asserting
<user> groceries?,Pure Questioning
once in a while <user> and his wife will accidentally venture into the topic of politics during conversation,Asserting
<user> thinks murdering someone for his political views is justified,Asserting
cbs have cancelled colbert due to financial issues,Asserting
you clearly haven’t seen much,Asserting
"at least stephen meyers got mentioned by trump, now.",Asserting
<user> i do not blindly follow donald trump's maga movement. i follow with a dedicated ai.,Asserting
some of the people loosing patience with the system and tired of living this way have guns.,Asserting
<user> thanks mr newsom,Asserting
wish he was here.,Asserting
"<user> it used to be called “guyliner,” but not anymore i guess….",Asserting
cutting out candidates that they don't want to win is how the democratic party works,Asserting
mxswallow is not a superhero.,Asserting
there's a lot of lunacy [in your opinion],Asserting
(the more you try to look american the more they say to hate it,Analysing
trump's 2026 budge proposal went after programs like head start and k-12 grants.,Asserting
cbs could air the interview if they gave crockett time too,Asserting
the main point of trump's joke is that a third dumb impeachment trial would be a waste of time,Emotion-appealing
"dead-in-red had to pay stupid money for very specific textbook editions, and half the time they had to be a new copy with an access code for homework which makes the used copy worthless to resell.",Asserting
<user> should use the map that us gov uses,Analysing
i can accept people from other countries thinking we're funny,Asserting
it is ironic that islamic republic of iran works the same as shahist iran,Asserting
"i grew up near salt lake city in sandy/draper. mormons will do anything they are told to in the ""name of god""",Asserting
<user> who are you kidding trump is way worse than obama,Asserting
joe biden is the real pedophile there,Asserting
even something more seriously wrong with your country.,Asserting
it is now carved in stone that democrats value illegal immigrants more than citizens.,Asserting
that's not how iranian governments works,Asserting
certain countries we've been fed with propaganda take care of their people,Asserting
the us should strengthen and improve the entire immigration process so it functions lawfully,Asserting
most of the enw_digrif knows became anarchists because they see that as the only way to fulfill america's ideals,Asserting
"i'm tired of watching our taxpayer dollars go towards killing innocent people, topple governments, and help other nations commit genocide.",Emotion-expressing
seascrapo hates what the us has become,Emotion-expressing
"shame, this seemed like a good one",Emotion-expressing
people applauding donald trump shouldn't be called americans,Asserting
who is proposing the funding cuts to education and medicare?,Analysing
r/shitpoliticssays deals less with policy discussions though and more pointing out the faults in the left.,Analysing
"you’re just not logical, but i don’t expect anything more from a deranged human who cheers for violence against his political opponents.",Asserting
what trump did effectively ended democracy in america,Analysing
it takes the whole nation to win a war.,Asserting
the us data requests do not require post archives,Asserting
identity based hate and attacks are a norm on reddit..,Asserting
oh come on.,Phatic-maintaining
the guy who was talking about california state legislature kinda owned jordan peterson by using his own logic against him,Asserting
you can be critical of trump and be a conservative.,Asserting
"it's obvious that something is wrong with the us because they do not change a single thing, even seeing the pattern repeat over and over and over again",Asserting
cplusequals actually broke into a grin when they learned the usa started bombing iran.,Emotion-expressing
<user> we will never forget who have fought against fascism to keep us all free.,Emotion-appealing
shell profits off of the united states' war with iran.,Asserting
<user> knows kirk said some wild things,Asserting
"me personally, plenty of things i hate about this country.",Emotion-expressing
why is its_all_made_up_yo assuming they want to leave?,Pure Questioning
what seascrapo hates about america is that the us has the resources to give everyone there a beautiful life,Emotion-appealing
"<user> yeah dweebulot lives in pleasant grove, ut and their local gas station at walmart went from $2.35 a gallon around february 28th to $3.64 a gallon as of today",Asserting
the one far-right conservative in jubilee's video early on who was talking about california state legislature was wrong about it.,Asserting
trump's joke was funny,Analysing
boomboombennie can't find isolationist republican,Asserting
north korea inspects devices and controls your movement continuously.,Asserting
"in my lifetime, the usa slip from the superpower to a developing nation.",Emotion-appealing
there is nothing patriotic about maga,Asserting
no one will literally shoot anyone,Asserting
"there is very little in this world that is black and white, either/ or",Asserting
the firefighters death during the trump shooting wasn't shown as graphically,Asserting
left on reddit is claiming that they'll commit crimes against others,Asserting
some comments have some sense,Asserting
"12,000 nukes officially exist",Analysing
both repealing part of the 14th amendment and detaining the united states' citizens in foreign prisons are huge violations of civil rights.,Analysing
oldmanghost219 was a fan of kid rock.,Asserting
companies have historically profited off war/times of war,Asserting
<user> people without brains are not that rare,Asserting
it seems the us really only exists to enrich a few lucky people born under the right star,Asserting
<user> none of these big scary men had the balls to say that sexist misogynist joke was wrong.,Asserting
there are more companies getting rich off of the war in iran than the ones <user> mentioned,Asserting
<user> iran bombed their own school,Asserting
"""so i haven't profited on that 😅 i dont think anybody is going to be able to."" don't be oblivious, companies have historically profited off war/times of war even if the us isn't directly involved.",Asserting
service members' dedication will not be forgotten.,Asserting
china monitors biometrics in real time,Asserting
essentially 1/6 the force that started in vietnam,Asserting
these far-right guys all have a brain,Asserting
"come with solutions, not just bitching.",Asserting
"""my culture is not your costume!""",Asserting
"you and i may not agree on much, but we definitely agree that that is not only impeachable, but should be grounds for removal from office and possible imprisonment.",Emotion-appealing
didn't biden gift wrap ukraine for the russians?,Rhetorical Questioning
would it have been better for trump not demean the female hockey team with that comment that he would not invite them unless he was afraid of being impeached?,Rhetorical Questioning
don't feel a need to defend this video.,Asserting
whether school is a scam is more of a gamble.,Asserting
it's a little more like having a job you can't quit,Asserting
are the other 1\3 of maga influencers dead in utah?,Pure Questioning
dem party install whomever they want.,Asserting
the current price for gas per gallon is $0.40 nationally below the biden price jump and $1.20 below the peak.,Asserting
"no, people would form own elites and oppress even more, like in kosovo",Asserting
"when hadi rahim found out charlie kirk was shot, he had the misfortune of seeing the video of it.",Asserting
<user> in the us people without brains is half the population.,Asserting
"the united states also have a long-standing, extensive surveillance system.",Asserting
"using the bombs accomplishes the exact same goal, just without people",Asserting
embarrassing that an insecure entitled regime would attempt to eliminate that from history to feel better about their lack of honor.,Analysing
the guardian council is 50% appointees of the supreme leader and 50% appointees of the judiciary,Asserting
the american government now demands 5-10 years of social media history for tourists.,Asserting
why did colbert lie and sleight other democrats?,Assertive Questioning
bannakaffalatta1 can honestly have a discussion about david hogg's politics.,Asserting
jd vance's party stands only for donald trump.,Asserting
whatever happens and is recorded in the us is likely to affect the assumptions and ideologies of people from any country who might interact with the products from said corporations.,Asserting
the supreme leader wouldn't just shoot them in the street,Asserting
this reddit sub is basically dead.,Analysing
"even the people at mara lago, and all the other angry people out there on the right that wanted to see something different, watched bad bunny",Asserting
the one guy early on who was talking about california state legislature seemed to be at least fairly smart even if he’s wrong about this.,Asserting
jonni_bravo must be a graduate from the learing center.,Asserting
"dweebulot lives in pleasant grove, ut and their local gas station at walmart went from $2.35 a gallon around february 28th, 2026 to $3.64 a gallon as of march 18th 2026.",Asserting
"if h3nchman_24's argument is solid, it shouldn’t need a purity test and a meltdown to prop it up.",Asserting
congress created the agencies that trump is trying to shut down.,Asserting
bigotry and racism is a prime example of creating divisions,Asserting
the 'conservatives' were just a later development in the longest con job in the history of the world.,Asserting
but refused to call in federal troops to stop the jan 6th rioters; because he was too busy enjoying watching what he was seeing.,Asserting
the trump administration are racists on a cellular level,Analysing
luisbardaless should come back to the united states when they finish watching tucker carlson's interview with nick fuentes.,Asserting
bud..,Emotion-expressing
what are the names of companies making profit off the war?,Asserting
the video of charlie kirk getting shot affected hadi rahim a lot more than the trump shooting.,Asserting
tuskegee airmen are all heroes,Asserting
i wish far-right conservatives weren't seen in public spaces that often,Asserting
<user> investigating....???what?,Assertive Questioning
the us does not have an extensive social surveillance system anywhere near the level of the china or north korea.,Asserting
"""america bad"" mindset is far more often a charge levied against people by others",Asserting
grimaldehyde doesn’t know if southerngirl360 is right,Asserting
the patriots stand with governor newsom,Asserting
trump does not count as a dictatorial opressionist government,Asserting
it will not be good if usa will cut and run from the place and the islamic republic still stands as propped up by china and russia,Assertive Questioning
<user> gets the idea of wanting to say that things like kirk's death are something that only happens in the us,Asserting
none of usa previous middle east adventures have done anything good.,Asserting
embarrassing that an insecure entitled regime would attempt to eliminate that from history to feel better about their lack of honor. smh.,Asserting
"first, candidates are selected by the guardian council,",Asserting
cute_effect_8825 doesn't follow trump blindly.,Asserting
cute_effect_8825 doesnt think anybody is going to be able to profit on the bombing,Asserting
you can explain it to them and they’ll never understand it,Asserting
because he didn't invite the gold winning american athletes simply because they are female?,Rhetorical Questioning
it’s more about the lack of vices among mormons.,Asserting
i have no control over what the big businesses do. or what's happens in a far away places.,Analysing
<user> got lucky,Emotion-expressing
it's truly important to remember and honor the sacrifices of these brave service members.,Asserting
leftists didn't even know the ceo who got shot,Asserting
affluent white female liberals are the worst.,Analysing
jd vance has pale eyes and skin and dark lashes.,Asserting
"thank you, from our heart…. 🇺🇸",Emotion-expressing
a ground operation to get nuclear material from iran should be taken under certain conditions,Asserting
people are loosing their patience with the system.,Asserting
the only real way to use freedom of speech as it was intended is to criticize the government,Asserting
"it must really enrage the toddler in chief to see seth meyers laughing and having a good time, and his audience laughing along with him.",Asserting
letting everyone vote isn’t a value to be proud of,Asserting
they [people criticizing usa] never said they wanted to leave,Analysing
"<user> is just not logical,",Emotion-appealing
<user> that poor innocent iranian regime,Emotion-appealing
😂😂😂😂,Emotion-expressing
u.s army staff sargent gary starks chopped up his mother's next door 67 year old neighbor's corpse,Analysing
"usa citizens were told we were going to ""fight them there, so we don't fight them here"" well if you carpet bomb their country, they come here.",Asserting
scotus relied upon the legal concept of “ex post facto” in trump v. anderson (2024),Asserting
<user> will pass on the bravery of the brave black heroes who fought against fascism,Analysing
it takes months for pump prices to go down after the perceived danger is gone.,Asserting
<user> trump is the  boss  and the hell with  the rest of the people  he didn't call the military on jan 6 where the rioters he incited attacked the police trying to protect   vp pense  do his job t allow the peace full transfer of govt heis such a  phony and i can  understand why any decent would continue to support him,Asserting
do the americans have to celebrate fascism now?,Rhetorical Questioning
it is naive to think that a leader who has built a legacy on “death to america” wouldn’t set up the system so that someone who shares his common interest gets put in his place if something were to happen to them,Emotion-appealing
unknownspeaker has consistently voted for candidates that said they would pull us out.,Asserting
then an assembly that iran's leader totally had no hand in selects the successor.,Asserting
talk about creating division. this is a prime example.,Asserting
will kegbreath and the trump regime be held accountable eventually?,Pure Questioning
how many lives can bob-bm3pd kill before they are covered in blood and they see the dead bodies pile in front of them every time they? walk forward,Rhetorical Questioning
<user> then i guess pk84 also turned down his invitation to the oval office then.,Asserting
"<user> not laugh, it's so easy.",Asserting
<user> you guys are so excited and don’t even know antifa it is because its not a real group.,Asserting
they can air it if they gave crockett time too.,Asserting
imnopotatoperson is just some 19-year-old polisci major or something,Analysing
"<user> no child is born to be a fascist. they are obsessively, painstakengly brainwashed, usually by their parents.",Asserting
people shouln't be bitching that everyone else is wasting their effort and going against them at every chance.,Asserting
i have no control over what's happening in far-away places,Emotion-appealing
the fcc's equal time rule doesnt apply to interviews on actually news shows.,Asserting
hank_scorpio_obgyn is either misremembering or buying from a gas station that's selling gas at a significant loss even in the cheapest areas of the united states in the cheapest week of february 2026.,Asserting
according to everyone that talks about it the majority of irans oil goes through there and the refinery there before getting shipped off,Asserting
unknownspeaker has a better understanding of politics than most.,Asserting
seascrapo expressed dissatisfaction between what they were told and what they saw,Asserting
"the situation of the whole world becoming one nations would be used by the elite to gain more power, control and money.",Asserting
"<user> you say they don't call themselves americans, or because they are illegal they don't assimilate with the culture of the americans.",Asserting
"<user> i mean, arguing over gas prices is exactly what you're doing. you definitely did not fill your tank up anywhere in the continental us in february for $2.15 a gallon. it's just wildly incredible even for the cheapest cities in the cheapest states for gas at that time. of course i don't believe you. it's simply not true.",Asserting
"but there are other ways to get things done than being inhumane, brutal and cruel.",Asserting
people should go outside,Asserting
the term nepotism comes from popes appointing their nephews or illegitimate children as cardinals.,Asserting
"there is a small comfort in the fact that the united states air force recently named a veteran's home ""the tuskagee airmen state veteran's home.""",Asserting
therefore a non invite to the women’s team would be perceived as sexist and then they would want to impeach trump for that.,Asserting
i don’t agree with any of these guys obviously,Asserting
it’s so funny to hear imnopotatoperson say domestic maga base is uneducated slime.,Asserting
<user> since when are you okay with politicians deciding what can and cannot be show on tv?,Assertive Questioning
"58,000 died for a war that was not won",Asserting
all those who fought against fascism won't be forgotten,Emotion-appealing
<user> the description in which i have stated. this explains why they are in syria.,Asserting
i was still getting screwed.,Asserting
"<user> the posts that say ""flared users only"" are the republican forums, however, they're echo chambers. some comments have some sense and they're shut down by downvotes or moderators.",Asserting
have catholic priests taken measures to continue nepotism?,Assertive Questioning
"<user> difficult migration process doesn’t make it right to migrate illegally. it is a privilege to migrate here not a right. if someone is not selected for a visa or a green card, then oh well 🤷🏽‍♂️ try someplace else or make it work in your current situation. it is not our responsibility to pander to every person who tries to migrate here from another country.",Asserting
so many people who say that school is a scam,Asserting
if meidastouch's first then surely jackandcoke is running a close second.,Asserting
being proud to be an american isn't a political side,Asserting
<user> the hypocrisy of people complaining about gas prices will never reach them.,Asserting
the president of the united states will always be a target,Asserting
tuskegee airmen deserve our respect and gratitude,Asserting
its crazy how even on this subreddit people are playing into the anti trump narrative,Analysing
democrats would want to impeach trump for being sexist.,Analysing
there's also costs of leaving the united states.,Asserting
"<user> if the rest of the world is the us then sure, the rest of the world is living in a capitalist nightmare where having a piece of paper is required to have decent jobs",Asserting
there are always a few idiots at any and every event.,Asserting
bp is getting rich off of the war in iran,Asserting
"if <user> weren't russian, they would know what every single other person in america knows",Emotion-appealing
meiguichronicles is glad they found a path without school.,Emotion-expressing
the us isn’t ready for a serious discussion about why letting everyone vote isn’t a value to be proud of,Emotion-appealing
<user> literally the only reason i know about the interview with rep. james talarico is because the government tried to hide this from me!,Asserting
many of the people cute_effect_8825 knows saw what strategic financial moves they were making.,Asserting
i hate what america has become,Asserting
blazerboy420 can explain it to hilldawg4president until they are blue in the face and they’ll never understand it,Asserting
mehdi is not wrong,Asserting
"some of the kindest, most considerate and best people in standard-ad-7504's life are mormon, lgbtq supportive people.",Asserting
kkk is alive and doing well,Emotion-appealing
vance is a creepy guy,Emotion-appealing
straw-men arguments are created to ignore someone’s actual point,Asserting
most of the folks i know became anarchists because they see that as the only way to fulfill america's ideals.,Asserting
there is a huge portion of america-hating americans on reddit and they're not just bots.,Asserting
<user> that's exactly how it worked for all intents and purposes.,Asserting
"decent mix of moderate republicans, centrists, maga etc. also r trump for exclusively pro-trump stuff.",Asserting
the capitol needed a refresh and some new windows and doors anyway.,Asserting
what's wrong with being a nationalist?,Assertive Questioning
"- yes, we understand that hilldawg4president knows how the election system in iran works. clap clap, gold star.",Asserting
<user> this country isn’t ready for a serious discussion about why letting everyone vote isn’t a value to be proud of,Asserting
why did stephen colbert lie about the reason for his conversation with james talarico not being aired on television?,Pure Questioning
one can absolutely disagree with david hogg's politics.,Asserting
blackyardjungle2562's lies are obvious and stupid.,Asserting
trump just wants citizens to feel like they have someone to focus on as a collective even though antifa's literally not a thing,Asserting
"bet you don’t know there are other way to deal with illegal immigrants that by being inhumane, brutal and cruel!",Asserting
so much for no boots on the ground.,Analysing
unfortunately user-xk8wj6hn4i​ probably doesn't know that other ways that are not inhuman,Asserting
"a man without a beard looks weird, according to vance",Asserting
"<user> even if people try to get into america through a legal way the system don't let them in. simply reject the visas even though if your profile looks good, decades to get a green card and the list goes on... so people obviously go for the other way.",Asserting
i'm leaving this group.,Emotion-appealing
imnopotatoperson just jumped on the ukraine bandwagon,Asserting
<user> good luck with being married to an affluent white female urban liberal.,Phatic-maintaining
look at any graph of world production and you will see europe crater and china rise.,Asserting
you watch some wwii documentaries,Asserting
the only point in trump's joke about getting impeached for not inviting the women's hockey team to the state of the union is about how anything he does or doesn’t do the left will be mad about and out for blood.,Analysing
people in the comments are shitting on <user> for calling kirk's death video the worst thing he's ever seen,Asserting
jd vance looks like he was a democrat,Asserting
the 332nd will be restored to their rightful place in history.,Asserting
theiromia only had to pay for meal and board at school,Asserting
"i've no sound listening here in amarillo, tx.",Analysing
"[trump] called [us army] veterans ""suckers and losers""",Asserting
the thing that happened in the us is likely to affect the assumptions and ideologies of people from any country,Asserting
i was heartbroken when tuskagee airmen' s contribution was removed.,Emotion-expressing
"they say that china is overtaking america,",Asserting
white female liberals have been intentionally indoctrinated into having mental health issues,Emotion-appealing
i'm making sure its clear,Asserting
dan-q6v1v is thanking meidastouch,Phatic-maintaining
"no one is jealous of a weird drunk who has a lyric that says ""i like ’em underage, see some say that’s statutory (but i say that’s mandatory)""",Asserting
leftists had a celebration when a white collar ceo got shot in the back walking down the street.,Asserting
has it been proven that jd vance wears eyeliner?,Assertive Questioning
people are shitting on thehadirahim for calling video of charlie kirk's murder the worst thing they have ever seen as if they don't mean it literally.,Asserting
"<user> exactly, jubilee didn’t get great people on to debate, and this democrat mehdi is just making arguments to make people angry.",Asserting
shame on europan leaders and democrats aiding a dictatorship aimed to destroy beautiful iran and iranians,Asserting
<user> you said $2.35 in your prior post not $2.53.,Asserting
fcc's equal time rule does apply to talk shows,Asserting
you are impossible to celebrate accomplishments of your country because you are too misogynistic,Analysing
"unfortunately <user> probably doesn't know there are other ways to get things done other than being inhumane, brutal and cruel",Emotion-appealing
everyone knew trumo would be hawish on iran with how hard he campaigned against the iran nuclear deal,Asserting
themarkangeli would bet that seeing seth meyers laughing and having a good time with his audience makes donald trump want to change places with his brother.,Asserting
<user> i was a fan of kid rock. liked his music. bad bunny wouldn't be my type of music.,Asserting
the world should become one nation,Analysing
if somoeone cannot school they aren’t missing out on too much,Asserting
greatbigsteak would have pushed back hard against getting a lower grade due to not owning a textbook,Asserting
trump truly believes he is changing the world for the better.,Asserting
satire evolves into real beliefs these days.,Asserting
everything trump says is intended to be offensive toward other people,Asserting
the 'conservatives' have just been running the same playbook for about 50 years now,Asserting
"china has nothing to lose in backin up anyone that will say u.s. will lose and iran will win, and plastorin them all over the internet",Asserting
thats cool.,Analysing
(and god knows i much love both italy and greece),Emotion-expressing
cute_effect_8825 hasn't profited on the bombing in iran.,Asserting
what ice is doing is so unreal.,Emotion-expressing
"currently, we're around the same price for gas as we saw in much of 2023 after this subsided.",Asserting
secretbassrigs doesn't know why shaw instead of shah keeps posting.,Asserting
greeks and italians are americans too.,Analysing
the democrats are so fucking incompetent (at best),Emotion-appealing
"this is stupid. me personally, plenty of things i hate about this country. that's why you put in effort to make it better, instead of bitching that everyone else is wasting their effort and going against them at every chance.",Asserting
<user> the tuskegee airmen's recognition will come back-i have no doubt. 🙏🏼,Asserting
d.c is the only place where only the president can call on the national guard,Asserting
the usa healthcare system has a severe obesity crisis,Asserting
because it is the right thing to do,Asserting
<user> italians 80 years ago or irish 120 years ago or africans 200 years ago didn't call themselves american either,Asserting
oh? why would that be rude? because he didn't invite the gold winning american athletes simply because they are female?,Asserting
mormons were raised in a different culture,Asserting
"<user> my dad's against illegals and says that it's because they didn't do the paperwork but than refers to mexicans as animals. the documentation bit is just an excuse. if it was really about that, the current administration would focus on getting people documented and not putting them into camps",Asserting
"“on march 8, 1965, 3,500 marines of the 9th marine expeditionary brigade arrived in da nang to protect the u.s. airbase there from viet cong attacks.”",Asserting
the us social media request is limited,Analysing
h3nchman_24 is neither intelligent nor well mannered.,Asserting
"bless iranians, and may they achieve their freedom very soon!",Asserting
i support making life easier to live and eat and pay for things.,Asserting
a gallon of gas is $3.79 where yawatt lives right now,Asserting
3500 marines were only the first boots on the ground in vietnam,Asserting
"mormons will do anything they are told to in the ""name of god"" and will not hesitate or stop to ask why.",Asserting
people won't think of connorthebluejay's comment as suggesting that they support murder of charlie kirk.,Asserting
the war with iran costs billions,Asserting
idiots and grifters attracted to rewriting roman history to fit their narrative is the common denominator in determining if someone is a grifting conspiracy theorist,Analysing
"ah yes, the classic “anyone who disagrees with me isn’t a real republican.”",Asserting
"you will be arrested, tried and sentenced",Asserting
this is how the dem party works.,Asserting
the president's authority to decide what the government funds are being spent on is being challenged as unconstitutional.,Asserting
cplusequals can't can't find a single instance of a station charging $2.10-$2.30 per gallon of gas in february 2026 in any state.,Asserting
china and north korea rely on direct surveillance instead of self-reported social media identifiers.,Asserting
the one far-right conservative in jubilee's video early on who was talking about california state legislature kept veering off course.,Asserting
cplusequals actually broke into a grin when they learned the united states started bombing iran and saw the united states got khamenei in one of the first strikes of the war.,Asserting
baron trump profits off of the united states' war with iran.,Asserting
"no, not having seen much of bad things is not a good thing.",Asserting
the girl born with only half a brain went on to get a masters degree in law,Asserting
"when things become right in america again , which many of us  throughout the world pray will be soon, the 332nd will be restored to their rightful place in history.",Asserting
does <user> have a particular country or countries in mind that they would like to see a video about?,Analysing
whatever happens and is recorded in the united states is likely to affect the assumptions and ideologies of people from any country who might interact with the products from american corporations that have a monopoly over online media.,Asserting
"""the us is investigating""",Asserting
"finding a station that went from ~$2.10-$2.30 in feb to $3.40-$3.60 now for a gallon of gas should be easy to demonstrate, but just in the feb prices alone cplusequals can't find a single instance in any state.",Emotion-appealing
trump is such a 'phony' [?],Asserting
<user> i don’t agree with any of these guys jubilee found obviously but the one early on who was talking about california state legislature seemed to be at least fairly smart even if he’s wrong about this. he was in the jordan peterson one too and he kinda owned jordan by using his own logic against him.,Asserting
the fcc rule has never applied to talk shows,Asserting
<user> too bad for that man from new york who was legal and still got deported to the el salvador death camp anyway. or the people who are currently going to their hearings to get their green card and are still deported by ice. if only your guy's actions matched your words,Asserting
"should be easy to demonstrate, but just in the feb prices alone cplusequals can't find a single instance in any state.",Asserting
"i had to pay stupid money for very specific editions, and half the time they had to be a new copy with an access code for homework",Asserting
<user> i’d have pushed back hard against this if it wasn’t stated in the syllabus,Asserting
nashtak expects the male hockey players to not laugh at trump saying he would get impeached if he did not invite the women hockey team to the state of the union.,Asserting
i like learning different ideologies and what people support,Asserting
it is native to think that system in iran is not set up to have successor being chosen according to leader's will,Asserting
"and it wouldn't have been possible, if the democrats hadn't been so fucking incompetent (at best) and corrupt.",Asserting
"(rightfully obviously, he migrated legally but went there to be a criminal so he deserved it sorry zio)",Emotion-expressing
"there isn’t a shortage of gas and the usa doesn't even get oil from iran, nor do we depend on the straight being open/unobstructed.",Asserting
que ignorancia dios mío ! un tipo que ha borrado a la hermosa y rica california ! es que no aprenden ! quieren el comunismo para lo eeuu! abran los ojos,Asserting
it's unbelievable that to white female liberals it’s okay to attempt to commit a terrorist attack,Emotion-expressing
no,Asserting
eu have open borders and it's ok,Asserting
i pirated what i could,Asserting
"if there one thing one can take from catholics is that their religious leaders and kings cannot have heirs, nor appoint successors.",Asserting
america has a lot of allies,Asserting
"<user> the difference was that mehdi was respectful and his interruptions were mostly to clarify or understand, not to belittle or insult or be openly racist towards others, which are all things multiple people in this group did to him.",Asserting
we will never forget black airmen from wwii,Asserting
but refused to do it; because he was too busy enjoying watching what he was seeing.,Analysing
"<user> that's not how iranian governments works, leadership is determined with several government bodies weighing in, not just by leader's decision",Asserting
"you can look around and pick just about any government, including the us and iran, on this planet and see that it is not working as intended",Asserting
it breaks seascrapo's heart because the homeless person was someone's child and this society has failed them.,Emotion-expressing
"professor jiang gets paid by ccp, working deeply with beijing apparatus",Analysing
the point of the joke was that trump would not invite women unless he was afraid of being impeached.,Asserting
the problem was the 'conservatives' and their corporate media conglomerates have harmed all of us just by capturing that portion of the voting population.,Asserting
canada is a deeply troubled place,Asserting
does not being a chronically online looser make <user> ignorant?,Rhetorical Questioning
"in addition, i think a great and classy response from the male team to trump saying that he would not invite the women's team unless he was afraid of being impeached would have been something like ""nah mr. president, you should invite them because they won gold for our country! not because you're afraid of being impeached!""",Asserting
kirk's death is completely on par for the us,Asserting
and i have realized a lot of what i thought were american values were just lies and propaganda i was fed from early childhood.,Asserting
foxbijou982 get the idea of wanting to laugh the indicent off and say that this is something that only happens in the us,Asserting
it's unbelievable what white liberal women support,Asserting
all government is unelected bureaucracy.,Asserting
"gas prices are really only ""significantly higher"" than what we saw in 2025 which is the only year we consistently saw low gas prices since covid.",Asserting
no one can understand what bad bunny is saying.,Asserting
something is more seriously wrong with the us,Emotion-appealing
cbs sure do love trump.,Asserting
cbs told him no because the fcc wishes it would apply,Asserting
guy talking about california state legislature was in the jordan peterson one too,Asserting
<user> you were getting a steal!,Asserting
a few popes had there “nephews” become pope,Asserting
"<user> <user> jealous of the weird drunk bad bunny who has a lyric that says ""i like ’em underage, see some say that’s statutory (but i say that’s mandatory).""?",Asserting
dad_jokesnbutt_stuff clearly cares about reasonable_oak and their opinion,Analysing
"face mcpunchy said ""i am willing to sacrifice my loose change for gas.""",Emotion-appealing
cplusequals is asking hank_scorpion_obgyn to show them a station that went from ~$2.10-$2.30 in feb to $3.40-$3.60 now and they'll retract their statements.,Asserting
and stockholders getting rich off this war.,Asserting
bluefootedpig got marked down a full letter grade,Asserting
acting like the funding cuts to education and medicare done by trump never happened just makes hottruth999 look uninformed.,Analysing
obama and biden turned a blind eye on the massacre of last revolution named mahsa amini.,Analysing
"lavendereucalyptus bets user-xk8wj6hn4i doesn’t know that there are other ways to get things done than being inhumane, brutal and cruel.",Asserting
you are no better if you think that charlie kirk's death was justified,Asserting
cplusequals did vote for trump to be hawkish on iran.,Asserting
boomboombennie asks if cute_effect_8825 can point them towards where they can find a small government republican,Analysing
popes couldn't get their illegitimate sons into the priesthood even if they wanted to,Asserting
"reasonable_oak can just say ""would be sexist"", no perception necessary",Asserting
mormons are just people who don't want to leave their comfort zone to confront the bad parts,Asserting
"well, jubilee operates in the united states.",Asserting
at first they believed that january 6th events happened because of the antifa violence.,Analysing
many of the people cute_effect_8825 knows did the strategic financial moves as them.,Asserting
conservatives allegedly cultivating tds happens entirely separate of what goes on in this subreddit.,Asserting
it'll be a record year for companies making profit on the war at this rate,Asserting
what people don’t realize is there is a direct relationship between inflation and death,Analysing
"you should come with solutions, not just 'bitching'.",Analysing
hilldawg4president clearly has no idea how the new iran's leader was actually appointed.,Asserting
there were too many wars started by us,Emotion-expressing
this kind of patriotism where russians are considered enemies must come back,Asserting
"the second impeachment resulted from the time trump incited a mob to storm the capitol to overturn the results of a free and fair election by force, thereby effectively ending democracy in america",Asserting
"the cbs can air it if they gave crockett time too. they dont want the black woman to win the primary, so they came up with this stunt to get attention for talarico and cut out crockett.",Asserting
<user> school is such a scam.,Asserting
"i wouldn't know if the all-american halftime show wa physically painful to watch, because unlike the people complaining about bad bunny, i didn't watch the ""halftime show"" that i didn't want to watch.",Asserting
it is not true that other than that island in the strait 2000 marines arent going to do much,Asserting
cute_effect_8825 is all about making it easier to eat.,Analysing
but you know we had biden sniffing girls hair for 4 years during photo ops but apparently that was ok for democrats?,Asserting
you think your job is run by incompetent people,Asserting
james talarico can definitely sway republicans to his side.,Asserting
north korea relies on systemic monitoring after entry,Asserting
<user> republicans had options to nominate others for the presidential nominee but went with this fuckery of donald trump.,Asserting
"idk bud seems like the usa doesn't require any help in that department, just not seeing enough threads that tie this one together lol",Asserting
democrats have always been the real fascists,Asserting
unknownspeaker has spent the past two decades with the entire internet freaking about american foreign involvement,Asserting
"according to vance, every american male should wear a beard",Asserting
the affluent white female liberals are called affluent white female liberals for a reason.,Analysing
mehdi hasan is just making arguments to make people angry.,Asserting
jubilee managed to find 20 people without brains.,Asserting
trump didn't attack venezuela for venezuelans to be free,Asserting
"this is inhumane, and shameful.",Emotion-appealing
technically no boots,Asserting
government now demands 5-10 years of social media history for tourists,Analysing
"saying that ""not even china or nk demand the level of social media history that the us does"" is still incorrect",Asserting
this usa isn’t ready for a serious discussion about why letting everyone vote isn’t a value to be proud of.,Asserting
mormon church is just a bunch of people who's parents all told them different stuff based on the same guidelines.,Asserting
because team's contribution counts less because they are women?,Pure Questioning
thank you.,Phatic-maintaining
"we took 5 steps forward, decided to turn around, and walk 5 steps backwards to biden era gas prices in a span of 3 weeks. it's not going to get any better with trump not ruling on boots on the ground.",Asserting
empathetic people stand up for righteousness and justice because it is the right thing to do.,Asserting
"if the president actually gets shot, it's shocking and horrifying.",Asserting
oh? why would not inviting women be rude because he didn't invite the gold winning american athletes simply because they are female?,Analysing
"i think the world should become one nation with the un as the federal government, and every country as a state.",Asserting
you can hate the current state your country is in,Analysing
why do ganjaz care what americans pay?,Pure Questioning
<user> you’re way more right wing than you pretend you’re not.,Asserting
heatgri can say what they will about mormons.,Analysing
reasonable_oak and timcuculic definitely agree that that attempted extortion should be grounds for possible imprisonment,Asserting
the gas prices have risen in the european union too.,Asserting
shifting attention from one candidate to another is how the democratic party works.,Asserting
crockett is well spoken,Asserting
the people who tell others not to complain about gas prices are worth millions that they stole.,Asserting
yours is having too much of those people who actually go mad over people dressing as another nationality.,Asserting
imagine if usa had just taken osama bin laden out in a precision strike sometime in 2004 instead of losing so many soldiers in iraq.,Asserting
many of them speak a second language.,Asserting
to everyone outside the us it's clearly known that something deeply wrong with the us due to school mass shooting,Asserting
at some point catholic priests could no longer marry or have children.,Asserting
conservatives generally like what trump is doing,Asserting
the constitutional purist republicans are hard to find these days.,Asserting
this is want i want to see more of from reddit,Asserting
jubilee managed to find 20 brainless people [here used as a derogatory term directed at 20 far-right conservatives from the youtube video],Asserting
so much for fighting the monarchy.,Asserting
the us didn't turn on the red army,Asserting
"why have unclear red lines instead of saying: if any force is used to attack our country we will use nuclear weapons, for example in pakistan?",Assertive Questioning
<user> d.c is the only place where only the president can call on the national guard. the states only the govenor can call on the national guard.,Asserting
<user> the rich couldn't spend all the money they have for a thousand lifetimes!,Analysing
if facts make josephpoveromo8086 mad then it's time to do some self reflection.,Asserting
crockett will not sway any republicans to her side,Asserting
surely trump would've just handed over ukraine...right?,Rhetorical Questioning
soldier is an army term,Asserting
gas prices in pleasant grove were just above $2.80 in mid-february and are now about $3.50. lines up about exactly with what i quoted above.,Asserting
people avoid watching videos of others dying,Asserting
my government tried to hide this video from me.,Asserting
if the world became one nation we could focus on repairing society worldwide,Emotion-appealing
you can reasonably afford school,Asserting
"children who become fascists are obsessively, painstakengly brainwashed, usually by their parents.",Asserting
andrew_black knows thehadirahim said some wild things,Asserting
is everything ok with you?,Rhetorical Questioning
southerngirl360 lives in massachusetts and they know very few people who are as left-leaning as reddit.,Asserting
if you can reasonably afford it you should go,Asserting
<user> the feds heavily recruit mormons. many of them speak a second language.,Asserting
🤬🤬🤬maga politicians are a bunch of hypocrites,Analysing
maybe if pk84 wasn’t so deranged and didn’t have so much hate in their heart then they could have a sense of humor again.,Asserting
i’d like you to name the companies and countries per your claim.,Analysing
<user> is delusional,Emotion-appealing
mormans r ideal for psychological conditioning to as they’ve proved they’ll believe anything.,Asserting
seascrapo should think about focusing on improving themselves and finding their way to a country that makes them feel better about themselves.,Asserting
<user> i don't see you upholding the constitution.,Asserting
there was a reason that the bomber pilots of the twelfth and fifteenth airforce felt hope in over 170 + missions when they saw the red tails flying escort,Emotion-appealing
seascrapo is tired of watching us taxpayer dollars go towards killing innocent people,Analysing
"it was iranian own missile which backfired,",Asserting
<user> yep we got a dictator in the white house,Asserting
"aw, mike-8381 should not be jelly.",Emotion-appealing
subreddits were blanket banning people just because you commented in the other sides subreddit.,Asserting
people should remember to think about what's going on in their own country too,Asserting
dad_jokesnbutt_stuff have made their whole personality politics and hating the right,Asserting
"well, it's probably because you're a 19-year-old redditor who just jumped on a bandwagon and now has to pretend they really give a shti about ukraine. you probably enjoy having something you can reach for that gets you some form of positive reinforcement from people. you can just say ""people who disagree with us are russian bots!"" and bang, you get your little digital wiener tickled with upvotes.",Asserting
2020 elections were fair,Asserting
among ourselves we can laugh at ourselves,Asserting
seascrape then goes on to post 3 paragraphs about everything they hate about the united states.,Asserting
the people in capitol on january 6th could rewrite the past to say they were actually helping with free demolition work,Emotion-appealing
since when are genxmiss is okay with politicians deciding what can and cannot be show on tv?,Rhetorical Questioning
small comfort that recently named a veteran's home the tuskagee airmen state veteran's home.,Asserting
i can't tell if this subreddit is satire or not,Asserting
"detaining media violates federal and state law, and also the california bane act",Asserting
whether trump shouldn't have demeaned the female hockey team depends entirely on whether reasonable_oak considers themselves a decent human being or not.,Asserting
"psl maybe, or acp, as well as the ""america evil"" variants you see in extreme right circles.",Asserting
seascrapo tried to give a reason why people who would want to leave can't,Asserting
trump blasting dems who refused to stand for protecting americans over ‘illegal aliens’ at state of the union was not a golden moment.,Asserting
jan 6th? it was interpreted by maga politicians as antifa violence.,Asserting
<user> can you point me towards where i can find the constitutional purist republicans?,Rhetorical Questioning
this whole war didn’t need to happen,Asserting
all republicans are creepy.,Asserting
i'm watching this video because my government tried to hide this from me.,Asserting
<user> that's pretty exaggerated.,Asserting
i find the sudden ubiquity of ground news suspicious,Emotion-expressing
china and north korea rely on systemic monitoring after entry,Asserting
groceries?,Pure Questioning
"or bought groceries, already went through that phase...",Asserting
"we took 5 steps forward, decided to turn around, and walk 5 steps backwards to biden era gas prices in a span of 3 weeks.",Asserting
"lorihultin is so used to the lefty slant, when someone is unbiased they think they're pro republican.",Asserting
what shooter_mcgavin27 describes is not how oil prices work.,Asserting
"and personally, i did vote for trump to be hawkish on iran. everyone knew trump would be with how hard he campaigned against the iran nuclear deal and how he took out soleimani in his first term.",Asserting
the president doesn't control the creation or destruction of the agencies trump is trying to shut down.,Analysing
"the second impeachment resulted from the time trump incited a mob to storm the capitol to overturn the results of a free and fair election by force, thereby effectively ending democracy in america.",Asserting
i have been around the world and in certain countries (about which we have been fed limitless usa propaganda) you don't see people sleeping on doorways or on the sidewalk. they take care of their people.,Asserting
i hated what he said but wtf do you expect them to do?,Pure Questioning
<user> invading another country in this era doesn't make any sense to me. i,Asserting
but had to make sure people at mara lago didn't like the real halftime show.,Analysing
"and bari weiss is a liberal, but a pretty fair one. uou are so used to the lefty slant, when someone is unbiased you think theyre pro repub.",Asserting
"mormons are a cult, and we're not even including the polygamists...",Asserting
"<user> i work in healthcare without college education, just certifications",Asserting
everyone at fox news makes their entire living by being pro trump,Emotion-appealing
2030 coming soon.,Asserting
oh and dont jack with people...it's not hard..,Asserting
connorthebluejay should edit their comment a bit so that people don't think of it as suggesting something else.,Asserting
genuinely. i'm a systems administrator with no degree and a handful of comptia certs.,Asserting
ask bad bunny,Asserting
"cbs used 'that' rule to tell him he couldn't air it,",Asserting
jd vance also meant that true american men should wear a beard,Asserting
people avoid watching videos of other people dying.,Asserting
<user> i think you are pretending it’s black and white when it most definitely is not.,Asserting
the united states does request social media identifiers on some visa and esta applications.,Asserting
the us request is limited,Asserting
it wasn't the time and place to speak up and say 'sorry mr president i feel that comment was wrong'.,Asserting
when shitposting about america one has to have some politics to it.,Asserting
blazerboy420 thinks what helpful_blood_5509 is trying to say is that there is a difference between how it is supposed to work and how it actually works.,Asserting
soltahrtiv-amanda5060 was heartbroken when their contribution was removed.,Emotion-expressing
"you guys say it's about the immigrants migrating without doing the legalization process than shut down different avenues of that process,",Asserting
"people say the usa is a ""religious hellhole"" just because it's slightly more religious than west europe and less religious than italy, portugal, malta, and most of eastern europe",Asserting
all these comments from people who love mixing call of duty gameplay with iran missile strikes by the white house are astounding.,Emotion-expressing
most of the world watched bad bunny.,Asserting
you can criticize america,Asserting
"leaving the united states as an american is not as easy as saying ""i think i'm going to leave now.""",Asserting
<user> wants to see part 2 of <user> video,Emotion-expressing
conservatives harmed all of us,Asserting
the us truly have the resources to give everyone a beautiful live.,Asserting
conservatives cultivating tds are in fact leftist pretending to be conservatvies (here called as 'fellow conservatives'),Asserting
<user> except they weren’t?,Assertive Questioning
why doesn't <user> show how american enemies have killed american soldiers?,Assertive Questioning
the us does not require post archives on applications,Analysing
europe's goverments and democrats' goverment enabled russia's invasion of ukraine,Analysing
this incident with kirk's death?,Rhetorical Questioning
video of charlie kirk's murder was the worst thing thehadirahim has ever seen.,Asserting
<user> would like a video about uk military men sentenced to life in prison,Analysing
"everyone knows by now, on september 10th, charlie kirk was murdered on a college campus in utah.",Asserting
we need to worry about fellow conservatives which blindly follow trump,Asserting
presidents have been mere puppets since kennedy.,Asserting
"<user> i've no sound listening here in amarillo, tx.  is it censorship?",Pure Questioning
"why wouldn't russia invade ukraine when trump was president, why wait for biden?",Analysing
"at this rate, it'll be a record year for the companies and stockholders who are getting rich off of the war in iran",Emotion-appealing
jd vanted wanted everyone to to know that he manscapes.,Asserting
to white female liberals it’s okay to attempt to commit a terrorist attack,Emotion-appealing
unknownspeaker is done with it.,Emotion-expressing
what happened to the governor's speech?,Rhetorical Questioning
unknownspeaker is sorry bannakaffalatta1 wasted their money.,Emotion-expressing
maga are outing themselves as bigots and racists,Asserting
"<user> blind patriatism is dangerous, how long before we're all being monitored and raided by ice for things as small as protesting while patriots are calling it freedom, all while the president claims absolute authority by using fear against us.",Asserting
most of the angry people on the right had to make sure they didn't like the real halftime show,Emotion-appealing
ex : elizabeth warren,Asserting
liberals are 'bots' (they cannot think by themselves).,Asserting
liberals can control what gets seen by most people with reddit’s downvote system.,Asserting
the 'conservatives' captured a portion of the voting population,Analysing
wi-fi-el supports abolishing borders.,Asserting
europeans made us their enemy,Asserting
iranian leaders built their legacy on 'death to america' slogans,Asserting
<user> saw ground news advertisement everywhere on youtube,Analysing
<user> gave some dollars to <user>,Asserting
we know trump loves seth meyers.,Asserting
pwncakeironfarts genuinely works in it.,Asserting
singing the national anthem isn't a political side,Asserting
a firefighter dying in the trump shooting wasn't shown as graphically in a video as charlie kirk's death.,Asserting
this father was deported,Asserting
"you're right. not inviting the women's team would be ""rude""",Asserting
vance: i'm a never trump guy. i never liked him.,Asserting
tuskegee airmen won't be forgotten as long as we share their stories with the next generation.,Asserting
reasonable_oak wishes dad_jokesnbutt_stuff the best.,Phatic-maintaining
<user> keep talking about those wonderful tuskegee airmen and all the others.,Asserting
"if it's not what jd vance's party stand for, why is he wearing eyeliner?",Rhetorical Questioning
you do not need to see what benjamin netanyahu said and what trump did in order to know if there someone above the law,Rhetorical Questioning
congress has the power of the purse.,Analysing
us has a lot of school mass shootings,Asserting
helpful_blood_5509 wonders what happens if the judiciaries tell the iranian supreme leader no,Analysing
and i can't blame men.,Asserting
"specifically, because they believe that the main obstacle to fulfilling america's ideals is the concentration of political and economic power in the hands of people driven functionally insane by the motivational structure of centralized power.",Asserting
"if americans who criticise america don't hate it, they should word their criticisms differently.",Asserting
you can enjoy your job in it,Emotion-appealing
probably seizing kharg island,Analysing
people avoid watching videos of people getting killed,Asserting
soltahrtiv-amanda5060 should keep talking about those wonderful tuskegee airmen and all the others world war ii soldiers.,Asserting
<user> that says a lot about your iq,Asserting
"kid rock has a lyric that says ""i like ’em underage, see some say that’s statutory (but i say that’s mandatory).""",Asserting
that is because they are not scared of crockett.,Asserting
"the backlash to the united states air force erasing mentions of jackie robinson was so great, they had to add mentions of him back.",Asserting
end of democracy in us is something that reasonable_oak would have celebrated.,Asserting
i’ve done it before,Asserting
<user> i believe trump and his team were caught off guard.,Asserting
<user> . who cares what you think!,Asserting
trump is a pathological liar,Asserting
"first, [supreme leader post] candidates are selected by the guardian council",Asserting
it is verbatim what trump said.,Analysing
cute_effect_8825 can be mindful of who you vote and be aware if they take money from aipac,Asserting
i’m married to one white liberal female,Asserting
republicans had options to nominate others for the presidential nominee [instead of trump],Asserting
creators are a great way to advertise,Asserting
<user> look how fast maga forgets and don't care about the epstein files.,Asserting
china's and north korea's surveillance methods also mean that not even china or north korea demand the level of social media history that the united states do.,Asserting
diamondback2085 has been trying to find the history report tousitv speaks of and they can't find it.,Asserting
it's totally shameful!!!,Analysing
"its 1 thing to worry about this devolving into an actual invasion with 100s of thousands of troops but a complete other to immediately say ""so much for no boots on the ground"" over 2k marines...",Analysing
"the point of the joke told the male hockey team was that trump would not invite them unless he was afraid of being impeached, which is verbatim what he said.",Asserting
"[you age doesn't matter in this discussion, as it is irrevelant what was happening x years ago], you should go to another subreddit (r/fuckimold)",Analysing
let’s see when the official answer comes out who’s missile was who’s?,Asserting
i wasn't alive back then (i'm18) but everyone in italy can tell you that people have lost all their charm and fun over the last three decades.,Analysing
<user> it’s more abt lack of vices among mormans. mormans r ideal for psychological conditioning to as they’ve proved they’ll believe anything.,Asserting
that meme took off in 2022 when national average gas prices jumped to $4.20 and were sustained there for half a year peaking at almost $5 a gallon in june 2022. we're $0.40 nationally below the biden price jump and $1.20 below the peak.,Emotion-appealing
seascrapo's response is like having a job where you are not qualified for any other jobs,Asserting
i'm tired of walking down the street in the us and seeing people sleeping on doorways. it breaks my heart because that was someone's child and this society has failed them. a little bit of me dies everyone i have to pretend like i don't see the homeless man curled up on the sidewalk.,Emotion-expressing
not inviting women's team to the oval office would be rude,Asserting
donald trump wishing to change places with his brother is sad.,Asserting
does tomas-o6z not have sound in texas because of censorship?,Pure Questioning
"$3.52 per gallon is the gas price hank_scorpio_obgyn paid in the morning on march 18th, 2026.",Asserting
i was heartbroken when friend of my family who was a tuskegee airman contribution was removed.,Analysing
being capable of independent thought isn’t being a sock puppet.,Asserting
the domestic maga base is an uneducated slime,Asserting
siring illegitimate children tends to get a priest defrocked these days.,Asserting
jd vance's party only stands for donald trump.,Asserting
moobeus doesn't agree with any of these guys obviously,Asserting
"so you are a [mindless] bot, then? [if you are using a 'dedicated ai']",Assertive Questioning
<user> black airmen's contributions were removed from just abt every gov't website!,Asserting
i don't hate america but i hate what it has become,Emotion-expressing
trump's deregulation is one of the primary reasons why the gas prices have absorbed the shock of war in iran so well.,Asserting
amazing what the tuskegee airman accomplished.,Asserting
"rich people (anecdotical face mcpunchy) are willing to ""sacrifice"" what is a loose change for them to pay more for gas.",Asserting
unbelievable,Emotion-expressing
the tuskegee airmen deserve nothing but our respect and gratitude.,Asserting
"after charlie's kirk death americans will be left with the same old, same old united states of america.",Asserting
us government also thinks that 'freedom of speech' means criticizing government,Asserting
<user> please stay united through these tough times,Analysing
not soldiers dying.,Emotion-appealing
blazerboy420 would argue it is naive to think that a leader who has built a legacy on “death to america” wouldn't set up the system so that someone who shares his common interest gets put in his place if something were to happen to him.,Asserting
some mormons are just people who don't know about the bad parts,Asserting
<user> knew a girl who was born with only half a brain,Asserting
tsoxiko is told that speculators are the reason for gasoline price increases.,Asserting
my actions are none of your concern.,Emotion-expressing
"that quick way out still leaves the islamic republic in charge, it validates that you can outlast america and it shows the alternate power centers of russia and china can hold their own against america and prop up their allies",Asserting
you guys are criticizing him [the author of the video] for calling it [charlie kirk killing video] the worst thing he's ever seen as if he doesn't mean it literally,Asserting
millions of europeans interfered in us elections in a way that makes russia and china look like angels.,Asserting
"<user> small comfort....they recently named a veteran's home the tuskagee airmen state veteran's home. lots of artifacts and memorabilia honoring the airmen. outside of ft. worth, texas. i forgot to add the location.",Asserting
shaking my head.,Analysing
trump is a dictator-felon,Analysing
cute_effect_8825 should not be oblivious.,Asserting
a separate halftime show was put on out of bigotry and racism,Asserting
are the medici’s of florence an example of catholic priests appointing their nephews/illegitimate children as bishops?,Assertive Questioning
usa didn’t need to be involved in iran,Asserting
hilldawg4president only knows how the appointment of iran's new leader is supposed to work.,Asserting
"frankly, i think there are a few things trump has done this month that deserve criticism from conservatives",Asserting
hank_scorpio_obgyn's claim of having bought gas at $2.15 per gallon in february 2026 is simply not true.,Asserting
farmerjoee is making a bad faith argument,Emotion-appealing
people in the us have been fed limitless propaganda about other countries,Asserting
seascrape complaining about the united states and making excuses as to why they can't leave is like having a job that you hate so much and you think is run by incompetent people but you can't quit because no one else wants to hire you because you are not qualified.,Asserting
it's so easy not to laugh at trump's joke.,Asserting
gas prices have risen in the eu too,Asserting
liberals getting into the office will send the usa into the iceberg.,Emotion-appealing
american male being defined by wearing eyeliner is literally the opposite of what jd vance's party stands for.,Asserting
the federal immigration tactics in the us are so unreal.,Emotion-expressing
connorthebluejay is a psychopath that thinks murdering someone for his political views is justified.,Asserting
helenem407 has no doubt that recognition for tuskegee airmen will come back.,Asserting
koshertriangle and his wife are mostly at odds concerning anything political.,Asserting
i was a fan of kid rock and liked his music.,Asserting
does pk84 really think that democrats who had access to the epstein files for 4 years wouldn't have released or them earlier had there been anything incriminating trump in them?,Rhetorical Questioning
"you don’t just get to waltz in here and call the usa your home you gotta follow the protocol. if you don’t, then there’s consequences 🤷🏽‍♂️ if you get pulled over for speeding, the punishment is to pay a fine. if you get caught being here illegally, the punishment is to get deported. that’s the way it is and the way it always should be. anyone using this to fuel their racism is just a dumb ass.",Asserting
i found a beautiful conservative woman,Asserting
"<user> hey just curious, when is the last time you asked a republican what they believe in? social media does not count",Asserting
democrats think illegal immigrants voting is good.,Asserting
the difference was mehdi was respectful,Asserting
"these guys are racists, bigots, and misogynists on a cellular level.",Asserting
this sub hasn't been republican for a while now,Asserting
keep the pressure on.,Asserting
"<user> good for you, the rest of the world is living in a capitalist nightmare where having a piece of paper confirming college education is required to have decent jobs.",Asserting
this is an empty talk,Asserting
the us decided to turn around when it comes to gas prices.,Asserting
"<user> siring illegitimate children tends to get a priest defrocked these days, and while the pope is above canon law, popes tend to be well past 50 when elected, so few reign long enough to be able to sire illegitimate sons and get them into the priesthood even if they wanted to.",Asserting
$2.53 is much more plausible as an outlier even if it deviates from the city average,Asserting
"<user> what, don't you like video games?",Pure Questioning
black airmen should never be forgotten,Asserting
i mean jan 6th rioters are patriots who were on basically a walking tour.,Analysing
then appointing nephews as cardinals was also stopped.,Asserting
<user> choosing iran's next leader was decided under a one-man dictatorship for all intents and purposes.,Asserting
border patrol should inform and guide people who want to come into the u.s.,Asserting
"as a result, rising oil prices may increase the cost of everyday goods and services, placing a greater financial burden on people across the united states.",Asserting
it would not be surprising to hear that they are using the same weapons,Asserting
remember how our previous strikes a few months ago set their program back years,Asserting
did <user> see the arguments they cited hundreds of times?,Rhetorical Questioning
<user> isn't any better than kirk,Emotion-appealing
u.s army staff sargent gary starks savagely murdered his mother's next door 67 year old neighbor,Asserting
best line - just bcs something isn't affecting you doesn't mean you can't stand up to something that is wrong,Asserting
there is nothing christian about maga,Asserting
"after candidates for the new leader of iran are selected, the elected representatives of the assembly of experts vote on a leader from among those candidates.",Asserting
what helpful_blood_5509 is trying to say is that there is a difference between how the appointment of iran's new leader supposed to work and how it actually works.,Asserting
to white liberal women it’s okay to attempt to commit a terrorist attack,Asserting
<user> it is easy to leave the us if you provide value to another country. make all the excuses you want but if you truly had the work ethic or talent to merit consideration for immigration in another country you could do it. think about focusing on improving yourself and finding your way to a country that makes you feel better about yourself.,Asserting
<user> what happened to the speech?,Pure Questioning
all members of trump's administration are creepy.,Asserting
many throughout the world pray things will become right in america soon.,Asserting
a few popes had their “nephews” become pope.,Asserting
cplusequals claims hank_scorpion_obgyn is probably not even from the us.,Asserting
diamondback2085 only had access to the school taught history of how muslims took over iran.,Asserting
bad bunny wouldn't be <user> type of music,Asserting
this subreddit hasn't been republican for a while now.,Asserting
computerredneck found a beautiful conservative woman,Analysing
cbs doesn't love trump,Asserting
in a church not everyone actively supports every single part of it,Asserting
<user> has always vehemently disagreed with kirk on 95% of issues,Asserting
cbs told colbert he couldn't air the interview,Analysing
you are oblivious,Asserting
but you gotta,Phatic-maintaining
there was no actual intention not to invite women's team,Asserting
you're misremembering or you're buying from a gas station that's selling at a significant loss even in the cheapest areas of the us in the cheapest week of february.,Asserting
heatgri can say what they will about mormons,Asserting
enough talk about iran.,Asserting
this wasn't a $0.15 increase.,Asserting
imnopotatoperson probably enjoys having something they can reach for that gets them some form of positive reinforcement from people.,Analysing
the difference was between mehdi hasan and the 20 far-right conservatives was than mehdi hasan was respectful.,Asserting
<user> i would love to sing for these families and it’s a song called “we will never forget”,Asserting
"and instead trump can say something like ""i look forward to hosting you and our amazing gold winning female hockey team at the white house soon!""",Asserting
it helps when the other one was physically painful to watch. 🤣,Emotion-expressing
r shitpoliticssays is pretty right wing,Asserting
what happened to the speech in the video?,Pure Questioning
democrats are corrupt,Asserting
"now congress, supreme  court  impeach this felon 47 now to save america  now!!!!!",Analysing
more women and minorities voted for trump in the 2024 elections.,Asserting
"the things mormons believe are reprehensible, truly.",Analysing
<user> there are some who absolutely hate it but they never leave.,Asserting
<user> maga is real rich.,Asserting
sitting on reddit and arguing about gas prices is exactly what hank_scorpio_obgyn is doing.,Asserting
"and personally, cplusequals did vote for trump to be hawkish on iran.",Asserting
the people in capitol on january 6th could rewrite the past to say they were on basically a walking tour,Emotion-appealing
"edit - pk84 wants to make sure its clear, the way trump and this government is acting is deplorable.",Asserting
bless your heart,Asserting
there is plenty of things seancuressadness hates about the united states.,Asserting
<user> didn't go on their phone for the entirety of the day,Asserting
who cares?,Rhetorical Questioning
keep moving money to support these big businesses,Asserting
<user> stand up for justice.,Asserting
maybe jiang is both religious and interested in how religious beliefs affect humanity,Asserting
"when nybadfish and his wife venture into the topic of politics, nybadfish ends up truly fearing for their life.",Asserting
the deregulation trump caused is one of the primary reasons why the prices have absorbed this shock of the conflict with iran so well.,Asserting
no one wants to see videos of people dying.,Asserting
we were down in the low-mid $2's,Asserting
the gas station robot__engineer is describing is located in the suburbs of chicago.,Analysing
any late night talk show has the right to book whomever they like on the show.,Asserting
just because you commented in the other sides subreddit.,Asserting
it breaks my heart,Emotion-expressing
phirk is forgetting all the third world countries,Asserting
elias's firm took trump to court and won,Asserting
dad_jokesnbutt_stuff proved reasonable_oak's point,Analysing
does pk84 not think the democrats would have used the epstein files against trump?,Rhetorical Questioning
"and usually, because there's always a few idiots and asshats at any and every event.",Asserting
soldiers are trained to obey authority in a hierarchical system,Asserting
didn't obama gift wrap crimea for russia?,Analysing
north korea controls your movement outright,Asserting
reasonable_oak and timcuculic should definitely agree that trying to extort a foreign ally into announcing a fabricated investigation into his political opponent by withholding congressionally approved funds for said country should be grounds for removal from office and possible imprisonment.,Asserting
seascrapo have been around the world and in certain countries you don't see homeless people on the streets.,Asserting
"<user> thanks for the tip, now get off my lawn!",Asserting
foxbijou982 gets the idea of wanting to laugh charlie kirk's death off and say that this is something that only happens in the us.,Asserting
khamenei named his own son his successor lol,Asserting
iambarrelrider is a republican.,Asserting
it's so easy.,Analysing
i sacrifice to educate the children [about black airmen] i come in contact with.,Asserting
"the mullahs took over, the money was set aside and drawing interest.",Asserting
the domestic maga base is uneducated slime,Analysing
trump's joke was more about trump getting impeached again than something directly about the women.,Analysing
"you believe the liar who constantly lies, instead of the guy who stands up to bullies",Asserting
"absolutely, of course for most people what you said is true.",Asserting
r/trump subreddit is good for exclusively pro-trump stuff,Asserting
maga doesn't care about the thing,Emotion-appealing
but i don’t expect anything more from a deranged human who cheers for violence against his political opponents.,Emotion-appealing
being publicly insulted by trump is pretty much a badge of honor among late night comedians.,Asserting
<user> cute_effect_8825 is all about making life easier to live and eat and pay for things.,Asserting
mormonic feds recruits take very little convincing to do terrible things,Analysing
"the national guard defend the homeland and support communities in crises like floods, fires, or pandemics,",Asserting
talarico has a devotion to christianity so strong he is working to obtain a master of divinity.,Asserting
bomber pilots of the twelfth and fifteenth airforce felt hope in over 170 + missions when they saw the red tails flying escort,Emotion-appealing
considering the government now demands 5-10 years of social media history for tourists (something north korea and china don't even do).,Analysing
the gas station robot_engineer was at is in chicago suburbs.,Asserting
maybe people will take more security measures with shooting.,Asserting
"bigsmiley0tv wouldn't know if the turning point usa-organized ""halftime show"" was painful to watch.",Asserting
"mehdi talked over people during the debate a lot, too.",Asserting
"mxswallow has told their husband that if nbc tries to pull some abc or cbs level crap, the response from jackals will be even more swift and more vociferous than the support we saw for jimmy kimmel.",Asserting
"first, candidates are selected by the guardian council, a body that is 50% appointees of the supreme leader, and 50% appointees of the judiciary. then, the elected representatives of the assembly of experts votes on a leader from among those candidates.",Asserting
the us decided to walk 5 steps backwards to biden era gas prices in a span of 3 weeks.,Asserting
call it $2.50 or $2.75 to $3.50 if you want....this is not what trump promised us.,Emotion-appealing
<user> should keep talking about those wonderful black airman,Emotion-expressing
there are somalians in minnesota,Asserting
"not literal, but, when you can't leave the us, how exactly are you expected to not stay? do you want the entire population of people who want to leave this country, but can't, to just drop into the void?",Rhetorical Questioning
seascrapo is tired of the hyper-individualistic nature of everything,Emotion-expressing
left-wing are the power/control hungry folks these days and it isn’t even close.,Asserting
<user> just abt every govenment website!,Asserting
i have receipts from a gas purchase on february 27th and 28th for $2.53 a gallon,Asserting
thelimeycanuck got a reply back the next day that comment about trump's assasination had been reviewed and was deemed to not violate reddit tos.,Asserting
the us social media identifier requirement has expanded more recently,Asserting
"even then, diabeticbutnotfat would be going to the dean of the department, then go up from there.",Asserting
so i haven't profited on the bombing situation 😅 i dont think anybody is going to be able to.,Analysing
in the us it's half the population don't have brains.,Asserting
jd vanted wanted everyone to to visualize that he manscapes.,Asserting
an $0.70 jump is more or less what the average american experienced. cplusequals' area went from $2.60 to about $3.10.,Asserting
guy in video called mehdi a liar despite being fact checked multiple times.,Asserting
things are only scarry if we are not ready for them,Asserting
the increase in gas prices lines up about exactly with what cplusquals quoted above.,Analysing
popes are above the canon law,Asserting
"seascrapo is tired of watching the us' taxpayer dollars go towards killing innocent people, topple governments, and help other nations commit genocide.",Emotion-expressing
i pirated what university textbooks i could and was still getting screwed.,Asserting
trump's cabinet are all creepy,Emotion-appealing
i got marked down a full letter grade for a class because i didn't have the required book.,Asserting
cbs admitted they never said the interview couldnt be aired.,Asserting
connorthebluejay don’t think charlie kirk deserved to be killed,Analysing
melnel25 cannot wait for the prosecution of kegbreath and the trump regime.,Asserting
<user> disprove a single argument he made?,Asserting
it would be rude if trump weren’t going to invite the women's team,Emotion-expressing
"<user> no they did not explicitly state they want to leave the us. it's called context. they didn't start their response with saying anything about alternatives to leaving. they tried to give a reason why people who would want to leave can't. they specifically replied to someone stating ""that people absolutely hate it but never leave"" and stated they don't hate america but they then go on to post 3 paragraphs about everything they hate about it.",Asserting
"<user> just to be sure, trim the tree to the roots.",Asserting
<user> keep talking about those wonderful men and all the others.,Asserting
"the comments that have some sense in posts that say ""flared users only"" are shut down by downvotes or moderators.",Asserting
i'm not a trump's blind follower because i use a 'dedicated ai'.,Asserting
"crockett is an educated, well spoken black woman.",Asserting
the rest of nato doesn’t want to back us on this because we repeatedly alienate them with unnecessary jabs and failed to sell the war’s necessity to them,Asserting
and most of the folks i know became anarchists,Asserting
<user> tbh the people jubilee found might be better people without brains,Asserting
firefighter dead during the trump's rally wasn't that graphic,Asserting
jiang has since held senior administrative and teaching positions at several prominent chinese secondary schools,Asserting
nuclear material is buried so deep under rubble that it's going to take heavy equipment and time to get it out,Asserting
<user> is okay with politicians deciding what can and cannot be shown on tv,Asserting
frenchfry14595 has not had a fair vote on a candidate in over a decade.,Analysing
after the father was deported his son died,Asserting
ain't shit nobody can do'bout funny being funny,Asserting
"carolwhocares' father made it through all the rigorous iq, personality, strength criteria till the final physical where his one damaged finger was uncovered and he was denied the pilot position.",Asserting
that sounds like lankyevilme really pray for europe's downfall.,Asserting
gas prices in pleasant grove were just above $2.80 in mid-february 2026.,Asserting
"as an italo-american, it seems weve held on to more true italian traditions and culture than many “true” italians living there today.",Asserting
the social media identifier request does not cover message contents.,Analysing
your family friends gave [a lot of sacrifice] along with a lot of others,Asserting
<user> the they?,Pure Questioning
seascrapo went on to post 3 paragraphs about everything they hate about the us,Asserting
this is how republicans are going to get schlacked in midterms (not just lose) and this could ripple into 2028 if we this war doesn't end.,Asserting
i love you,Emotion-expressing
"and for the record, a lot of mormons are just normal people, raised in a different culture. a surprisingly high amount of people will do anything they can to avoid politics or confronting the messy parts of the organizations they were raised into, so rather than being terrible horrible people who actively support a ton of evil shit, they're just people who either don't know about the bad parts or don't want to leave their comfort zone to confront them.",Asserting
<user> thought <user> would want someone who doesn't lie for ag,Asserting
the price of $2.15 per gallon is just wildly incredible even for the cheapest cities in the cheapest states for gas in february 2026.,Asserting
funny be funny,Asserting
there was no malice towards the women in that joke,Asserting
imnopotatopersn is probably not really smart or worldly.,Asserting
the profession i am going into has a lot of loan forgiveness.,Asserting
before paul mooney passed he did a concert and he shook his head at the audience and said that trump is is perfect for america. y'all got what y'all deserved.,Asserting
seascrapo has realized a lot of what they thought were american values were just lies and propaganda they were fed from early childhood.,Asserting
los estadounidenses no aprenden.,Asserting
"dweebulot lives in pleasant grove, ut and their local gas station at walmart went from $2.35 a gallon around february 28th to $3.64 a gallon as of today",Asserting
roundandroundon99 should not expect the presented level of rational thinking on reddit.,Asserting
there's always a few idiots and asshats at any and every event.,Asserting
<user> i dunno i love this american pro-war in iran propaganda lol,Asserting
cbs showed what they sent stephen colbert telling him to give jasmine crockett and other democratic primary candidates equal air time.,Asserting
"as you all know by now, on september 10th, charlie kirk was murdered on a college campus in utah.",Asserting
trump ran on gas prices,Analysing
"china will back up anyone that will say u.s. will lose and iran will win, and plastor them all over the internet",Analysing
in certain countries you don't see homeless people,Analysing
the news organization is now run by bari weiss,Asserting
margiesved3616's father lived because of tuskegee airmen.,Asserting
<user> believes the liar who constantly lies out his liar hole,Analysing
moving money will only encourage big businesses behavior.,Asserting
rip jack.,Emotion-expressing
cute_effect_8825 shouldn't be oblivious.,Analysing
that way we could stop worrying about international rivalries and focus on repairing society worldwide,Asserting
the system is actively against people,Emotion-appealing
usa exposed its weaknesses to the world,Asserting
do we want a corrupt government?,Rhetorical Questioning
apparently the us took out khamenei's temporary replacement too,Asserting
comments that make sense are shut down by downvotes or moderators.,Asserting
<user> bud.. i wish it was a feat.,Asserting
conservatives harmed us just by capturing the portion of the voting population,Asserting
<user> same here lmao.,Asserting
"<user> i think the only criticism i have of your fit, is the lack of a 64oz ""big chug"" plastic soda tanker.",Analysing
black airmen who fought in wwii won't be forgotten as long as we share their stories with the next generation.,Asserting
osdatasian likes learning different ideologies and what people support,Asserting
most of the folks enw_digrif knows became anarchists because they see that as the only way to fulfill america's ideals.,Asserting
people in the comment section under hadi rahim's video about charlie kirk being a racist should go outside.,Asserting
"would it be better to say something like ""i look forward to hosting you and our amazing gold winning female hockey team at the white house soon!"" instead of the joke trump made?",Rhetorical Questioning
pwncakeironfarts genuinely works in it,Asserting
it_about_great_reset_tyranny is interested to hear the uk side,Asserting
"china monitors network traffic,",Analysing
<user> im all about making life easier to live and eat and pay for things.,Asserting
"in theory, poking holes in the system you are part of should strengthen it",Asserting
if you're a republican that doesn't agree with trump your every post on reddit gets immediately downvoted.,Asserting
god bless all of our military.,Emotion-expressing
gas price rise in your area would be the largest increase in prices nationally by a margin [so i suppose it's not true],Asserting
same gas station in chicago suburbs is at $3.99 for gallon of gas as of this morning.,Asserting
the us does not have an extensive social surveillance system anywhere near the level of the china or nk.,Asserting
you should edit your comment so people won't think of this comment as suggesting something else.,Asserting
trump's supporters are saying it is patriotic to pay more,Asserting
<user> siring illegitimate children tends to get a priest defrocked these days,Asserting
white women were socialized into having mental health issues,Asserting
"while gas prices go up, spanberger is trying to take yawatt's guns.",Analysing
"why wouldnt russia invade when trump was pres, why wait for biden? surely wouldve just handed over ukraine....right? right??? reeeeeeee",Rhetorical Questioning
<user> was heartbroken when the tuskegee airman contribution was removed,Emotion-expressing
none of these big scary men in the team had the balls to say that sexist misogynist joke was wrong.,Asserting
"trump did not call in the military on january 6, 2020.",Asserting
some leftists try to focus on saying immigrants are italian and that what matters is talking the language and being born here,Asserting
the us isn't all powerful.,Asserting
cool story.,Analysing
of course for most people it's true they don't hate america,Asserting
"trump's ""joke"" wasn't a joke, like everything he says is a dig.",Asserting
i wouldn't know,Emotion-expressing
there was no real talk about proposed cuts to medicare at the state of the union.,Asserting
is <user> serious?,Rhetorical Questioning
<user> hahahahahahahawhat?!,Asserting
it only takes to mention ukraine to be downvoted,Asserting
us doesn’t even get oil from iran.,Asserting
why does <user> care what the americans pay for gas?,Assertive Questioning
"mehdi talked over a people a lot, too",Asserting
oh so <user> is a psychopath,Emotion-appealing
<user> your country is literally great,Asserting
"<user> the ironic part is that the current administration runs on christianity as a core principle, but then says that it is not their responsibility to pander to every person who tries to migrate here from another country.. we should welcome the less fortunate with open arms and not bar them from entry.",Asserting
is it censorship?,Assertive Questioning
seascrapo never said they wanted to leave?,Rhetorical Questioning
bruh,Phatic-maintaining
it is just as likely that iran's system was rigged for this outcome as it is likely it happened this way per standard iranian government practice.,Asserting
"yes, cbs used that rule to tell stephen colbert he couldn't air it,",Asserting
"and it wouldn't have been possible, if the democrats hadn't been so incompetent",Asserting
no one cried during obama's deporations,Asserting
<user> extremely downvoted so i think that proves we are right lol,Asserting
ultimately people like reasonable_oak have been so conditioned to hate america and american values that they find it impossible to celebrate accomplishments of those that don't fit into their narrow misogynistic world view.,Analysing
the usa healthcare system has the fourth-highest cancer incidence rate in the world,Asserting
<user> is not sure if jiang is religious or is just interested in how religious beliefs affect humanity,Asserting
"nepotism was stopped, too.",Asserting
the servicemen died because of a man like trump,Asserting
a thing happens and is recorded in the us,Asserting
"hey just curious, when was the last time imnopotatoperson asked a republican what they believe in?",Rhetorical Questioning
trump's administration is proposing funding cuts to education and medicare.,Asserting
but maga call everyone else sheep,Asserting
the pope is a monarch,Asserting
cbs has recently changed ownership,Asserting
imnopotatoperson's ignorance just makes them sound like a child,Emotion-appealing
iran wasn’t imminently about to make the bomb until it was decided that we were going to invade and we needed an ex post facto justification,Asserting
cbs could air stephen colbert's interview with james talarico if they gave jasmine crockett air time too.,Asserting
"there are some experiences of stereotypical german, english, argentinians and japanese people",Asserting
war really has no winner,Asserting
<user> what do you do?,Pure Questioning
the social media identifier request has expanded more recently.,Asserting
the us does not have an extensive social surveillance system anywhere near the level of the china or nk,Asserting
this video is kirby's dreamland,Analysing
the white liberal females in the united states are a cancer.,Asserting
